2025-10-01 14:11:50,481 - WARNING -  * Debugger is active!
2025-10-01 14:11:50,484 - INFO -  * Debugger PIN: 149-313-464
2025-10-01 14:11:50,958 - WARNING -  * Debugger is active!
2025-10-01 14:11:50,963 - INFO -  * Debugger PIN: 597-331-673
2025-10-01 14:12:03,083 - INFO -  * Detected change in 'C:\\Users\\SaadSayyed\\Desktop\\nitin_sir_7\\nitin_sir5\\test_sync_logging.py', reloading
2025-10-01 14:12:04,879 - WARNING -  * Debugger is active!
2025-10-01 14:12:04,882 - INFO -  * Debugger PIN: 597-331-673
2025-10-01 14:13:10,742 - INFO - [31m[1mWARNING: This is a development server. Do not use it in a production deployment. Use a production WSGI server instead.[0m
 * Running on http://127.0.0.1:5000
2025-10-01 14:13:10,742 - INFO - [33mPress CTRL+C to quit[0m
2025-10-01 14:13:10,745 - INFO -  * Restarting with stat
2025-10-01 14:13:12,469 - WARNING -  * Debugger is active!
2025-10-01 14:13:12,478 - INFO -  * Debugger PIN: 597-331-673
2025-10-01 14:13:16,915 - INFO - Sync tracking table created/verified
2025-10-01 14:13:17,027 - INFO - Connected to SQL Server: localhost\SQL2019_Second
2025-10-01 14:13:17,100 - INFO - Found 9 databases on localhost\SQL2019_Second
2025-10-01 14:13:17,105 - INFO - Cleaned up system table: localhostSQL2019_Second_newdb.sys_trace_xe_event_map
2025-10-01 14:13:17,108 - INFO - Cleaned up system table: localhostSQL2019_Second_newdb.sys_trace_xe_action_map
2025-10-01 14:13:17,215 - INFO - === Starting INCREMENTAL sync for database: newdb ===
2025-10-01 14:13:17,630 - INFO - [INCR SYNC] sys.trace_xe_action_map: row_count=22, sync_col=None, last_value=None
2025-10-01 14:13:17,826 - INFO - [INCR SYNC] sys.trace_xe_event_map: row_count=139, sync_col=None, last_value=None
2025-10-01 14:13:17,827 - INFO - === INCREMENTAL sync completed for newdb, 2/2 tables processed ===
2025-10-01 14:13:17,854 - INFO - MSSQLSERVER/newdb: processed 2 tables
2025-10-01 14:13:17,859 - INFO - Cleaned up system table: localhostSQL2019_Second_Saad1.sys_trace_xe_event_map
2025-10-01 14:13:17,862 - INFO - Cleaned up system table: localhostSQL2019_Second_Saad1.sys_trace_xe_action_map
2025-10-01 14:13:17,907 - INFO - === Starting INCREMENTAL sync for database: Saad1 ===
2025-10-01 14:13:18,271 - INFO - [INCR SYNC] dbo.Employees: row_count=0, sync_col=EmployeeID, last_value=None
2025-10-01 14:13:18,479 - INFO - Schema 'localhostSQL2019_Second_Saad1' created/verified successfully
2025-10-01 14:13:18,566 - INFO - Last value is None for dbo.Employees, using hash-based deduplication
2025-10-01 14:13:18,581 - INFO - Table dbo.Employees is empty, but schema ensured in PostgreSQL
2025-10-01 14:13:18,824 - INFO - [INCR SYNC] sys.trace_xe_action_map: row_count=22, sync_col=None, last_value=None
2025-10-01 14:13:19,031 - INFO - [INCR SYNC] sys.trace_xe_event_map: row_count=139, sync_col=None, last_value=None
2025-10-01 14:13:19,033 - INFO - === INCREMENTAL sync completed for Saad1, 3/3 tables processed ===
2025-10-01 14:13:19,059 - INFO - MSSQLSERVER/Saad1: processed 3 tables
2025-10-01 14:13:19,066 - INFO - Cleaned up system table: localhostSQL2019_Second_saadtest.sys_trace_xe_event_map
2025-10-01 14:13:19,069 - INFO - Cleaned up system table: localhostSQL2019_Second_saadtest.sys_trace_xe_action_map
2025-10-01 14:13:19,125 - INFO - === Starting INCREMENTAL sync for database: saadtest ===
2025-10-01 14:13:19,549 - INFO - [INCR SYNC] dbo.Employees: row_count=7, sync_col=EmployeeID, last_value=None
2025-10-01 14:13:19,702 - INFO - Schema 'localhostSQL2019_Second_saadtest' created/verified successfully
2025-10-01 14:13:19,719 - INFO - Last value is None for dbo.Employees, using hash-based deduplication
2025-10-01 14:13:19,744 - INFO - No new rows found for dbo.Employees
2025-10-01 14:13:19,998 - INFO - [INCR SYNC] sys.trace_xe_action_map: row_count=22, sync_col=None, last_value=None
2025-10-01 14:13:20,198 - INFO - [INCR SYNC] sys.trace_xe_event_map: row_count=139, sync_col=None, last_value=None
2025-10-01 14:13:20,198 - INFO - === INCREMENTAL sync completed for saadtest, 3/3 tables processed ===
2025-10-01 14:13:20,200 - INFO - MSSQLSERVER/saadtest: processed 3 tables
2025-10-01 14:13:20,205 - INFO - Cleaned up system table: localhostSQL2019_Second_SampleDB.sys_trace_xe_event_map
2025-10-01 14:13:20,207 - INFO - Cleaned up system table: localhostSQL2019_Second_SampleDB.sys_trace_xe_action_map
2025-10-01 14:13:20,246 - INFO - === Starting INCREMENTAL sync for database: SampleDB ===
2025-10-01 14:13:20,608 - INFO - [INCR SYNC] dbo.Employees: row_count=5, sync_col=EmployeeID, last_value=None
2025-10-01 14:13:20,786 - INFO - Schema 'localhostSQL2019_Second_SampleDB' created/verified successfully
2025-10-01 14:13:20,803 - INFO - Last value is None for dbo.Employees, using hash-based deduplication
2025-10-01 14:13:20,819 - INFO - No new rows found for dbo.Employees
2025-10-01 14:13:21,017 - INFO - [INCR SYNC] sys.trace_xe_action_map: row_count=22, sync_col=None, last_value=None
2025-10-01 14:13:21,208 - INFO - [INCR SYNC] sys.trace_xe_event_map: row_count=139, sync_col=None, last_value=None
2025-10-01 14:13:21,209 - INFO - === INCREMENTAL sync completed for SampleDB, 3/3 tables processed ===
2025-10-01 14:13:21,234 - INFO - MSSQLSERVER/SampleDB: processed 3 tables
2025-10-01 14:13:21,238 - INFO - Cleaned up system table: localhostSQL2019_Second_SampleDB1.sys_trace_xe_event_map
2025-10-01 14:13:21,239 - INFO - Cleaned up system table: localhostSQL2019_Second_SampleDB1.sys_trace_xe_action_map
2025-10-01 14:13:21,284 - INFO - === Starting INCREMENTAL sync for database: SampleDB1 ===
2025-10-01 14:13:21,646 - INFO - [INCR SYNC] dbo.Employees: row_count=5, sync_col=EmployeeID, last_value=None
2025-10-01 14:13:21,787 - INFO - Schema 'localhostSQL2019_Second_SampleDB1' created/verified successfully
2025-10-01 14:13:21,798 - INFO - Last value is None for dbo.Employees, using hash-based deduplication
2025-10-01 14:13:21,812 - INFO - No new rows found for dbo.Employees
2025-10-01 14:13:22,005 - INFO - [INCR SYNC] sys.trace_xe_action_map: row_count=22, sync_col=None, last_value=None
2025-10-01 14:13:22,220 - INFO - [INCR SYNC] sys.trace_xe_event_map: row_count=139, sync_col=None, last_value=None
2025-10-01 14:13:22,221 - INFO - === INCREMENTAL sync completed for SampleDB1, 3/3 tables processed ===
2025-10-01 14:13:22,223 - INFO - MSSQLSERVER/SampleDB1: processed 3 tables
2025-10-01 14:13:22,237 - INFO - Cleaned up system table: localhostSQL2019_Second_SampleDB2.sys_trace_xe_event_map
2025-10-01 14:13:22,238 - INFO - Cleaned up system table: localhostSQL2019_Second_SampleDB2.sys_trace_xe_action_map
2025-10-01 14:13:22,287 - INFO - === Starting INCREMENTAL sync for database: SampleDB2 ===
2025-10-01 14:13:22,629 - INFO - [INCR SYNC] dbo.Employees: row_count=5, sync_col=EmployeeID, last_value=None
2025-10-01 14:13:22,767 - INFO - Schema 'localhostSQL2019_Second_SampleDB2' created/verified successfully
2025-10-01 14:13:22,782 - INFO - Last value is None for dbo.Employees, using hash-based deduplication
2025-10-01 14:13:22,798 - INFO - No new rows found for dbo.Employees
2025-10-01 14:13:22,988 - INFO - [INCR SYNC] sys.trace_xe_action_map: row_count=22, sync_col=None, last_value=None
2025-10-01 14:13:23,184 - INFO - [INCR SYNC] sys.trace_xe_event_map: row_count=139, sync_col=None, last_value=None
2025-10-01 14:13:23,186 - INFO - === INCREMENTAL sync completed for SampleDB2, 3/3 tables processed ===
2025-10-01 14:13:23,190 - INFO - MSSQLSERVER/SampleDB2: processed 3 tables
2025-10-01 14:13:23,196 - INFO - Cleaned up system table: localhostSQL2019_Second_SampleDB20.sys_trace_xe_event_map
2025-10-01 14:13:23,198 - INFO - Cleaned up system table: localhostSQL2019_Second_SampleDB20.sys_trace_xe_action_map
2025-10-01 14:13:23,269 - INFO - === Starting INCREMENTAL sync for database: SampleDB20 ===
2025-10-01 14:13:23,638 - INFO - [INCR SYNC] dbo.Customers: row_count=5, sync_col=CustomerID, last_value=None
2025-10-01 14:13:23,809 - INFO - Schema 'localhostSQL2019_Second_SampleDB20' created/verified successfully
2025-10-01 14:13:23,822 - INFO - Last value is None for dbo.Customers, using hash-based deduplication
2025-10-01 14:13:23,842 - INFO - No new rows found for dbo.Customers
2025-10-01 14:13:24,076 - INFO - [INCR SYNC] sys.trace_xe_action_map: row_count=22, sync_col=None, last_value=None
2025-10-01 14:13:24,264 - INFO - [INCR SYNC] sys.trace_xe_event_map: row_count=139, sync_col=None, last_value=None
2025-10-01 14:13:24,265 - INFO - === INCREMENTAL sync completed for SampleDB20, 3/3 tables processed ===
2025-10-01 14:13:24,267 - INFO - MSSQLSERVER/SampleDB20: processed 3 tables
2025-10-01 14:13:24,271 - INFO - Cleaned up system table: localhostSQL2019_Second_SampleDB21.sys_trace_xe_event_map
2025-10-01 14:13:24,274 - INFO - Cleaned up system table: localhostSQL2019_Second_SampleDB21.sys_trace_xe_action_map
2025-10-01 14:13:24,321 - INFO - === Starting INCREMENTAL sync for database: SampleDB21 ===
2025-10-01 14:13:24,714 - INFO - [INCR SYNC] dbo.Customers: row_count=5, sync_col=CustomerID, last_value=None
2025-10-01 14:13:24,891 - INFO - Schema 'localhostSQL2019_Second_SampleDB21' created/verified successfully
2025-10-01 14:13:24,902 - INFO - Last value is None for dbo.Customers, using hash-based deduplication
2025-10-01 14:13:24,918 - INFO - No new rows found for dbo.Customers
2025-10-01 14:13:25,104 - INFO - [INCR SYNC] sys.trace_xe_action_map: row_count=22, sync_col=None, last_value=None
2025-10-01 14:13:25,280 - INFO - [INCR SYNC] sys.trace_xe_event_map: row_count=139, sync_col=None, last_value=None
2025-10-01 14:13:25,281 - INFO - === INCREMENTAL sync completed for SampleDB21, 3/3 tables processed ===
2025-10-01 14:13:25,283 - INFO - MSSQLSERVER/SampleDB21: processed 3 tables
2025-10-01 14:13:25,287 - INFO - Cleaned up system table: localhostSQL2019_Second_SampleDB3.sys_trace_xe_event_map
2025-10-01 14:13:25,289 - INFO - Cleaned up system table: localhostSQL2019_Second_SampleDB3.sys_trace_xe_action_map
2025-10-01 14:13:25,332 - INFO - === Starting INCREMENTAL sync for database: SampleDB3 ===
2025-10-01 14:13:25,650 - INFO - [INCR SYNC] dbo.Employees: row_count=5, sync_col=EmployeeID, last_value=None
2025-10-01 14:13:25,811 - INFO - Schema 'localhostSQL2019_Second_SampleDB3' created/verified successfully
2025-10-01 14:13:25,836 - INFO - Last value is None for dbo.Employees, using hash-based deduplication
2025-10-01 14:13:25,862 - INFO - No new rows found for dbo.Employees
2025-10-01 14:13:26,592 - INFO - [INCR SYNC] sys.trace_xe_action_map: row_count=22, sync_col=None, last_value=None
2025-10-01 14:13:26,846 - INFO - [INCR SYNC] sys.trace_xe_event_map: row_count=139, sync_col=None, last_value=None
2025-10-01 14:13:26,847 - INFO - === INCREMENTAL sync completed for SampleDB3, 3/3 tables processed ===
2025-10-01 14:13:26,872 - INFO - MSSQLSERVER/SampleDB3: processed 3 tables
2025-10-01 14:13:26,874 - INFO - Completed MSSQLSERVER
2025-10-01 14:13:26,967 - INFO - 127.0.0.1 - - [01/Oct/2025 14:13:26] "[32mGET /sync/MSSQLSERVER HTTP/1.1[0m" 302 -
2025-10-01 14:13:27,041 - INFO - 127.0.0.1 - - [01/Oct/2025 14:13:27] "GET / HTTP/1.1" 200 -
2025-10-01 14:15:14,506 - INFO -  * Detected change in 'C:\\Users\\SaadSayyed\\Desktop\\nitin_sir_7\\nitin_sir5\\app.py', reloading
2025-10-01 14:15:14,648 - INFO -  * Restarting with stat
2025-10-01 14:15:15,028 - INFO -  * Detected change in 'C:\\Users\\SaadSayyed\\Desktop\\nitin_sir_7\\nitin_sir5\\app.py', reloading
2025-10-01 14:15:16,393 - INFO - [INIT] Initializing Flask application...
2025-10-01 14:15:16,394 - INFO - [CONFIG] Loading configuration...
2025-10-01 14:15:16,394 - INFO - [AUTH] Authentication system ready
2025-10-01 14:15:16,395 - INFO - [DATABASE] Database connections configured
2025-10-01 14:15:16,395 - INFO - [SCHEDULER] Scheduler system active
2025-10-01 14:15:16,395 - INFO - [STARTUP] Application startup complete!
2025-10-01 14:15:16,416 - WARNING -  * Debugger is active!
2025-10-01 14:15:16,421 - INFO -  * Debugger PIN: 597-331-673
2025-10-01 14:15:17,164 - INFO - [INIT] Initializing Flask application...
2025-10-01 14:15:17,164 - INFO - [CONFIG] Loading configuration...
2025-10-01 14:15:17,165 - INFO - [AUTH] Authentication system ready
2025-10-01 14:15:17,165 - INFO - [DATABASE] Database connections configured
2025-10-01 14:15:17,165 - INFO - [SCHEDULER] Scheduler system active
2025-10-01 14:15:17,166 - INFO - [STARTUP] Application startup complete!
2025-10-01 14:15:17,182 - WARNING -  * Debugger is active!
2025-10-01 14:15:17,185 - INFO -  * Debugger PIN: 149-313-464
2025-10-01 14:15:42,656 - INFO -  * Detected change in 'C:\\Users\\SaadSayyed\\Desktop\\nitin_sir_7\\nitin_sir5\\hybrid_sync.py', reloading
2025-10-01 14:15:42,767 - INFO -  * Restarting with stat
2025-10-01 14:15:42,870 - INFO -  * Detected change in 'C:\\Users\\SaadSayyed\\Desktop\\nitin_sir_7\\nitin_sir5\\hybrid_sync.py', reloading
2025-10-01 14:15:44,474 - INFO - [INIT] Initializing Flask application...
2025-10-01 14:15:44,475 - INFO - [CONFIG] Loading configuration...
2025-10-01 14:15:44,475 - INFO - [AUTH] Authentication system ready
2025-10-01 14:15:44,476 - INFO - [DATABASE] Database connections configured
2025-10-01 14:15:44,476 - INFO - [SCHEDULER] Scheduler system active
2025-10-01 14:15:44,477 - INFO - [STARTUP] Application startup complete!
2025-10-01 14:15:44,503 - WARNING -  * Debugger is active!
2025-10-01 14:15:44,509 - INFO -  * Debugger PIN: 597-331-673
2025-10-01 14:15:44,909 - INFO - [INIT] Initializing Flask application...
2025-10-01 14:15:44,909 - INFO - [CONFIG] Loading configuration...
2025-10-01 14:15:44,909 - INFO - [AUTH] Authentication system ready
2025-10-01 14:15:44,910 - INFO - [DATABASE] Database connections configured
2025-10-01 14:15:44,910 - INFO - [SCHEDULER] Scheduler system active
2025-10-01 14:15:44,910 - INFO - [STARTUP] Application startup complete!
2025-10-01 14:15:44,932 - WARNING -  * Debugger is active!
2025-10-01 14:15:44,936 - INFO -  * Debugger PIN: 149-313-464
2025-10-01 14:16:10,664 - INFO -  * Detected change in 'C:\\Users\\SaadSayyed\\Desktop\\nitin_sir_7\\nitin_sir5\\scheduler_utils.py', reloading
2025-10-01 14:16:10,734 - INFO -  * Detected change in 'C:\\Users\\SaadSayyed\\Desktop\\nitin_sir_7\\nitin_sir5\\scheduler_utils.py', reloading
2025-10-01 14:16:10,859 - INFO -  * Restarting with stat
2025-10-01 14:16:12,340 - INFO - [INIT] Initializing Flask application...
2025-10-01 14:16:12,341 - INFO - [CONFIG] Loading configuration...
2025-10-01 14:16:12,341 - INFO - [AUTH] Authentication system ready
2025-10-01 14:16:12,342 - INFO - [DATABASE] Database connections configured
2025-10-01 14:16:12,342 - INFO - [SCHEDULER] Scheduler system active
2025-10-01 14:16:12,342 - INFO - [STARTUP] Application startup complete!
2025-10-01 14:16:12,364 - WARNING -  * Debugger is active!
2025-10-01 14:16:12,368 - INFO -  * Debugger PIN: 149-313-464
2025-10-01 14:16:12,428 - INFO - [INIT] Initializing Flask application...
2025-10-01 14:16:12,429 - INFO - [CONFIG] Loading configuration...
2025-10-01 14:16:12,429 - INFO - [AUTH] Authentication system ready
2025-10-01 14:16:12,430 - INFO - [DATABASE] Database connections configured
2025-10-01 14:16:12,430 - INFO - [SCHEDULER] Scheduler system active
2025-10-01 14:16:12,430 - INFO - [STARTUP] Application startup complete!
2025-10-01 14:16:12,448 - WARNING -  * Debugger is active!
2025-10-01 14:16:12,451 - INFO -  * Debugger PIN: 597-331-673
2025-10-01 14:18:10,679 - INFO - Sync tracking table created/verified
2025-10-01 14:18:10,794 - INFO - Connected to SQL Server: localhost
2025-10-01 14:18:10,853 - INFO - Found 3 databases on localhost
2025-10-01 14:18:10,854 - INFO - Skipping database: SampleDB (listed in skip_databases)
2025-10-01 14:18:10,857 - INFO - Cleaned up system table: localhost_SampleDB1.sys_trace_xe_event_map
2025-10-01 14:18:10,860 - INFO - Cleaned up system table: localhost_SampleDB1.sys_trace_xe_action_map
2025-10-01 14:18:11,011 - INFO - === Starting INCREMENTAL sync for database: SampleDB1 ===
2025-10-01 14:18:11,376 - INFO - [INCR SYNC] dbo.Customers: row_count=5, sync_col=CustomerID, last_value=None
2025-10-01 14:18:11,550 - INFO - Schema 'localhost_SampleDB1' created/verified successfully
2025-10-01 14:18:11,660 - INFO - Last value is None for dbo.Customers, using hash-based deduplication
2025-10-01 14:18:11,739 - INFO - No new rows found for dbo.Customers
2025-10-01 14:18:11,942 - INFO - [INCR SYNC] sys.trace_xe_action_map: row_count=22, sync_col=None, last_value=None
2025-10-01 14:18:12,179 - INFO - [INCR SYNC] sys.trace_xe_event_map: row_count=139, sync_col=None, last_value=None
2025-10-01 14:18:12,181 - INFO - === INCREMENTAL sync completed for SampleDB1, 3/3 tables processed ===
2025-10-01 14:18:12,190 - INFO - server1/SampleDB1: processed 3 tables
2025-10-01 14:18:12,195 - INFO - Cleaned up system table: localhost_SampleDB2.sys_trace_xe_event_map
2025-10-01 14:18:12,197 - INFO - Cleaned up system table: localhost_SampleDB2.sys_trace_xe_action_map
2025-10-01 14:18:12,262 - INFO - === Starting INCREMENTAL sync for database: SampleDB2 ===
2025-10-01 14:18:12,631 - INFO - [INCR SYNC] dbo.Customers: row_count=5, sync_col=CustomerID, last_value=None
2025-10-01 14:18:12,761 - INFO - Schema 'localhost_SampleDB2' created/verified successfully
2025-10-01 14:18:12,772 - INFO - Last value is None for dbo.Customers, using hash-based deduplication
2025-10-01 14:18:12,788 - INFO - No new rows found for dbo.Customers
2025-10-01 14:18:13,015 - INFO - [INCR SYNC] sys.trace_xe_action_map: row_count=22, sync_col=None, last_value=None
2025-10-01 14:18:13,258 - INFO - [INCR SYNC] sys.trace_xe_event_map: row_count=139, sync_col=None, last_value=None
2025-10-01 14:18:13,260 - INFO - === INCREMENTAL sync completed for SampleDB2, 3/3 tables processed ===
2025-10-01 14:18:13,262 - INFO - server1/SampleDB2: processed 3 tables
2025-10-01 14:18:13,265 - INFO - Completed server1
2025-10-01 14:19:53,521 - INFO - Sync tracking table created/verified
2025-10-01 14:19:53,616 - INFO - Connected to SQL Server: localhost\SQL2019_Second
2025-10-01 14:19:53,686 - INFO - Found 9 databases on localhost\SQL2019_Second
2025-10-01 14:19:53,688 - INFO - Cleaned up system table: localhostSQL2019_Second_newdb.sys_trace_xe_event_map
2025-10-01 14:19:53,690 - INFO - Cleaned up system table: localhostSQL2019_Second_newdb.sys_trace_xe_action_map
2025-10-01 14:19:53,775 - INFO - === Starting INCREMENTAL sync for database: newdb ===
2025-10-01 14:19:54,213 - INFO - [INCR SYNC] sys.trace_xe_action_map: row_count=22, sync_col=None, last_value=None
2025-10-01 14:19:54,406 - INFO - [INCR SYNC] sys.trace_xe_event_map: row_count=139, sync_col=None, last_value=None
2025-10-01 14:19:54,408 - INFO - === INCREMENTAL sync completed for newdb, 2/2 tables processed ===
2025-10-01 14:19:54,437 - INFO - MSSQLSERVER/newdb: processed 2 tables
2025-10-01 14:19:54,441 - INFO - Cleaned up system table: localhostSQL2019_Second_Saad1.sys_trace_xe_event_map
2025-10-01 14:19:54,444 - INFO - Cleaned up system table: localhostSQL2019_Second_Saad1.sys_trace_xe_action_map
2025-10-01 14:19:54,494 - INFO - === Starting INCREMENTAL sync for database: Saad1 ===
2025-10-01 14:19:54,824 - INFO - [INCR SYNC] dbo.Employees: row_count=0, sync_col=EmployeeID, last_value=None
2025-10-01 14:19:55,022 - INFO - Schema 'localhostSQL2019_Second_Saad1' created/verified successfully
2025-10-01 14:19:55,070 - INFO - Last value is None for dbo.Employees, using hash-based deduplication
2025-10-01 14:19:55,079 - INFO - Table dbo.Employees is empty, but schema ensured in PostgreSQL
2025-10-01 14:19:55,306 - INFO - [INCR SYNC] sys.trace_xe_action_map: row_count=22, sync_col=None, last_value=None
2025-10-01 14:19:55,514 - INFO - [INCR SYNC] sys.trace_xe_event_map: row_count=139, sync_col=None, last_value=None
2025-10-01 14:19:55,515 - INFO - === INCREMENTAL sync completed for Saad1, 3/3 tables processed ===
2025-10-01 14:19:55,517 - INFO - MSSQLSERVER/Saad1: processed 3 tables
2025-10-01 14:19:55,521 - INFO - Cleaned up system table: localhostSQL2019_Second_saadtest.sys_trace_xe_event_map
2025-10-01 14:19:55,522 - INFO - Cleaned up system table: localhostSQL2019_Second_saadtest.sys_trace_xe_action_map
2025-10-01 14:19:55,565 - INFO - === Starting INCREMENTAL sync for database: saadtest ===
2025-10-01 14:19:55,904 - INFO - [INCR SYNC] dbo.Employees: row_count=7, sync_col=EmployeeID, last_value=None
2025-10-01 14:19:56,065 - INFO - Schema 'localhostSQL2019_Second_saadtest' created/verified successfully
2025-10-01 14:19:56,080 - INFO - Last value is None for dbo.Employees, using hash-based deduplication
2025-10-01 14:19:56,126 - INFO - No new rows found for dbo.Employees
2025-10-01 14:19:56,332 - INFO - [INCR SYNC] sys.trace_xe_action_map: row_count=22, sync_col=None, last_value=None
2025-10-01 14:19:56,520 - INFO - [INCR SYNC] sys.trace_xe_event_map: row_count=139, sync_col=None, last_value=None
2025-10-01 14:19:56,520 - INFO - === INCREMENTAL sync completed for saadtest, 3/3 tables processed ===
2025-10-01 14:19:56,545 - INFO - MSSQLSERVER/saadtest: processed 3 tables
2025-10-01 14:19:56,555 - INFO - Cleaned up system table: localhostSQL2019_Second_SampleDB.sys_trace_xe_event_map
2025-10-01 14:19:56,557 - INFO - Cleaned up system table: localhostSQL2019_Second_SampleDB.sys_trace_xe_action_map
2025-10-01 14:19:56,618 - INFO - === Starting INCREMENTAL sync for database: SampleDB ===
2025-10-01 14:19:57,016 - INFO - [INCR SYNC] dbo.Employees: row_count=5, sync_col=EmployeeID, last_value=None
2025-10-01 14:19:57,237 - INFO - Schema 'localhostSQL2019_Second_SampleDB' created/verified successfully
2025-10-01 14:19:57,261 - INFO - Last value is None for dbo.Employees, using hash-based deduplication
2025-10-01 14:19:57,287 - INFO - No new rows found for dbo.Employees
2025-10-01 14:19:57,551 - INFO - [INCR SYNC] sys.trace_xe_action_map: row_count=22, sync_col=None, last_value=None
2025-10-01 14:19:57,747 - INFO - [INCR SYNC] sys.trace_xe_event_map: row_count=139, sync_col=None, last_value=None
2025-10-01 14:19:57,749 - INFO - === INCREMENTAL sync completed for SampleDB, 3/3 tables processed ===
2025-10-01 14:19:57,753 - INFO - MSSQLSERVER/SampleDB: processed 3 tables
2025-10-01 14:19:57,758 - INFO - Cleaned up system table: localhostSQL2019_Second_SampleDB1.sys_trace_xe_event_map
2025-10-01 14:19:57,760 - INFO - Cleaned up system table: localhostSQL2019_Second_SampleDB1.sys_trace_xe_action_map
2025-10-01 14:19:57,812 - INFO - === Starting INCREMENTAL sync for database: SampleDB1 ===
2025-10-01 14:19:58,202 - INFO - [INCR SYNC] dbo.Employees: row_count=5, sync_col=EmployeeID, last_value=None
2025-10-01 14:19:58,361 - INFO - Schema 'localhostSQL2019_Second_SampleDB1' created/verified successfully
2025-10-01 14:19:58,398 - INFO - Last value is None for dbo.Employees, using hash-based deduplication
2025-10-01 14:19:58,413 - INFO - No new rows found for dbo.Employees
2025-10-01 14:19:58,635 - INFO - [INCR SYNC] sys.trace_xe_action_map: row_count=22, sync_col=None, last_value=None
2025-10-01 14:19:58,818 - INFO - [INCR SYNC] sys.trace_xe_event_map: row_count=139, sync_col=None, last_value=None
2025-10-01 14:19:58,820 - INFO - === INCREMENTAL sync completed for SampleDB1, 3/3 tables processed ===
2025-10-01 14:19:58,844 - INFO - MSSQLSERVER/SampleDB1: processed 3 tables
2025-10-01 14:19:58,849 - INFO - Cleaned up system table: localhostSQL2019_Second_SampleDB2.sys_trace_xe_event_map
2025-10-01 14:19:58,851 - INFO - Cleaned up system table: localhostSQL2019_Second_SampleDB2.sys_trace_xe_action_map
2025-10-01 14:19:58,892 - INFO - === Starting INCREMENTAL sync for database: SampleDB2 ===
2025-10-01 14:19:59,220 - INFO - [INCR SYNC] dbo.Employees: row_count=5, sync_col=EmployeeID, last_value=None
2025-10-01 14:19:59,340 - INFO - Schema 'localhostSQL2019_Second_SampleDB2' created/verified successfully
2025-10-01 14:19:59,351 - INFO - Last value is None for dbo.Employees, using hash-based deduplication
2025-10-01 14:19:59,366 - INFO - No new rows found for dbo.Employees
2025-10-01 14:19:59,551 - INFO - [INCR SYNC] sys.trace_xe_action_map: row_count=22, sync_col=None, last_value=None
2025-10-01 14:19:59,734 - INFO - [INCR SYNC] sys.trace_xe_event_map: row_count=139, sync_col=None, last_value=None
2025-10-01 14:19:59,735 - INFO - === INCREMENTAL sync completed for SampleDB2, 3/3 tables processed ===
2025-10-01 14:19:59,737 - INFO - MSSQLSERVER/SampleDB2: processed 3 tables
2025-10-01 14:19:59,738 - INFO - Cleaned up system table: localhostSQL2019_Second_SampleDB20.sys_trace_xe_event_map
2025-10-01 14:19:59,740 - INFO - Cleaned up system table: localhostSQL2019_Second_SampleDB20.sys_trace_xe_action_map
2025-10-01 14:19:59,783 - INFO - === Starting INCREMENTAL sync for database: SampleDB20 ===
2025-10-01 14:20:00,236 - INFO - [INCR SYNC] dbo.Customers: row_count=5, sync_col=CustomerID, last_value=None
2025-10-01 14:20:00,476 - INFO - Schema 'localhostSQL2019_Second_SampleDB20' created/verified successfully
2025-10-01 14:20:00,492 - INFO - Last value is None for dbo.Customers, using hash-based deduplication
2025-10-01 14:20:00,513 - INFO - No new rows found for dbo.Customers
2025-10-01 14:20:00,734 - INFO - [INCR SYNC] sys.trace_xe_action_map: row_count=22, sync_col=None, last_value=None
2025-10-01 14:20:00,924 - INFO - [INCR SYNC] sys.trace_xe_event_map: row_count=139, sync_col=None, last_value=None
2025-10-01 14:20:00,925 - INFO - === INCREMENTAL sync completed for SampleDB20, 3/3 tables processed ===
2025-10-01 14:20:00,928 - INFO - MSSQLSERVER/SampleDB20: processed 3 tables
2025-10-01 14:20:00,931 - INFO - Cleaned up system table: localhostSQL2019_Second_SampleDB21.sys_trace_xe_event_map
2025-10-01 14:20:00,932 - INFO - Cleaned up system table: localhostSQL2019_Second_SampleDB21.sys_trace_xe_action_map
2025-10-01 14:20:00,980 - INFO - === Starting INCREMENTAL sync for database: SampleDB21 ===
2025-10-01 14:20:01,296 - INFO - [INCR SYNC] dbo.Customers: row_count=5, sync_col=CustomerID, last_value=None
2025-10-01 14:20:01,446 - INFO - Schema 'localhostSQL2019_Second_SampleDB21' created/verified successfully
2025-10-01 14:20:01,459 - INFO - Last value is None for dbo.Customers, using hash-based deduplication
2025-10-01 14:20:01,477 - INFO - No new rows found for dbo.Customers
2025-10-01 14:20:01,697 - INFO - [INCR SYNC] sys.trace_xe_action_map: row_count=22, sync_col=None, last_value=None
2025-10-01 14:20:01,833 - INFO - Sync tracking table created/verified
2025-10-01 14:20:01,877 - INFO - [INCR SYNC] sys.trace_xe_event_map: row_count=139, sync_col=None, last_value=None
2025-10-01 14:20:01,879 - INFO - === INCREMENTAL sync completed for SampleDB21, 3/3 tables processed ===
2025-10-01 14:20:01,882 - INFO - MSSQLSERVER/SampleDB21: processed 3 tables
2025-10-01 14:20:01,886 - INFO - Cleaned up system table: localhostSQL2019_Second_SampleDB3.sys_trace_xe_event_map
2025-10-01 14:20:01,888 - INFO - Cleaned up system table: localhostSQL2019_Second_SampleDB3.sys_trace_xe_action_map
2025-10-01 14:20:01,895 - INFO - Connected to SQL Server: localhost
2025-10-01 14:20:01,936 - INFO - === Starting INCREMENTAL sync for database: SampleDB3 ===
2025-10-01 14:20:01,949 - INFO - Found 3 databases on localhost
2025-10-01 14:20:01,950 - INFO - Skipping database: SampleDB (listed in skip_databases)
2025-10-01 14:20:01,951 - INFO - Cleaned up system table: localhost_SampleDB1.sys_trace_xe_event_map
2025-10-01 14:20:01,953 - INFO - Cleaned up system table: localhost_SampleDB1.sys_trace_xe_action_map
2025-10-01 14:20:01,999 - INFO - === Starting INCREMENTAL sync for database: SampleDB1 ===
2025-10-01 14:20:02,258 - INFO - [INCR SYNC] dbo.Employees: row_count=5, sync_col=EmployeeID, last_value=None
2025-10-01 14:20:02,356 - INFO - [INCR SYNC] dbo.Customers: row_count=5, sync_col=CustomerID, last_value=None
2025-10-01 14:20:02,421 - INFO - Schema 'localhostSQL2019_Second_SampleDB3' created/verified successfully
2025-10-01 14:20:02,437 - INFO - Last value is None for dbo.Employees, using hash-based deduplication
2025-10-01 14:20:02,449 - INFO - No new rows found for dbo.Employees
2025-10-01 14:20:02,580 - INFO - Schema 'localhost_SampleDB1' created/verified successfully
2025-10-01 14:20:02,635 - INFO - Last value is None for dbo.Customers, using hash-based deduplication
2025-10-01 14:20:02,645 - INFO - No new rows found for dbo.Customers
2025-10-01 14:20:02,748 - INFO - [INCR SYNC] sys.trace_xe_action_map: row_count=22, sync_col=None, last_value=None
2025-10-01 14:20:02,863 - INFO - [INCR SYNC] sys.trace_xe_action_map: row_count=22, sync_col=None, last_value=None
2025-10-01 14:20:02,938 - INFO - [INCR SYNC] sys.trace_xe_event_map: row_count=139, sync_col=None, last_value=None
2025-10-01 14:20:02,939 - INFO - === INCREMENTAL sync completed for SampleDB3, 3/3 tables processed ===
2025-10-01 14:20:02,964 - INFO - MSSQLSERVER/SampleDB3: processed 3 tables
2025-10-01 14:20:02,967 - INFO - Completed MSSQLSERVER
2025-10-01 14:20:03,057 - INFO - 127.0.0.1 - - [01/Oct/2025 14:20:03] "[32mGET /sync/MSSQLSERVER HTTP/1.1[0m" 302 -
2025-10-01 14:20:03,092 - INFO - [INCR SYNC] sys.trace_xe_event_map: row_count=139, sync_col=None, last_value=None
2025-10-01 14:20:03,093 - INFO - === INCREMENTAL sync completed for SampleDB1, 3/3 tables processed ===
2025-10-01 14:20:03,096 - INFO - server1/SampleDB1: processed 3 tables
2025-10-01 14:20:03,100 - INFO - Cleaned up system table: localhost_SampleDB2.sys_trace_xe_event_map
2025-10-01 14:20:03,101 - INFO - Cleaned up system table: localhost_SampleDB2.sys_trace_xe_action_map
2025-10-01 14:20:03,142 - INFO - === Starting INCREMENTAL sync for database: SampleDB2 ===
2025-10-01 14:20:03,403 - INFO - 127.0.0.1 - - [01/Oct/2025 14:20:03] "GET / HTTP/1.1" 200 -
2025-10-01 14:20:03,459 - INFO - [INCR SYNC] dbo.Customers: row_count=5, sync_col=CustomerID, last_value=None
2025-10-01 14:20:03,624 - INFO - Schema 'localhost_SampleDB2' created/verified successfully
2025-10-01 14:20:03,643 - INFO - Last value is None for dbo.Customers, using hash-based deduplication
2025-10-01 14:20:03,663 - INFO - No new rows found for dbo.Customers
2025-10-01 14:20:03,897 - INFO - [INCR SYNC] sys.trace_xe_action_map: row_count=22, sync_col=None, last_value=None
2025-10-01 14:20:04,129 - INFO - [INCR SYNC] sys.trace_xe_event_map: row_count=139, sync_col=None, last_value=None
2025-10-01 14:20:04,131 - INFO - === INCREMENTAL sync completed for SampleDB2, 3/3 tables processed ===
2025-10-01 14:20:04,135 - INFO - server1/SampleDB2: processed 3 tables
2025-10-01 14:20:04,140 - INFO - Completed server1
2025-10-01 14:20:04,286 - INFO - 127.0.0.1 - - [01/Oct/2025 14:20:04] "[32mGET /sync/server1 HTTP/1.1[0m" 302 -
2025-10-01 14:20:04,629 - INFO - 127.0.0.1 - - [01/Oct/2025 14:20:04] "GET / HTTP/1.1" 200 -
2025-10-01 14:20:11,016 - INFO - Sync tracking table created/verified
2025-10-01 14:20:11,032 - INFO - Connected to SQL Server: localhost\SQL2019_Second
2025-10-01 14:20:11,163 - INFO - Found 9 databases on localhost\SQL2019_Second
2025-10-01 14:20:11,167 - INFO - Cleaned up system table: localhostSQL2019_Second_newdb.sys_trace_xe_event_map
2025-10-01 14:20:11,169 - INFO - Cleaned up system table: localhostSQL2019_Second_newdb.sys_trace_xe_action_map
2025-10-01 14:20:11,189 - INFO - === Starting INCREMENTAL sync for database: newdb ===
2025-10-01 14:20:11,668 - INFO - [INCR SYNC] sys.trace_xe_action_map: row_count=22, sync_col=None, last_value=None
2025-10-01 14:20:11,952 - INFO - [INCR SYNC] sys.trace_xe_event_map: row_count=139, sync_col=None, last_value=None
2025-10-01 14:20:11,953 - INFO - === INCREMENTAL sync completed for newdb, 2/2 tables processed ===
2025-10-01 14:20:11,979 - INFO - MSSQLSERVER/newdb: processed 2 tables
2025-10-01 14:20:11,983 - INFO - Cleaned up system table: localhostSQL2019_Second_Saad1.sys_trace_xe_event_map
2025-10-01 14:20:11,987 - INFO - Cleaned up system table: localhostSQL2019_Second_Saad1.sys_trace_xe_action_map
2025-10-01 14:20:11,998 - INFO - === Starting INCREMENTAL sync for database: Saad1 ===
2025-10-01 14:20:12,525 - INFO - [INCR SYNC] dbo.Employees: row_count=0, sync_col=EmployeeID, last_value=None
2025-10-01 14:20:12,759 - INFO - Schema 'localhostSQL2019_Second_Saad1' created/verified successfully
2025-10-01 14:20:13,044 - INFO - Last value is None for dbo.Employees, using hash-based deduplication
2025-10-01 14:20:13,077 - INFO - Table dbo.Employees is empty, but schema ensured in PostgreSQL
2025-10-01 14:20:13,347 - INFO - [INCR SYNC] sys.trace_xe_action_map: row_count=22, sync_col=None, last_value=None
2025-10-01 14:20:13,556 - INFO - [INCR SYNC] sys.trace_xe_event_map: row_count=139, sync_col=None, last_value=None
2025-10-01 14:20:13,557 - INFO - === INCREMENTAL sync completed for Saad1, 3/3 tables processed ===
2025-10-01 14:20:13,583 - INFO - MSSQLSERVER/Saad1: processed 3 tables
2025-10-01 14:20:13,590 - INFO - Cleaned up system table: localhostSQL2019_Second_saadtest.sys_trace_xe_event_map
2025-10-01 14:20:13,594 - INFO - Cleaned up system table: localhostSQL2019_Second_saadtest.sys_trace_xe_action_map
2025-10-01 14:20:13,612 - INFO - === Starting INCREMENTAL sync for database: saadtest ===
2025-10-01 14:20:14,072 - INFO - [INCR SYNC] dbo.Employees: row_count=7, sync_col=EmployeeID, last_value=None
2025-10-01 14:20:14,322 - INFO - Schema 'localhostSQL2019_Second_saadtest' created/verified successfully
2025-10-01 14:20:14,353 - INFO - Last value is None for dbo.Employees, using hash-based deduplication
2025-10-01 14:20:14,387 - INFO - No new rows found for dbo.Employees
2025-10-01 14:20:14,641 - INFO - [INCR SYNC] sys.trace_xe_action_map: row_count=22, sync_col=None, last_value=None
2025-10-01 14:20:14,879 - INFO - [INCR SYNC] sys.trace_xe_event_map: row_count=139, sync_col=None, last_value=None
2025-10-01 14:20:14,880 - INFO - === INCREMENTAL sync completed for saadtest, 3/3 tables processed ===
2025-10-01 14:20:14,904 - INFO - MSSQLSERVER/saadtest: processed 3 tables
2025-10-01 14:20:14,909 - INFO - Cleaned up system table: localhostSQL2019_Second_SampleDB.sys_trace_xe_event_map
2025-10-01 14:20:14,912 - INFO - Cleaned up system table: localhostSQL2019_Second_SampleDB.sys_trace_xe_action_map
2025-10-01 14:20:14,923 - INFO - === Starting INCREMENTAL sync for database: SampleDB ===
2025-10-01 14:20:15,368 - INFO - [INCR SYNC] dbo.Employees: row_count=5, sync_col=EmployeeID, last_value=None
2025-10-01 14:20:15,558 - INFO - Schema 'localhostSQL2019_Second_SampleDB' created/verified successfully
2025-10-01 14:20:15,571 - INFO - Last value is None for dbo.Employees, using hash-based deduplication
2025-10-01 14:20:15,591 - INFO - No new rows found for dbo.Employees
2025-10-01 14:20:15,814 - INFO - [INCR SYNC] sys.trace_xe_action_map: row_count=22, sync_col=None, last_value=None
2025-10-01 14:20:16,068 - INFO - [INCR SYNC] sys.trace_xe_event_map: row_count=139, sync_col=None, last_value=None
2025-10-01 14:20:16,070 - INFO - === INCREMENTAL sync completed for SampleDB, 3/3 tables processed ===
2025-10-01 14:20:16,075 - INFO - MSSQLSERVER/SampleDB: processed 3 tables
2025-10-01 14:20:16,082 - INFO - Cleaned up system table: localhostSQL2019_Second_SampleDB1.sys_trace_xe_event_map
2025-10-01 14:20:16,084 - INFO - Cleaned up system table: localhostSQL2019_Second_SampleDB1.sys_trace_xe_action_map
2025-10-01 14:20:16,101 - INFO - === Starting INCREMENTAL sync for database: SampleDB1 ===
2025-10-01 14:20:16,558 - INFO - [INCR SYNC] dbo.Employees: row_count=5, sync_col=EmployeeID, last_value=None
2025-10-01 14:20:16,802 - INFO - Schema 'localhostSQL2019_Second_SampleDB1' created/verified successfully
2025-10-01 14:20:16,822 - INFO - Last value is None for dbo.Employees, using hash-based deduplication
2025-10-01 14:20:16,838 - INFO - No new rows found for dbo.Employees
2025-10-01 14:20:17,125 - INFO - [INCR SYNC] sys.trace_xe_action_map: row_count=22, sync_col=None, last_value=None
2025-10-01 14:20:17,381 - INFO - [INCR SYNC] sys.trace_xe_event_map: row_count=139, sync_col=None, last_value=None
2025-10-01 14:20:17,384 - INFO - === INCREMENTAL sync completed for SampleDB1, 3/3 tables processed ===
2025-10-01 14:20:17,389 - INFO - MSSQLSERVER/SampleDB1: processed 3 tables
2025-10-01 14:20:17,398 - INFO - Cleaned up system table: localhostSQL2019_Second_SampleDB2.sys_trace_xe_event_map
2025-10-01 14:20:17,403 - INFO - Cleaned up system table: localhostSQL2019_Second_SampleDB2.sys_trace_xe_action_map
2025-10-01 14:20:17,427 - INFO - === Starting INCREMENTAL sync for database: SampleDB2 ===
2025-10-01 14:20:18,115 - INFO - [INCR SYNC] dbo.Employees: row_count=5, sync_col=EmployeeID, last_value=None
2025-10-01 14:20:18,461 - INFO - Schema 'localhostSQL2019_Second_SampleDB2' created/verified successfully
2025-10-01 14:20:18,559 - INFO - Last value is None for dbo.Employees, using hash-based deduplication
2025-10-01 14:20:18,588 - INFO - No new rows found for dbo.Employees
2025-10-01 14:20:18,960 - INFO - [INCR SYNC] sys.trace_xe_action_map: row_count=22, sync_col=None, last_value=None
2025-10-01 14:20:19,297 - INFO - [INCR SYNC] sys.trace_xe_event_map: row_count=139, sync_col=None, last_value=None
2025-10-01 14:20:19,298 - INFO - === INCREMENTAL sync completed for SampleDB2, 3/3 tables processed ===
2025-10-01 14:20:19,300 - INFO - MSSQLSERVER/SampleDB2: processed 3 tables
2025-10-01 14:20:19,313 - INFO - Cleaned up system table: localhostSQL2019_Second_SampleDB20.sys_trace_xe_event_map
2025-10-01 14:20:19,314 - INFO - Cleaned up system table: localhostSQL2019_Second_SampleDB20.sys_trace_xe_action_map
2025-10-01 14:20:19,320 - INFO - === Starting INCREMENTAL sync for database: SampleDB20 ===
2025-10-01 14:20:19,852 - INFO - [INCR SYNC] dbo.Customers: row_count=5, sync_col=CustomerID, last_value=None
2025-10-01 14:20:20,148 - INFO - Schema 'localhostSQL2019_Second_SampleDB20' created/verified successfully
2025-10-01 14:20:20,188 - INFO - Last value is None for dbo.Customers, using hash-based deduplication
2025-10-01 14:20:20,224 - INFO - No new rows found for dbo.Customers
2025-10-01 14:20:20,531 - INFO - [INCR SYNC] sys.trace_xe_action_map: row_count=22, sync_col=None, last_value=None
2025-10-01 14:20:20,794 - INFO - [INCR SYNC] sys.trace_xe_event_map: row_count=139, sync_col=None, last_value=None
2025-10-01 14:20:20,794 - INFO - === INCREMENTAL sync completed for SampleDB20, 3/3 tables processed ===
2025-10-01 14:20:20,798 - INFO - MSSQLSERVER/SampleDB20: processed 3 tables
2025-10-01 14:20:20,800 - INFO - Cleaned up system table: localhostSQL2019_Second_SampleDB21.sys_trace_xe_event_map
2025-10-01 14:20:20,803 - INFO - Cleaned up system table: localhostSQL2019_Second_SampleDB21.sys_trace_xe_action_map
2025-10-01 14:20:20,807 - INFO - === Starting INCREMENTAL sync for database: SampleDB21 ===
2025-10-01 14:20:21,197 - INFO - [INCR SYNC] dbo.Customers: row_count=5, sync_col=CustomerID, last_value=None
2025-10-01 14:20:21,367 - INFO - Schema 'localhostSQL2019_Second_SampleDB21' created/verified successfully
2025-10-01 14:20:21,385 - INFO - Last value is None for dbo.Customers, using hash-based deduplication
2025-10-01 14:20:21,409 - INFO - No new rows found for dbo.Customers
2025-10-01 14:20:21,625 - INFO - [INCR SYNC] sys.trace_xe_action_map: row_count=22, sync_col=None, last_value=None
2025-10-01 14:20:21,814 - INFO - [INCR SYNC] sys.trace_xe_event_map: row_count=139, sync_col=None, last_value=None
2025-10-01 14:20:21,815 - INFO - === INCREMENTAL sync completed for SampleDB21, 3/3 tables processed ===
2025-10-01 14:20:21,840 - INFO - MSSQLSERVER/SampleDB21: processed 3 tables
2025-10-01 14:20:21,847 - INFO - Cleaned up system table: localhostSQL2019_Second_SampleDB3.sys_trace_xe_event_map
2025-10-01 14:20:21,849 - INFO - Cleaned up system table: localhostSQL2019_Second_SampleDB3.sys_trace_xe_action_map
2025-10-01 14:20:21,853 - INFO - === Starting INCREMENTAL sync for database: SampleDB3 ===
2025-10-01 14:20:22,190 - INFO - [INCR SYNC] dbo.Employees: row_count=5, sync_col=EmployeeID, last_value=None
2025-10-01 14:20:22,379 - INFO - Schema 'localhostSQL2019_Second_SampleDB3' created/verified successfully
2025-10-01 14:20:22,398 - INFO - Last value is None for dbo.Employees, using hash-based deduplication
2025-10-01 14:20:22,419 - INFO - No new rows found for dbo.Employees
2025-10-01 14:20:22,626 - INFO - [INCR SYNC] sys.trace_xe_action_map: row_count=22, sync_col=None, last_value=None
2025-10-01 14:20:22,836 - INFO - [INCR SYNC] sys.trace_xe_event_map: row_count=139, sync_col=None, last_value=None
2025-10-01 14:20:22,837 - INFO - === INCREMENTAL sync completed for SampleDB3, 3/3 tables processed ===
2025-10-01 14:20:22,862 - INFO - MSSQLSERVER/SampleDB3: processed 3 tables
2025-10-01 14:20:22,865 - INFO - Completed MSSQLSERVER
2025-10-01 14:20:22,948 - INFO - 127.0.0.1 - - [01/Oct/2025 14:20:22] "[32mGET /sync/MSSQLSERVER HTTP/1.1[0m" 302 -
2025-10-01 14:20:23,280 - INFO - 127.0.0.1 - - [01/Oct/2025 14:20:23] "GET / HTTP/1.1" 200 -
2025-10-01 14:21:12,683 - INFO - Sync tracking table created/verified
2025-10-01 14:21:12,858 - INFO - Connected to SQL Server: localhost
2025-10-01 14:21:12,862 - INFO - Found 3 databases on localhost
2025-10-01 14:21:12,863 - INFO - Skipping database: SampleDB (listed in skip_databases)
2025-10-01 14:21:12,865 - INFO - Cleaned up system table: localhost_SampleDB1.sys_trace_xe_event_map
2025-10-01 14:21:12,868 - INFO - Cleaned up system table: localhost_SampleDB1.sys_trace_xe_action_map
2025-10-01 14:21:12,920 - INFO - Sync tracking table created/verified
2025-10-01 14:21:12,950 - INFO - Connected to SQL Server: localhost
2025-10-01 14:21:12,956 - INFO - Found 3 databases on localhost
2025-10-01 14:21:12,957 - INFO - Skipping database: SampleDB (listed in skip_databases)
2025-10-01 14:21:12,961 - INFO - Cleaned up system table: localhost_SampleDB1.sys_trace_xe_event_map
2025-10-01 14:21:12,964 - INFO - Cleaned up system table: localhost_SampleDB1.sys_trace_xe_action_map
2025-10-01 14:21:12,991 - INFO - === Starting INCREMENTAL sync for database: SampleDB1 ===
2025-10-01 14:21:12,991 - INFO - === Starting INCREMENTAL sync for database: SampleDB1 ===
2025-10-01 14:21:13,024 - INFO - [INCR SYNC] dbo.Customers: row_count=5, sync_col=CustomerID, last_value=None
2025-10-01 14:21:13,025 - INFO - [INCR SYNC] dbo.Customers: row_count=5, sync_col=CustomerID, last_value=None
2025-10-01 14:21:13,074 - INFO - Schema 'localhost_SampleDB1' created/verified successfully
2025-10-01 14:21:13,098 - INFO - Schema 'localhost_SampleDB1' created/verified successfully
2025-10-01 14:21:13,161 - INFO - Last value is None for dbo.Customers, using hash-based deduplication
2025-10-01 14:21:13,188 - INFO - No new rows found for dbo.Customers
2025-10-01 14:21:13,196 - INFO - [INCR SYNC] sys.trace_xe_action_map: row_count=22, sync_col=None, last_value=None
2025-10-01 14:21:13,200 - INFO - Last value is None for dbo.Customers, using hash-based deduplication
2025-10-01 14:21:13,204 - INFO - [INCR SYNC] sys.trace_xe_event_map: row_count=139, sync_col=None, last_value=None
2025-10-01 14:21:13,206 - INFO - === INCREMENTAL sync completed for SampleDB1, 3/3 tables processed ===
2025-10-01 14:21:13,236 - INFO - server1/SampleDB1: processed 3 tables
2025-10-01 14:21:13,240 - INFO - No new rows found for dbo.Customers
2025-10-01 14:21:13,244 - INFO - Cleaned up system table: localhost_SampleDB2.sys_trace_xe_event_map
2025-10-01 14:21:13,247 - INFO - Cleaned up system table: localhost_SampleDB2.sys_trace_xe_action_map
2025-10-01 14:21:13,251 - INFO - [INCR SYNC] sys.trace_xe_action_map: row_count=22, sync_col=None, last_value=None
2025-10-01 14:21:13,261 - INFO - [INCR SYNC] sys.trace_xe_event_map: row_count=139, sync_col=None, last_value=None
2025-10-01 14:21:13,263 - INFO - === INCREMENTAL sync completed for SampleDB1, 3/3 tables processed ===
2025-10-01 14:21:13,271 - INFO - === Starting INCREMENTAL sync for database: SampleDB2 ===
2025-10-01 14:21:13,272 - INFO - server1/SampleDB1: processed 3 tables
2025-10-01 14:21:13,287 - INFO - Cleaned up system table: localhost_SampleDB2.sys_trace_xe_event_map
2025-10-01 14:21:13,290 - INFO - Cleaned up system table: localhost_SampleDB2.sys_trace_xe_action_map
2025-10-01 14:21:13,290 - INFO - [INCR SYNC] dbo.Customers: row_count=5, sync_col=CustomerID, last_value=None
2025-10-01 14:21:13,358 - INFO - === Starting INCREMENTAL sync for database: SampleDB2 ===
2025-10-01 14:21:13,360 - INFO - Schema 'localhost_SampleDB2' created/verified successfully
2025-10-01 14:21:13,372 - INFO - [INCR SYNC] dbo.Customers: row_count=5, sync_col=CustomerID, last_value=None
2025-10-01 14:21:13,381 - INFO - Last value is None for dbo.Customers, using hash-based deduplication
2025-10-01 14:21:13,413 - INFO - No new rows found for dbo.Customers
2025-10-01 14:21:13,423 - INFO - [INCR SYNC] sys.trace_xe_action_map: row_count=22, sync_col=None, last_value=None
2025-10-01 14:21:13,434 - INFO - [INCR SYNC] sys.trace_xe_event_map: row_count=139, sync_col=None, last_value=None
2025-10-01 14:21:13,435 - INFO - === INCREMENTAL sync completed for SampleDB2, 3/3 tables processed ===
2025-10-01 14:21:13,436 - INFO - Schema 'localhost_SampleDB2' created/verified successfully
2025-10-01 14:21:13,439 - INFO - server1/SampleDB2: processed 3 tables
2025-10-01 14:21:13,443 - INFO - Completed server1
2025-10-01 14:21:13,454 - INFO - Last value is None for dbo.Customers, using hash-based deduplication
2025-10-01 14:21:13,477 - INFO - No new rows found for dbo.Customers
2025-10-01 14:21:13,488 - INFO - [INCR SYNC] sys.trace_xe_action_map: row_count=22, sync_col=None, last_value=None
2025-10-01 14:21:13,496 - INFO - [INCR SYNC] sys.trace_xe_event_map: row_count=139, sync_col=None, last_value=None
2025-10-01 14:21:13,498 - INFO - === INCREMENTAL sync completed for SampleDB2, 3/3 tables processed ===
2025-10-01 14:21:13,502 - INFO - server1/SampleDB2: processed 3 tables
2025-10-01 14:21:13,507 - INFO - Completed server1
2025-10-01 14:22:41,082 - INFO - 127.0.0.1 - - [01/Oct/2025 14:22:41] "GET /sync-summary HTTP/1.1" 200 -
2025-10-01 14:22:41,224 - INFO - 127.0.0.1 - - [01/Oct/2025 14:22:41] "[36mGET /static/actin-logo.png HTTP/1.1[0m" 304 -
2025-10-01 14:24:43,410 - INFO -  * Detected change in 'C:\\Users\\SaadSayyed\\Desktop\\nitin_sir_7\\nitin_sir5\\auth.py', reloading
2025-10-01 14:24:45,146 - INFO - [INIT] Initializing Flask application...
2025-10-01 14:24:45,147 - INFO - [CONFIG] Loading configuration...
2025-10-01 14:24:45,147 - INFO - [AUTH] Authentication system ready
2025-10-01 14:24:45,148 - INFO - [DATABASE] Database connections configured
2025-10-01 14:24:45,148 - INFO - [SCHEDULER] Scheduler system active
2025-10-01 14:24:45,149 - INFO - [STARTUP] Application startup complete!
2025-10-01 14:24:45,183 - WARNING -  * Debugger is active!
2025-10-01 14:24:45,187 - INFO -  * Debugger PIN: 149-313-464
2025-10-01 14:24:54,460 - INFO -  * Detected change in 'C:\\Users\\SaadSayyed\\Desktop\\nitin_sir_7\\nitin_sir5\\app.py', reloading
2025-10-01 14:24:56,401 - INFO - [INIT] Initializing Flask application...
2025-10-01 14:24:56,402 - INFO - [CONFIG] Loading configuration...
2025-10-01 14:24:56,403 - INFO - [AUTH] Authentication system ready
2025-10-01 14:24:56,403 - INFO - [DATABASE] Database connections configured
2025-10-01 14:24:56,403 - INFO - [SCHEDULER] Scheduler system active
2025-10-01 14:24:56,404 - INFO - [STARTUP] Application startup complete!
2025-10-01 14:24:56,431 - WARNING -  * Debugger is active!
2025-10-01 14:24:56,434 - INFO -  * Debugger PIN: 149-313-464
2025-10-01 14:25:23,211 - INFO -  * Detected change in 'C:\\Users\\SaadSayyed\\Desktop\\nitin_sir_7\\nitin_sir5\\app.py', reloading
2025-10-01 14:25:24,451 - INFO - [INIT] Initializing Flask application...
2025-10-01 14:25:24,451 - INFO - [CONFIG] Loading configuration...
2025-10-01 14:25:24,452 - INFO - [AUTH] Authentication system ready
2025-10-01 14:25:24,452 - INFO - [DATABASE] Database connections configured
2025-10-01 14:25:24,452 - INFO - [SCHEDULER] Scheduler system active
2025-10-01 14:25:24,453 - INFO - [STARTUP] Application startup complete!
2025-10-01 14:25:24,472 - WARNING -  * Debugger is active!
2025-10-01 14:25:24,476 - INFO -  * Debugger PIN: 149-313-464
2025-10-01 14:26:30,486 - INFO -  * Detected change in 'C:\\Users\\SaadSayyed\\Desktop\\nitin_sir_7\\nitin_sir5\\test_auth_routing.py', reloading
2025-10-01 14:26:32,015 - INFO - [INIT] Initializing Flask application...
2025-10-01 14:26:32,015 - INFO - [CONFIG] Loading configuration...
2025-10-01 14:26:32,016 - INFO - [AUTH] Authentication system ready
2025-10-01 14:26:32,016 - INFO - [DATABASE] Database connections configured
2025-10-01 14:26:32,017 - INFO - [SCHEDULER] Scheduler system active
2025-10-01 14:26:32,017 - INFO - [STARTUP] Application startup complete!
2025-10-01 14:26:32,035 - WARNING -  * Debugger is active!
2025-10-01 14:26:32,038 - INFO -  * Debugger PIN: 149-313-464
2025-10-01 14:28:44,410 - INFO -  * Detected change in 'C:\\Users\\SaadSayyed\\Desktop\\nitin_sir_7\\nitin_sir5\\app.py', reloading
2025-10-01 14:28:45,829 - INFO - [INIT] Initializing Flask application...
2025-10-01 14:28:45,829 - INFO - [CONFIG] Loading configuration...
2025-10-01 14:28:45,829 - INFO - [AUTH] Authentication system ready
2025-10-01 14:28:45,830 - INFO - [DATABASE] Database connections configured
2025-10-01 14:28:45,830 - INFO - [SCHEDULER] Scheduler system active
2025-10-01 14:28:45,830 - INFO - [STARTUP] Application startup complete!
2025-10-01 14:28:45,849 - WARNING -  * Debugger is active!
2025-10-01 14:28:45,852 - INFO -  * Debugger PIN: 149-313-464
2025-10-01 14:29:01,174 - INFO -  * Detected change in 'C:\\Users\\SaadSayyed\\Desktop\\nitin_sir_7\\nitin_sir5\\app.py', reloading
2025-10-01 14:29:02,700 - INFO - [INIT] Initializing Flask application...
2025-10-01 14:29:02,701 - INFO - [CONFIG] Loading configuration...
2025-10-01 14:29:02,701 - INFO - [AUTH] Authentication system ready
2025-10-01 14:29:02,702 - INFO - [DATABASE] Database connections configured
2025-10-01 14:29:02,702 - INFO - [SCHEDULER] Scheduler system active
2025-10-01 14:29:02,702 - INFO - [STARTUP] Application startup complete!
2025-10-01 14:29:02,719 - WARNING -  * Debugger is active!
2025-10-01 14:29:02,722 - INFO -  * Debugger PIN: 149-313-464
2025-10-01 14:29:21,067 - INFO -  * Detected change in 'C:\\Users\\SaadSayyed\\Desktop\\nitin_sir_7\\nitin_sir5\\app.py', reloading
2025-10-01 14:29:22,414 - INFO - [INIT] Initializing Flask application...
2025-10-01 14:29:22,414 - INFO - [CONFIG] Loading configuration...
2025-10-01 14:29:22,415 - INFO - [AUTH] Authentication system ready
2025-10-01 14:29:22,415 - INFO - [DATABASE] Database connections configured
2025-10-01 14:29:22,416 - INFO - [SCHEDULER] Scheduler system active
2025-10-01 14:29:22,416 - INFO - [STARTUP] Application startup complete!
2025-10-01 14:29:22,437 - WARNING -  * Debugger is active!
2025-10-01 14:29:22,440 - INFO -  * Debugger PIN: 149-313-464
2025-10-01 14:29:57,125 - INFO -  * Detected change in 'C:\\Users\\SaadSayyed\\Desktop\\nitin_sir_7\\nitin_sir5\\app.py', reloading
2025-10-01 14:29:58,382 - INFO - [INIT] Initializing Flask application...
2025-10-01 14:29:58,383 - INFO - [CONFIG] Loading configuration...
2025-10-01 14:29:58,384 - INFO - [AUTH] Authentication system ready
2025-10-01 14:29:58,385 - INFO - [DATABASE] Database connections configured
2025-10-01 14:29:58,385 - INFO - [SCHEDULER] Scheduler system active
2025-10-01 14:29:58,385 - INFO - [STARTUP] Application startup complete!
2025-10-01 14:29:58,396 - WARNING -  * Debugger is active!
2025-10-01 14:29:58,399 - INFO -  * Debugger PIN: 149-313-464
2025-10-01 14:32:28,465 - INFO - [INIT] Initializing Flask application...
2025-10-01 14:32:28,465 - INFO - [CONFIG] Loading configuration...
2025-10-01 14:32:28,465 - INFO - [AUTH] Authentication system ready
2025-10-01 14:32:28,466 - INFO - [DATABASE] Database connections configured
2025-10-01 14:32:28,466 - INFO - [SCHEDULER] Scheduler system active
2025-10-01 14:32:28,466 - INFO - [STARTUP] Application startup complete!
2025-10-01 14:32:28,488 - INFO - [31m[1mWARNING: This is a development server. Do not use it in a production deployment. Use a production WSGI server instead.[0m
 * Running on http://127.0.0.1:5000
2025-10-01 14:32:28,488 - INFO - [33mPress CTRL+C to quit[0m
2025-10-01 14:32:28,489 - INFO -  * Restarting with stat
2025-10-01 14:32:29,710 - INFO - [INIT] Initializing Flask application...
2025-10-01 14:32:29,711 - INFO - [CONFIG] Loading configuration...
2025-10-01 14:32:29,711 - INFO - [AUTH] Authentication system ready
2025-10-01 14:32:29,711 - INFO - [DATABASE] Database connections configured
2025-10-01 14:32:29,712 - INFO - [SCHEDULER] Scheduler system active
2025-10-01 14:32:29,712 - INFO - [STARTUP] Application startup complete!
2025-10-01 14:32:29,722 - WARNING -  * Debugger is active!
2025-10-01 14:32:29,725 - INFO -  * Debugger PIN: 597-331-673
2025-10-01 14:32:37,355 - INFO - [REQ] GET /sync-summary - 127.0.0.1
2025-10-01 14:32:37,356 - INFO - [AUTH] Unauthenticated access attempt to /sync-summary
2025-10-01 14:32:37,357 - INFO - [RESP] GET /sync-summary - 302
2025-10-01 14:32:37,359 - INFO - 127.0.0.1 - - [01/Oct/2025 14:32:37] "[32mGET /sync-summary HTTP/1.1[0m" 302 -
2025-10-01 14:32:37,363 - INFO - [REQ] GET /login - 127.0.0.1
2025-10-01 14:32:37,366 - INFO - [RESP] GET /login - 200
2025-10-01 14:32:37,368 - INFO - 127.0.0.1 - - [01/Oct/2025 14:32:37] "GET /login HTTP/1.1" 200 -
2025-10-01 14:32:44,492 - INFO - [REQ] POST /login - 127.0.0.1
2025-10-01 14:32:44,816 - INFO - [LOGIN] Successful login: admin (admin) from 127.0.0.1
2025-10-01 14:32:44,817 - INFO - [RESP] POST /login - 302
2025-10-01 14:32:44,818 - INFO - 127.0.0.1 - - [01/Oct/2025 14:32:44] "[32mPOST /login HTTP/1.1[0m" 302 -
2025-10-01 14:32:44,821 - INFO - [REQ] GET / - 127.0.0.1
2025-10-01 14:32:44,821 - INFO - [HOME] Homepage accessed by user: admin
2025-10-01 14:32:44,823 - INFO - [INFO] Loaded 2 SQL servers for display
2025-10-01 14:32:44,848 - INFO - [RESP] GET / - 200
2025-10-01 14:32:44,849 - INFO - 127.0.0.1 - - [01/Oct/2025 14:32:44] "GET / HTTP/1.1" 200 -
2025-10-01 14:32:45,183 - INFO - [REQ] GET /static/actin-logo.png - 127.0.0.1
2025-10-01 14:32:45,226 - INFO - [RESP] GET /static/actin-logo.png - 304
2025-10-01 14:32:45,227 - INFO - 127.0.0.1 - - [01/Oct/2025 14:32:45] "[36mGET /static/actin-logo.png HTTP/1.1[0m" 304 -
2025-10-01 14:32:50,849 - INFO - [REQ] GET /login - 127.0.0.1
2025-10-01 14:32:50,849 - INFO - [RESP] GET /login - 200
2025-10-01 14:32:50,850 - INFO - 127.0.0.1 - - [01/Oct/2025 14:32:50] "GET /login HTTP/1.1" 200 -
2025-10-01 14:32:58,130 - INFO - [REQ] POST /login - 127.0.0.1
2025-10-01 14:32:58,574 - INFO - [LOGIN] Successful login: admin (admin) from 127.0.0.1
2025-10-01 14:32:58,576 - INFO - [RESP] POST /login - 302
2025-10-01 14:32:58,577 - INFO - 127.0.0.1 - - [01/Oct/2025 14:32:58] "[32mPOST /login HTTP/1.1[0m" 302 -
2025-10-01 14:32:58,583 - INFO - [REQ] GET / - 127.0.0.1
2025-10-01 14:32:58,584 - INFO - [HOME] Homepage accessed by user: admin
2025-10-01 14:32:58,589 - INFO - [INFO] Loaded 2 SQL servers for display
2025-10-01 14:32:58,591 - INFO - [RESP] GET / - 200
2025-10-01 14:32:58,593 - INFO - 127.0.0.1 - - [01/Oct/2025 14:32:58] "GET / HTTP/1.1" 200 -
2025-10-01 14:32:58,918 - INFO - [REQ] GET /static/actin-logo.png - 127.0.0.1
2025-10-01 14:32:58,921 - INFO - [RESP] GET /static/actin-logo.png - 304
2025-10-01 14:32:58,923 - INFO - 127.0.0.1 - - [01/Oct/2025 14:32:58] "[36mGET /static/actin-logo.png HTTP/1.1[0m" 304 -
2025-10-01 14:33:07,517 - INFO - [REQ] GET /login - 127.0.0.1
2025-10-01 14:33:07,517 - INFO - [RESP] GET /login - 200
2025-10-01 14:33:07,519 - INFO - 127.0.0.1 - - [01/Oct/2025 14:33:07] "GET /login HTTP/1.1" 200 -
2025-10-01 14:33:13,941 - INFO - [REQ] GET /view-schedules - 127.0.0.1
2025-10-01 14:33:14,065 - INFO - [RESP] GET /view-schedules - 200
2025-10-01 14:33:14,066 - INFO - 127.0.0.1 - - [01/Oct/2025 14:33:14] "GET /view-schedules HTTP/1.1" 200 -
2025-10-01 14:33:14,248 - INFO - [REQ] GET /static/actin-logo.png - 127.0.0.1
2025-10-01 14:33:14,250 - INFO - [RESP] GET /static/actin-logo.png - 304
2025-10-01 14:33:14,251 - INFO - 127.0.0.1 - - [01/Oct/2025 14:33:14] "[36mGET /static/actin-logo.png HTTP/1.1[0m" 304 -
2025-10-01 14:33:14,583 - INFO - [REQ] GET /api/job-statuses - 127.0.0.1
2025-10-01 14:33:14,585 - INFO - [RESP] GET /api/job-statuses - 404
2025-10-01 14:33:14,588 - INFO - 127.0.0.1 - - [01/Oct/2025 14:33:14] "[33mGET /api/job-statuses HTTP/1.1[0m" 404 -
2025-10-01 14:33:16,673 - INFO - [REQ] GET /sync-summary - 127.0.0.1
2025-10-01 14:33:17,275 - INFO - [REQ] GET /api/job-statuses - 127.0.0.1
2025-10-01 14:33:17,276 - INFO - [RESP] GET /api/job-statuses - 404
2025-10-01 14:33:17,277 - INFO - 127.0.0.1 - - [01/Oct/2025 14:33:17] "[33mGET /api/job-statuses HTTP/1.1[0m" 404 -
2025-10-01 14:33:17,935 - INFO - [RESP] GET /sync-summary - 200
2025-10-01 14:33:17,937 - INFO - 127.0.0.1 - - [01/Oct/2025 14:33:17] "GET /sync-summary HTTP/1.1" 200 -
2025-10-01 14:33:18,279 - INFO - [REQ] GET /static/actin-logo.png - 127.0.0.1
2025-10-01 14:33:18,280 - INFO - [RESP] GET /static/actin-logo.png - 304
2025-10-01 14:33:18,283 - INFO - 127.0.0.1 - - [01/Oct/2025 14:33:18] "[36mGET /static/actin-logo.png HTTP/1.1[0m" 304 -
2025-10-01 14:34:58,399 - INFO - Sync tracking table created/verified
2025-10-01 14:34:58,450 - INFO - Connected to SQL Server: localhost
2025-10-01 14:34:58,502 - INFO - Found 3 databases on localhost
2025-10-01 14:34:58,503 - INFO - Skipping database: SampleDB (listed in skip_databases)
2025-10-01 14:34:58,505 - INFO - Cleaned up system table: localhost_SampleDB1.sys_trace_xe_event_map
2025-10-01 14:34:58,507 - INFO - Cleaned up system table: localhost_SampleDB1.sys_trace_xe_action_map
2025-10-01 14:34:58,574 - INFO - === Starting INCREMENTAL sync for database: SampleDB1 ===
2025-10-01 14:34:58,898 - INFO - [INCR SYNC] dbo.Customers: row_count=5, sync_col=CustomerID, last_value=None
2025-10-01 14:34:59,063 - INFO - Schema 'localhost_SampleDB1' created/verified successfully
2025-10-01 14:34:59,100 - INFO - Last value is None for dbo.Customers, using hash-based deduplication
2025-10-01 14:34:59,110 - INFO - No new rows found for dbo.Customers
2025-10-01 14:34:59,292 - INFO - [INCR SYNC] sys.trace_xe_action_map: row_count=22, sync_col=None, last_value=None
2025-10-01 14:34:59,433 - INFO - [INCR SYNC] sys.trace_xe_event_map: row_count=139, sync_col=None, last_value=None
2025-10-01 14:34:59,434 - INFO - === INCREMENTAL sync completed for SampleDB1, 3/3 tables processed ===
2025-10-01 14:34:59,437 - INFO - server1/SampleDB1: processed 3 tables
2025-10-01 14:34:59,440 - INFO - Cleaned up system table: localhost_SampleDB2.sys_trace_xe_event_map
2025-10-01 14:34:59,440 - INFO - Cleaned up system table: localhost_SampleDB2.sys_trace_xe_action_map
2025-10-01 14:34:59,475 - INFO - === Starting INCREMENTAL sync for database: SampleDB2 ===
2025-10-01 14:34:59,802 - INFO - [INCR SYNC] dbo.Customers: row_count=5, sync_col=CustomerID, last_value=None
2025-10-01 14:34:59,938 - INFO - Schema 'localhost_SampleDB2' created/verified successfully
2025-10-01 14:34:59,949 - INFO - Last value is None for dbo.Customers, using hash-based deduplication
2025-10-01 14:34:59,957 - INFO - No new rows found for dbo.Customers
2025-10-01 14:35:00,150 - INFO - [INCR SYNC] sys.trace_xe_action_map: row_count=22, sync_col=None, last_value=None
2025-10-01 14:35:00,332 - INFO - [INCR SYNC] sys.trace_xe_event_map: row_count=139, sync_col=None, last_value=None
2025-10-01 14:35:00,334 - INFO - === INCREMENTAL sync completed for SampleDB2, 3/3 tables processed ===
2025-10-01 14:35:00,340 - INFO - server1/SampleDB2: processed 3 tables
2025-10-01 14:35:00,343 - INFO - Completed server1
2025-10-01 14:35:36,184 - INFO -  * Detected change in 'C:\\Users\\SaadSayyed\\Desktop\\nitin_sir_7\\nitin_sir5\\app.py', reloading
2025-10-01 14:35:36,230 - INFO -  * Detected change in 'C:\\Users\\SaadSayyed\\Desktop\\nitin_sir_7\\nitin_sir5\\app.py', reloading
2025-10-01 14:35:36,378 - INFO -  * Restarting with stat
2025-10-01 14:35:37,769 - INFO - [INIT] Initializing Flask application...
2025-10-01 14:35:37,769 - INFO - [CONFIG] Loading configuration...
2025-10-01 14:35:37,770 - INFO - [AUTH] Authentication system ready
2025-10-01 14:35:37,770 - INFO - [DATABASE] Database connections configured
2025-10-01 14:35:37,770 - INFO - [SCHEDULER] Scheduler system active
2025-10-01 14:35:37,771 - INFO - [STARTUP] Application startup complete!
2025-10-01 14:35:37,789 - WARNING -  * Debugger is active!
2025-10-01 14:35:37,793 - INFO -  * Debugger PIN: 149-313-464
2025-10-01 14:35:37,918 - INFO - [INIT] Initializing Flask application...
2025-10-01 14:35:37,918 - INFO - [CONFIG] Loading configuration...
2025-10-01 14:35:37,918 - INFO - [AUTH] Authentication system ready
2025-10-01 14:35:37,919 - INFO - [DATABASE] Database connections configured
2025-10-01 14:35:37,919 - INFO - [SCHEDULER] Scheduler system active
2025-10-01 14:35:37,920 - INFO - [STARTUP] Application startup complete!
2025-10-01 14:35:37,938 - WARNING -  * Debugger is active!
2025-10-01 14:35:37,941 - INFO -  * Debugger PIN: 597-331-673
2025-10-01 14:37:13,999 - INFO - [INIT] Initializing Flask application...
2025-10-01 14:37:14,000 - INFO - [CONFIG] Loading configuration...
2025-10-01 14:37:14,000 - INFO - [AUTH] Authentication system ready
2025-10-01 14:37:14,000 - INFO - [DATABASE] Database connections configured
2025-10-01 14:37:14,001 - INFO - [SCHEDULER] Scheduler system active
2025-10-01 14:37:14,001 - INFO - [STARTUP] Application startup complete!
2025-10-01 14:37:14,030 - INFO - [31m[1mWARNING: This is a development server. Do not use it in a production deployment. Use a production WSGI server instead.[0m
 * Running on http://127.0.0.1:5000
2025-10-01 14:37:14,030 - INFO - [33mPress CTRL+C to quit[0m
2025-10-01 14:37:14,032 - INFO -  * Restarting with stat
2025-10-01 14:37:15,447 - INFO - [INIT] Initializing Flask application...
2025-10-01 14:37:15,447 - INFO - [CONFIG] Loading configuration...
2025-10-01 14:37:15,448 - INFO - [AUTH] Authentication system ready
2025-10-01 14:37:15,448 - INFO - [DATABASE] Database connections configured
2025-10-01 14:37:15,448 - INFO - [SCHEDULER] Scheduler system active
2025-10-01 14:37:15,449 - INFO - [STARTUP] Application startup complete!
2025-10-01 14:37:15,459 - WARNING -  * Debugger is active!
2025-10-01 14:37:15,464 - INFO -  * Debugger PIN: 597-331-673
2025-10-01 14:37:18,857 - INFO - [REQ] GET /sync-summary - 127.0.0.1
2025-10-01 14:37:18,859 - INFO - [AUTH] Cleared old session from previous server instance
2025-10-01 14:37:18,860 - WARNING - [AUTH] BLOCKED unauthenticated access to /sync-summary from 127.0.0.1
2025-10-01 14:37:18,860 - INFO - [RESP] GET /sync-summary - 302
2025-10-01 14:37:18,861 - INFO - 127.0.0.1 - - [01/Oct/2025 14:37:18] "[32mGET /sync-summary HTTP/1.1[0m" 302 -
2025-10-01 14:37:18,866 - INFO - [REQ] GET /login - 127.0.0.1
2025-10-01 14:37:18,870 - INFO - [RESP] GET /login - 200
2025-10-01 14:37:18,870 - INFO - 127.0.0.1 - - [01/Oct/2025 14:37:18] "GET /login HTTP/1.1" 200 -
2025-10-01 14:37:24,841 - INFO - [REQ] POST /login - 127.0.0.1
2025-10-01 14:37:25,134 - WARNING - [LOGIN] Failed login attempt: admin from 127.0.0.1
2025-10-01 14:37:25,136 - INFO - [RESP] POST /login - 200
2025-10-01 14:37:25,136 - INFO - 127.0.0.1 - - [01/Oct/2025 14:37:25] "POST /login HTTP/1.1" 200 -
2025-10-01 14:37:28,489 - INFO - Sync tracking table created/verified
2025-10-01 14:37:28,555 - INFO - Connected to SQL Server: localhost
2025-10-01 14:37:28,592 - INFO - Found 3 databases on localhost
2025-10-01 14:37:28,593 - INFO - Skipping database: SampleDB (listed in skip_databases)
2025-10-01 14:37:28,594 - INFO - Cleaned up system table: localhost_SampleDB1.sys_trace_xe_event_map
2025-10-01 14:37:28,595 - INFO - Cleaned up system table: localhost_SampleDB1.sys_trace_xe_action_map
2025-10-01 14:37:28,643 - INFO - === Starting INCREMENTAL sync for database: SampleDB1 ===
2025-10-01 14:37:28,854 - INFO - [INCR SYNC] dbo.Customers: row_count=5, sync_col=CustomerID, last_value=None
2025-10-01 14:37:28,959 - INFO - Schema 'localhost_SampleDB1' created/verified successfully
2025-10-01 14:37:28,985 - INFO - Last value is None for dbo.Customers, using hash-based deduplication
2025-10-01 14:37:29,000 - INFO - No new rows found for dbo.Customers
2025-10-01 14:37:29,128 - INFO - [INCR SYNC] sys.trace_xe_action_map: row_count=22, sync_col=None, last_value=None
2025-10-01 14:37:29,276 - INFO - [INCR SYNC] sys.trace_xe_event_map: row_count=139, sync_col=None, last_value=None
2025-10-01 14:37:29,276 - INFO - === INCREMENTAL sync completed for SampleDB1, 3/3 tables processed ===
2025-10-01 14:37:29,280 - INFO - server1/SampleDB1: processed 3 tables
2025-10-01 14:37:29,282 - INFO - Cleaned up system table: localhost_SampleDB2.sys_trace_xe_event_map
2025-10-01 14:37:29,283 - INFO - Cleaned up system table: localhost_SampleDB2.sys_trace_xe_action_map
2025-10-01 14:37:29,311 - INFO - === Starting INCREMENTAL sync for database: SampleDB2 ===
2025-10-01 14:37:29,561 - INFO - [INCR SYNC] dbo.Customers: row_count=5, sync_col=CustomerID, last_value=None
2025-10-01 14:37:29,688 - INFO - Schema 'localhost_SampleDB2' created/verified successfully
2025-10-01 14:37:29,702 - INFO - Last value is None for dbo.Customers, using hash-based deduplication
2025-10-01 14:37:29,712 - INFO - No new rows found for dbo.Customers
2025-10-01 14:37:29,907 - INFO - [INCR SYNC] sys.trace_xe_action_map: row_count=22, sync_col=None, last_value=None
2025-10-01 14:37:30,071 - INFO - [INCR SYNC] sys.trace_xe_event_map: row_count=139, sync_col=None, last_value=None
2025-10-01 14:37:30,072 - INFO - === INCREMENTAL sync completed for SampleDB2, 3/3 tables processed ===
2025-10-01 14:37:30,075 - INFO - server1/SampleDB2: processed 3 tables
2025-10-01 14:37:30,076 - INFO - Completed server1
2025-10-01 14:37:34,089 - INFO - [REQ] POST /login - 127.0.0.1
2025-10-01 14:37:34,392 - INFO - [LOGIN] Successful login: admin (admin) from 127.0.0.1
2025-10-01 14:37:34,392 - INFO - [RESP] POST /login - 302
2025-10-01 14:37:34,393 - INFO - 127.0.0.1 - - [01/Oct/2025 14:37:34] "[32mPOST /login HTTP/1.1[0m" 302 -
2025-10-01 14:37:34,397 - INFO - [REQ] GET / - 127.0.0.1
2025-10-01 14:37:34,397 - INFO - [AUTH] Authenticated access: admin (admin) to /
2025-10-01 14:37:34,398 - INFO - [HOME] Homepage accessed by user: admin
2025-10-01 14:37:34,400 - INFO - [INFO] Loaded 2 SQL servers for display
2025-10-01 14:37:34,427 - INFO - [RESP] GET / - 200
2025-10-01 14:37:34,428 - INFO - 127.0.0.1 - - [01/Oct/2025 14:37:34] "GET / HTTP/1.1" 200 -
2025-10-01 14:37:34,748 - INFO - [REQ] GET /static/actin-logo.png - 127.0.0.1
2025-10-01 14:37:34,802 - INFO - [RESP] GET /static/actin-logo.png - 304
2025-10-01 14:37:34,803 - INFO - 127.0.0.1 - - [01/Oct/2025 14:37:34] "[36mGET /static/actin-logo.png HTTP/1.1[0m" 304 -
2025-10-01 14:37:45,495 - INFO - [REQ] GET /logout - 127.0.0.1
2025-10-01 14:37:45,497 - INFO - [AUTH] Authenticated access: admin (admin) to /logout
2025-10-01 14:37:45,498 - INFO - [LOGOUT] User logged out: admin
2025-10-01 14:37:45,499 - INFO - [RESP] GET /logout - 302
2025-10-01 14:37:45,500 - INFO - 127.0.0.1 - - [01/Oct/2025 14:37:45] "[32mGET /logout HTTP/1.1[0m" 302 -
2025-10-01 14:37:45,801 - INFO - [REQ] GET /login - 127.0.0.1
2025-10-01 14:37:45,802 - INFO - [RESP] GET /login - 200
2025-10-01 14:37:45,803 - INFO - 127.0.0.1 - - [01/Oct/2025 14:37:45] "GET /login HTTP/1.1" 200 -
2025-10-01 14:37:51,594 - INFO - [REQ] GET /view-schedules - 127.0.0.1
2025-10-01 14:37:51,595 - WARNING - [AUTH] BLOCKED unauthenticated access to /view-schedules from 127.0.0.1
2025-10-01 14:37:51,597 - INFO - [RESP] GET /view-schedules - 302
2025-10-01 14:37:51,599 - INFO - 127.0.0.1 - - [01/Oct/2025 14:37:51] "[32mGET /view-schedules HTTP/1.1[0m" 302 -
2025-10-01 14:37:51,609 - INFO - [REQ] GET /login - 127.0.0.1
2025-10-01 14:37:51,611 - INFO - [RESP] GET /login - 200
2025-10-01 14:37:51,613 - INFO - 127.0.0.1 - - [01/Oct/2025 14:37:51] "GET /login HTTP/1.1" 200 -
2025-10-01 14:37:58,304 - INFO - [REQ] GET /login - 127.0.0.1
2025-10-01 14:37:58,307 - INFO - [RESP] GET /login - 200
2025-10-01 14:37:58,309 - INFO - 127.0.0.1 - - [01/Oct/2025 14:37:58] "GET /login HTTP/1.1" 200 -
2025-10-01 14:38:05,219 - INFO - [REQ] POST /login - 127.0.0.1
2025-10-01 14:38:05,685 - INFO - [LOGIN] Successful login: admin (admin) from 127.0.0.1
2025-10-01 14:38:05,686 - INFO - [RESP] POST /login - 302
2025-10-01 14:38:05,688 - INFO - 127.0.0.1 - - [01/Oct/2025 14:38:05] "[32mPOST /login HTTP/1.1[0m" 302 -
2025-10-01 14:38:05,694 - INFO - [REQ] GET / - 127.0.0.1
2025-10-01 14:38:05,695 - INFO - [AUTH] Authenticated access: admin (admin) to /
2025-10-01 14:38:05,695 - INFO - [HOME] Homepage accessed by user: admin
2025-10-01 14:38:05,702 - INFO - [INFO] Loaded 2 SQL servers for display
2025-10-01 14:38:05,704 - INFO - [RESP] GET / - 200
2025-10-01 14:38:05,707 - INFO - 127.0.0.1 - - [01/Oct/2025 14:38:05] "GET / HTTP/1.1" 200 -
2025-10-01 14:38:06,034 - INFO - [REQ] GET /static/actin-logo.png - 127.0.0.1
2025-10-01 14:38:06,036 - INFO - [RESP] GET /static/actin-logo.png - 304
2025-10-01 14:38:06,037 - INFO - 127.0.0.1 - - [01/Oct/2025 14:38:06] "[36mGET /static/actin-logo.png HTTP/1.1[0m" 304 -
2025-10-01 14:38:09,980 - INFO - [REQ] GET /view-schedules - 127.0.0.1
2025-10-01 14:38:09,981 - INFO - [AUTH] Authenticated access: admin (admin) to /view-schedules
2025-10-01 14:38:10,053 - INFO - [RESP] GET /view-schedules - 200
2025-10-01 14:38:10,054 - INFO - 127.0.0.1 - - [01/Oct/2025 14:38:10] "GET /view-schedules HTTP/1.1" 200 -
2025-10-01 14:38:10,294 - INFO - [REQ] GET /api/job-statuses - 127.0.0.1
2025-10-01 14:38:10,295 - INFO - [AUTH] Authenticated access: admin (admin) to /api/job-statuses
2025-10-01 14:38:10,297 - INFO - [RESP] GET /api/job-statuses - 404
2025-10-01 14:38:10,299 - INFO - 127.0.0.1 - - [01/Oct/2025 14:38:10] "[33mGET /api/job-statuses HTTP/1.1[0m" 404 -
2025-10-01 14:38:10,544 - INFO - [REQ] GET /static/actin-logo.png - 127.0.0.1
2025-10-01 14:38:10,545 - INFO - [RESP] GET /static/actin-logo.png - 304
2025-10-01 14:38:10,547 - INFO - 127.0.0.1 - - [01/Oct/2025 14:38:10] "[36mGET /static/actin-logo.png HTTP/1.1[0m" 304 -
2025-10-01 14:38:11,444 - INFO - [REQ] GET /dashboard - 127.0.0.1
2025-10-01 14:38:11,444 - INFO - [AUTH] Authenticated access: admin (admin) to /dashboard
2025-10-01 14:38:11,713 - INFO - [RESP] GET /dashboard - 200
2025-10-01 14:38:11,715 - INFO - 127.0.0.1 - - [01/Oct/2025 14:38:11] "GET /dashboard HTTP/1.1" 200 -
2025-10-01 14:38:11,741 - INFO - [REQ] GET /static/actin-logo.png - 127.0.0.1
2025-10-01 14:38:11,742 - INFO - [RESP] GET /static/actin-logo.png - 304
2025-10-01 14:38:11,745 - INFO - 127.0.0.1 - - [01/Oct/2025 14:38:11] "[36mGET /static/actin-logo.png HTTP/1.1[0m" 304 -
2025-10-01 14:38:14,010 - INFO - [REQ] GET /view-schedules - 127.0.0.1
2025-10-01 14:38:14,010 - INFO - [AUTH] Authenticated access: admin (admin) to /view-schedules
2025-10-01 14:38:14,076 - INFO - [RESP] GET /view-schedules - 200
2025-10-01 14:38:14,077 - INFO - 127.0.0.1 - - [01/Oct/2025 14:38:14] "GET /view-schedules HTTP/1.1" 200 -
2025-10-01 14:38:14,319 - INFO - [REQ] GET /api/job-statuses - 127.0.0.1
2025-10-01 14:38:14,321 - INFO - [AUTH] Authenticated access: admin (admin) to /api/job-statuses
2025-10-01 14:38:14,322 - INFO - [RESP] GET /api/job-statuses - 404
2025-10-01 14:38:14,325 - INFO - 127.0.0.1 - - [01/Oct/2025 14:38:14] "[33mGET /api/job-statuses HTTP/1.1[0m" 404 -
2025-10-01 14:38:14,589 - INFO - [REQ] GET /static/actin-logo.png - 127.0.0.1
2025-10-01 14:38:14,591 - INFO - [RESP] GET /static/actin-logo.png - 304
2025-10-01 14:38:14,593 - INFO - 127.0.0.1 - - [01/Oct/2025 14:38:14] "[36mGET /static/actin-logo.png HTTP/1.1[0m" 304 -
2025-10-01 14:38:17,598 - INFO - [REQ] GET /api/job-statuses - 127.0.0.1
2025-10-01 14:38:17,600 - INFO - [AUTH] Authenticated access: admin (admin) to /api/job-statuses
2025-10-01 14:38:17,601 - INFO - [RESP] GET /api/job-statuses - 404
2025-10-01 14:38:17,603 - INFO - 127.0.0.1 - - [01/Oct/2025 14:38:17] "[33mGET /api/job-statuses HTTP/1.1[0m" 404 -
2025-10-01 14:38:20,277 - INFO - [REQ] GET /api/job-statuses - 127.0.0.1
2025-10-01 14:38:20,278 - INFO - [AUTH] Authenticated access: admin (admin) to /api/job-statuses
2025-10-01 14:38:20,278 - INFO - [RESP] GET /api/job-statuses - 404
2025-10-01 14:38:20,279 - INFO - 127.0.0.1 - - [01/Oct/2025 14:38:20] "[33mGET /api/job-statuses HTTP/1.1[0m" 404 -
2025-10-01 14:38:22,712 - INFO - [REQ] GET /dashboard - 127.0.0.1
2025-10-01 14:38:22,714 - INFO - [AUTH] Authenticated access: admin (admin) to /dashboard
2025-10-01 14:38:22,894 - INFO - [RESP] GET /dashboard - 200
2025-10-01 14:38:22,895 - INFO - 127.0.0.1 - - [01/Oct/2025 14:38:22] "GET /dashboard HTTP/1.1" 200 -
2025-10-01 14:38:22,934 - INFO - [REQ] GET /static/actin-logo.png - 127.0.0.1
2025-10-01 14:38:22,937 - INFO - [RESP] GET /static/actin-logo.png - 304
2025-10-01 14:38:22,937 - INFO - 127.0.0.1 - - [01/Oct/2025 14:38:22] "[36mGET /static/actin-logo.png HTTP/1.1[0m" 304 -
2025-10-01 14:38:26,494 - INFO - [REQ] GET /logout - 127.0.0.1
2025-10-01 14:38:26,496 - INFO - [AUTH] Authenticated access: admin (admin) to /logout
2025-10-01 14:38:26,499 - INFO - [LOGOUT] User logged out: admin
2025-10-01 14:38:26,502 - INFO - [RESP] GET /logout - 302
2025-10-01 14:38:26,504 - INFO - 127.0.0.1 - - [01/Oct/2025 14:38:26] "[32mGET /logout HTTP/1.1[0m" 302 -
2025-10-01 14:38:26,801 - INFO - [REQ] GET /login - 127.0.0.1
2025-10-01 14:38:26,802 - INFO - [RESP] GET /login - 200
2025-10-01 14:38:26,803 - INFO - 127.0.0.1 - - [01/Oct/2025 14:38:26] "GET /login HTTP/1.1" 200 -
2025-10-01 14:38:29,418 - INFO - [REQ] GET /dashboard - 127.0.0.1
2025-10-01 14:38:29,420 - WARNING - [AUTH] BLOCKED unauthenticated access to /dashboard from 127.0.0.1
2025-10-01 14:38:29,422 - INFO - [RESP] GET /dashboard - 302
2025-10-01 14:38:29,424 - INFO - 127.0.0.1 - - [01/Oct/2025 14:38:29] "[32mGET /dashboard HTTP/1.1[0m" 302 -
2025-10-01 14:38:29,435 - INFO - [REQ] GET /login - 127.0.0.1
2025-10-01 14:38:29,437 - INFO - [RESP] GET /login - 200
2025-10-01 14:38:29,438 - INFO - 127.0.0.1 - - [01/Oct/2025 14:38:29] "GET /login HTTP/1.1" 200 -
2025-10-01 14:38:36,568 - INFO - [REQ] POST /login - 127.0.0.1
2025-10-01 14:38:36,979 - INFO - [LOGIN] Successful login: admin (admin) from 127.0.0.1
2025-10-01 14:38:36,980 - INFO - [RESP] POST /login - 302
2025-10-01 14:38:36,981 - INFO - 127.0.0.1 - - [01/Oct/2025 14:38:36] "[32mPOST /login HTTP/1.1[0m" 302 -
2025-10-01 14:38:36,987 - INFO - [REQ] GET / - 127.0.0.1
2025-10-01 14:38:36,987 - INFO - [AUTH] Authenticated access: admin (admin) to /
2025-10-01 14:38:36,989 - INFO - [HOME] Homepage accessed by user: admin
2025-10-01 14:38:36,992 - INFO - [INFO] Loaded 2 SQL servers for display
2025-10-01 14:38:36,996 - INFO - [RESP] GET / - 200
2025-10-01 14:38:36,997 - INFO - 127.0.0.1 - - [01/Oct/2025 14:38:36] "GET / HTTP/1.1" 200 -
2025-10-01 14:38:37,329 - INFO - [REQ] GET /static/actin-logo.png - 127.0.0.1
2025-10-01 14:38:37,333 - INFO - [RESP] GET /static/actin-logo.png - 304
2025-10-01 14:38:37,336 - INFO - 127.0.0.1 - - [01/Oct/2025 14:38:37] "[36mGET /static/actin-logo.png HTTP/1.1[0m" 304 -
2025-10-01 14:38:39,721 - INFO - [REQ] GET /view-schedules - 127.0.0.1
2025-10-01 14:38:39,722 - INFO - [AUTH] Authenticated access: admin (admin) to /view-schedules
2025-10-01 14:38:39,771 - INFO - [RESP] GET /view-schedules - 200
2025-10-01 14:38:39,772 - INFO - 127.0.0.1 - - [01/Oct/2025 14:38:39] "GET /view-schedules HTTP/1.1" 200 -
2025-10-01 14:38:40,027 - INFO - [REQ] GET /api/job-statuses - 127.0.0.1
2025-10-01 14:38:40,029 - INFO - [AUTH] Authenticated access: admin (admin) to /api/job-statuses
2025-10-01 14:38:40,030 - INFO - [RESP] GET /api/job-statuses - 404
2025-10-01 14:38:40,031 - INFO - 127.0.0.1 - - [01/Oct/2025 14:38:40] "[33mGET /api/job-statuses HTTP/1.1[0m" 404 -
2025-10-01 14:38:40,229 - INFO - [REQ] GET /static/actin-logo.png - 127.0.0.1
2025-10-01 14:38:40,233 - INFO - [RESP] GET /static/actin-logo.png - 304
2025-10-01 14:38:40,241 - INFO - 127.0.0.1 - - [01/Oct/2025 14:38:40] "[36mGET /static/actin-logo.png HTTP/1.1[0m" 304 -
2025-10-01 14:38:43,236 - INFO - [REQ] GET /api/job-statuses - 127.0.0.1
2025-10-01 14:38:43,238 - INFO - [AUTH] Authenticated access: admin (admin) to /api/job-statuses
2025-10-01 14:38:43,239 - INFO - [RESP] GET /api/job-statuses - 404
2025-10-01 14:38:43,242 - INFO - 127.0.0.1 - - [01/Oct/2025 14:38:43] "[33mGET /api/job-statuses HTTP/1.1[0m" 404 -
2025-10-01 14:38:45,915 - INFO - [REQ] GET /api/job-statuses - 127.0.0.1
2025-10-01 14:38:45,916 - INFO - [AUTH] Authenticated access: admin (admin) to /api/job-statuses
2025-10-01 14:38:45,916 - INFO - [RESP] GET /api/job-statuses - 404
2025-10-01 14:38:45,917 - INFO - 127.0.0.1 - - [01/Oct/2025 14:38:45] "[33mGET /api/job-statuses HTTP/1.1[0m" 404 -
2025-10-01 14:38:49,245 - INFO - [REQ] GET /api/job-statuses - 127.0.0.1
2025-10-01 14:38:49,246 - INFO - [AUTH] Authenticated access: admin (admin) to /api/job-statuses
2025-10-01 14:38:49,247 - INFO - [RESP] GET /api/job-statuses - 404
2025-10-01 14:38:49,249 - INFO - 127.0.0.1 - - [01/Oct/2025 14:38:49] "[33mGET /api/job-statuses HTTP/1.1[0m" 404 -
2025-10-01 14:38:52,549 - INFO - [REQ] GET /api/job-statuses - 127.0.0.1
2025-10-01 14:38:52,550 - INFO - [AUTH] Authenticated access: admin (admin) to /api/job-statuses
2025-10-01 14:38:52,551 - INFO - [RESP] GET /api/job-statuses - 404
2025-10-01 14:38:52,552 - INFO - 127.0.0.1 - - [01/Oct/2025 14:38:52] "[33mGET /api/job-statuses HTTP/1.1[0m" 404 -
2025-10-01 14:38:55,849 - INFO - [REQ] GET /api/job-statuses - 127.0.0.1
2025-10-01 14:38:55,850 - INFO - [AUTH] Authenticated access: admin (admin) to /api/job-statuses
2025-10-01 14:38:55,852 - INFO - [RESP] GET /api/job-statuses - 404
2025-10-01 14:38:55,854 - INFO - 127.0.0.1 - - [01/Oct/2025 14:38:55] "[33mGET /api/job-statuses HTTP/1.1[0m" 404 -
2025-10-01 14:38:58,552 - INFO - [REQ] GET /api/job-statuses - 127.0.0.1
2025-10-01 14:38:58,553 - INFO - [AUTH] Authenticated access: admin (admin) to /api/job-statuses
2025-10-01 14:38:58,554 - INFO - [RESP] GET /api/job-statuses - 404
2025-10-01 14:38:58,554 - INFO - 127.0.0.1 - - [01/Oct/2025 14:38:58] "[33mGET /api/job-statuses HTTP/1.1[0m" 404 -
2025-10-01 14:39:01,857 - INFO - [REQ] GET /api/job-statuses - 127.0.0.1
2025-10-01 14:39:01,859 - INFO - [AUTH] Authenticated access: admin (admin) to /api/job-statuses
2025-10-01 14:39:01,860 - INFO - [RESP] GET /api/job-statuses - 404
2025-10-01 14:39:01,862 - INFO - 127.0.0.1 - - [01/Oct/2025 14:39:01] "[33mGET /api/job-statuses HTTP/1.1[0m" 404 -
2025-10-01 14:39:04,538 - INFO - [REQ] GET /api/job-statuses - 127.0.0.1
2025-10-01 14:39:04,538 - INFO - [AUTH] Authenticated access: admin (admin) to /api/job-statuses
2025-10-01 14:39:04,540 - INFO - [RESP] GET /api/job-statuses - 404
2025-10-01 14:39:04,541 - INFO - 127.0.0.1 - - [01/Oct/2025 14:39:04] "[33mGET /api/job-statuses HTTP/1.1[0m" 404 -
2025-10-01 14:39:07,846 - INFO - [REQ] GET /api/job-statuses - 127.0.0.1
2025-10-01 14:39:07,846 - INFO - [AUTH] Authenticated access: admin (admin) to /api/job-statuses
2025-10-01 14:39:07,848 - INFO - [RESP] GET /api/job-statuses - 404
2025-10-01 14:39:07,849 - INFO - 127.0.0.1 - - [01/Oct/2025 14:39:07] "[33mGET /api/job-statuses HTTP/1.1[0m" 404 -
2025-10-01 14:39:10,543 - INFO - [REQ] GET /api/job-statuses - 127.0.0.1
2025-10-01 14:39:10,543 - INFO - [AUTH] Authenticated access: admin (admin) to /api/job-statuses
2025-10-01 14:39:10,545 - INFO - [RESP] GET /api/job-statuses - 404
2025-10-01 14:39:10,545 - INFO - 127.0.0.1 - - [01/Oct/2025 14:39:10] "[33mGET /api/job-statuses HTTP/1.1[0m" 404 -
2025-10-01 14:39:13,850 - INFO - [REQ] GET /api/job-statuses - 127.0.0.1
2025-10-01 14:39:13,850 - INFO - [AUTH] Authenticated access: admin (admin) to /api/job-statuses
2025-10-01 14:39:13,850 - INFO - [RESP] GET /api/job-statuses - 404
2025-10-01 14:39:13,851 - INFO - 127.0.0.1 - - [01/Oct/2025 14:39:13] "[33mGET /api/job-statuses HTTP/1.1[0m" 404 -
2025-10-01 14:39:16,550 - INFO - [REQ] GET /api/job-statuses - 127.0.0.1
2025-10-01 14:39:16,550 - INFO - [AUTH] Authenticated access: admin (admin) to /api/job-statuses
2025-10-01 14:39:16,551 - INFO - [RESP] GET /api/job-statuses - 404
2025-10-01 14:39:16,552 - INFO - 127.0.0.1 - - [01/Oct/2025 14:39:16] "[33mGET /api/job-statuses HTTP/1.1[0m" 404 -
2025-10-01 14:39:19,853 - INFO - [REQ] GET /api/job-statuses - 127.0.0.1
2025-10-01 14:39:19,854 - INFO - [AUTH] Authenticated access: admin (admin) to /api/job-statuses
2025-10-01 14:39:19,855 - INFO - [RESP] GET /api/job-statuses - 404
2025-10-01 14:39:19,857 - INFO - 127.0.0.1 - - [01/Oct/2025 14:39:19] "[33mGET /api/job-statuses HTTP/1.1[0m" 404 -
2025-10-01 14:39:22,549 - INFO - [REQ] GET /api/job-statuses - 127.0.0.1
2025-10-01 14:39:22,551 - INFO - [AUTH] Authenticated access: admin (admin) to /api/job-statuses
2025-10-01 14:39:22,552 - INFO - [RESP] GET /api/job-statuses - 404
2025-10-01 14:39:22,554 - INFO - 127.0.0.1 - - [01/Oct/2025 14:39:22] "[33mGET /api/job-statuses HTTP/1.1[0m" 404 -
2025-10-01 14:39:25,843 - INFO - [REQ] GET /api/job-statuses - 127.0.0.1
2025-10-01 14:39:25,844 - INFO - [AUTH] Authenticated access: admin (admin) to /api/job-statuses
2025-10-01 14:39:25,844 - INFO - [RESP] GET /api/job-statuses - 404
2025-10-01 14:39:25,845 - INFO - 127.0.0.1 - - [01/Oct/2025 14:39:25] "[33mGET /api/job-statuses HTTP/1.1[0m" 404 -
2025-10-01 14:39:28,541 - INFO - [REQ] GET /api/job-statuses - 127.0.0.1
2025-10-01 14:39:28,543 - INFO - [AUTH] Authenticated access: admin (admin) to /api/job-statuses
2025-10-01 14:39:28,544 - INFO - [RESP] GET /api/job-statuses - 404
2025-10-01 14:39:28,547 - INFO - 127.0.0.1 - - [01/Oct/2025 14:39:28] "[33mGET /api/job-statuses HTTP/1.1[0m" 404 -
2025-10-01 14:39:31,856 - INFO - [REQ] GET /api/job-statuses - 127.0.0.1
2025-10-01 14:39:31,857 - INFO - [AUTH] Authenticated access: admin (admin) to /api/job-statuses
2025-10-01 14:39:31,858 - INFO - [RESP] GET /api/job-statuses - 404
2025-10-01 14:39:31,860 - INFO - 127.0.0.1 - - [01/Oct/2025 14:39:31] "[33mGET /api/job-statuses HTTP/1.1[0m" 404 -
2025-10-01 14:39:34,541 - INFO - [REQ] GET /api/job-statuses - 127.0.0.1
2025-10-01 14:39:34,542 - INFO - [AUTH] Authenticated access: admin (admin) to /api/job-statuses
2025-10-01 14:39:34,543 - INFO - [RESP] GET /api/job-statuses - 404
2025-10-01 14:39:34,545 - INFO - 127.0.0.1 - - [01/Oct/2025 14:39:34] "[33mGET /api/job-statuses HTTP/1.1[0m" 404 -
2025-10-01 14:39:37,859 - INFO - [REQ] GET /api/job-statuses - 127.0.0.1
2025-10-01 14:39:37,861 - INFO - [AUTH] Authenticated access: admin (admin) to /api/job-statuses
2025-10-01 14:39:37,862 - INFO - [RESP] GET /api/job-statuses - 404
2025-10-01 14:39:37,863 - INFO - 127.0.0.1 - - [01/Oct/2025 14:39:37] "[33mGET /api/job-statuses HTTP/1.1[0m" 404 -
2025-10-01 14:39:39,653 - INFO -  * Detected change in 'C:\\Users\\SaadSayyed\\Desktop\\nitin_sir_7\\nitin_sir5\\app.py', reloading
2025-10-01 14:39:39,969 - INFO -  * Detected change in 'C:\\Users\\SaadSayyed\\Desktop\\nitin_sir_7\\nitin_sir5\\app.py', reloading
2025-10-01 14:39:40,074 - INFO -  * Restarting with stat
2025-10-01 14:39:41,276 - INFO - [INIT] Initializing Flask application...
2025-10-01 14:39:41,276 - INFO - [CONFIG] Loading configuration...
2025-10-01 14:39:41,277 - INFO - [AUTH] Authentication system ready
2025-10-01 14:39:41,277 - INFO - [DATABASE] Database connections configured
2025-10-01 14:39:41,277 - INFO - [SCHEDULER] Scheduler system active
2025-10-01 14:39:41,278 - INFO - [STARTUP] Application startup complete!
2025-10-01 14:39:41,296 - WARNING -  * Debugger is active!
2025-10-01 14:39:41,298 - INFO -  * Debugger PIN: 149-313-464
2025-10-01 14:39:41,321 - INFO - [REQ] GET /api/job-statuses - 127.0.0.1
2025-10-01 14:39:41,322 - INFO - [AUTH] Cleared old session from previous server instance
2025-10-01 14:39:41,322 - WARNING - [AUTH] BLOCKED unauthenticated access to /api/job-statuses from 127.0.0.1
2025-10-01 14:39:41,323 - INFO - [RESP] GET /api/job-statuses - 302
2025-10-01 14:39:41,324 - INFO - 127.0.0.1 - - [01/Oct/2025 14:39:41] "[32mGET /api/job-statuses HTTP/1.1[0m" 302 -
2025-10-01 14:39:41,328 - INFO - [REQ] GET /login - 127.0.0.1
2025-10-01 14:39:41,330 - INFO - [RESP] GET /login - 200
2025-10-01 14:39:41,330 - INFO - 127.0.0.1 - - [01/Oct/2025 14:39:41] "GET /login HTTP/1.1" 200 -
2025-10-01 14:39:41,414 - INFO - [INIT] Initializing Flask application...
2025-10-01 14:39:41,415 - INFO - [CONFIG] Loading configuration...
2025-10-01 14:39:41,415 - INFO - [AUTH] Authentication system ready
2025-10-01 14:39:41,415 - INFO - [DATABASE] Database connections configured
2025-10-01 14:39:41,415 - INFO - [SCHEDULER] Scheduler system active
2025-10-01 14:39:41,416 - INFO - [STARTUP] Application startup complete!
2025-10-01 14:39:41,428 - WARNING -  * Debugger is active!
2025-10-01 14:39:41,431 - INFO -  * Debugger PIN: 597-331-673
2025-10-01 14:39:43,852 - INFO - [REQ] GET /api/job-statuses - 127.0.0.1
2025-10-01 14:39:43,853 - WARNING - [AUTH] BLOCKED unauthenticated access to /api/job-statuses from 127.0.0.1
2025-10-01 14:39:43,855 - INFO - [RESP] GET /api/job-statuses - 302
2025-10-01 14:39:43,856 - INFO - 127.0.0.1 - - [01/Oct/2025 14:39:43] "[32mGET /api/job-statuses HTTP/1.1[0m" 302 -
2025-10-01 14:39:44,115 - INFO - [REQ] GET /login - 127.0.0.1
2025-10-01 14:39:44,117 - INFO - [RESP] GET /login - 200
2025-10-01 14:39:44,118 - INFO - 127.0.0.1 - - [01/Oct/2025 14:39:44] "GET /login HTTP/1.1" 200 -
2025-10-01 14:39:46,544 - INFO - [REQ] GET /api/job-statuses - 127.0.0.1
2025-10-01 14:39:46,546 - WARNING - [AUTH] BLOCKED unauthenticated access to /api/job-statuses from 127.0.0.1
2025-10-01 14:39:46,547 - INFO - [RESP] GET /api/job-statuses - 302
2025-10-01 14:39:46,548 - INFO - 127.0.0.1 - - [01/Oct/2025 14:39:46] "[32mGET /api/job-statuses HTTP/1.1[0m" 302 -
2025-10-01 14:39:46,867 - INFO - [REQ] GET /login - 127.0.0.1
2025-10-01 14:39:46,867 - INFO - [RESP] GET /login - 200
2025-10-01 14:39:46,869 - INFO - 127.0.0.1 - - [01/Oct/2025 14:39:46] "GET /login HTTP/1.1" 200 -
2025-10-01 14:39:49,540 - INFO - [REQ] GET /api/job-statuses - 127.0.0.1
2025-10-01 14:39:49,542 - WARNING - [AUTH] BLOCKED unauthenticated access to /api/job-statuses from 127.0.0.1
2025-10-01 14:39:49,543 - INFO - [RESP] GET /api/job-statuses - 302
2025-10-01 14:39:49,544 - INFO - 127.0.0.1 - - [01/Oct/2025 14:39:49] "[32mGET /api/job-statuses HTTP/1.1[0m" 302 -
2025-10-01 14:39:49,854 - INFO - [REQ] GET /login - 127.0.0.1
2025-10-01 14:39:49,855 - INFO - [RESP] GET /login - 200
2025-10-01 14:39:49,856 - INFO - 127.0.0.1 - - [01/Oct/2025 14:39:49] "GET /login HTTP/1.1" 200 -
2025-10-01 14:40:15,634 - INFO -  * Detected change in 'C:\\Users\\SaadSayyed\\Desktop\\nitin_sir_7\\nitin_sir5\\app.py', reloading
2025-10-01 14:40:15,786 - INFO -  * Restarting with stat
2025-10-01 14:40:15,888 - INFO -  * Detected change in 'C:\\Users\\SaadSayyed\\Desktop\\nitin_sir_7\\nitin_sir5\\app.py', reloading
2025-10-01 14:44:18,831 - INFO - [INIT] Initializing Flask application...
2025-10-01 14:44:18,832 - INFO - [CONFIG] Loading configuration...
2025-10-01 14:44:18,832 - INFO - [AUTH] Authentication system ready
2025-10-01 14:44:18,832 - INFO - [DATABASE] Database connections configured
2025-10-01 14:44:18,832 - INFO - [SCHEDULER] Scheduler system active
2025-10-01 14:44:18,833 - INFO - [STARTUP] Application startup complete!
2025-10-01 14:44:18,854 - INFO - [31m[1mWARNING: This is a development server. Do not use it in a production deployment. Use a production WSGI server instead.[0m
 * Running on http://127.0.0.1:5000
2025-10-01 14:44:18,854 - INFO - [33mPress CTRL+C to quit[0m
2025-10-01 14:44:18,856 - INFO -  * Restarting with stat
2025-10-01 14:44:20,280 - INFO - [INIT] Initializing Flask application...
2025-10-01 14:44:20,280 - INFO - [CONFIG] Loading configuration...
2025-10-01 14:44:20,281 - INFO - [AUTH] Authentication system ready
2025-10-01 14:44:20,281 - INFO - [DATABASE] Database connections configured
2025-10-01 14:44:20,285 - INFO - [SCHEDULER] Scheduler system active
2025-10-01 14:44:20,286 - INFO - [STARTUP] Application startup complete!
2025-10-01 14:44:20,316 - WARNING -  * Debugger is active!
2025-10-01 14:44:20,320 - INFO -  * Debugger PIN: 597-331-673
2025-10-01 14:44:20,340 - INFO - [REQ] GET /api/job-statuses - 127.0.0.1
2025-10-01 14:44:20,341 - INFO - [DEBUG] Checking auth for /api/job-statuses - Session: {'_flashes': [('warning', 'Please log in to access this page')]}
2025-10-01 14:44:20,342 - WARNING - [AUTH] BLOCKED unauthenticated access to /api/job-statuses from 127.0.0.1
2025-10-01 14:44:20,343 - WARNING - [AUTH] Session contents: {'_flashes': [('warning', 'Please log in to access this page')]}
2025-10-01 14:44:20,343 - INFO - [RESP] GET /api/job-statuses - 302
2025-10-01 14:44:20,345 - INFO - 127.0.0.1 - - [01/Oct/2025 14:44:20] "[32mGET /api/job-statuses HTTP/1.1[0m" 302 -
2025-10-01 14:44:20,406 - INFO - [REQ] GET /login - 127.0.0.1
2025-10-01 14:44:20,410 - INFO - [RESP] GET /login - 200
2025-10-01 14:44:20,411 - INFO - 127.0.0.1 - - [01/Oct/2025 14:44:20] "GET /login HTTP/1.1" 200 -
2025-10-01 14:44:21,600 - INFO - [REQ] GET /view-schedules - 127.0.0.1
2025-10-01 14:44:21,602 - INFO - [DEBUG] Checking auth for /view-schedules - Session: {'_flashes': [('warning', 'Please log in to access this page')]}
2025-10-01 14:44:21,603 - WARNING - [AUTH] BLOCKED unauthenticated access to /view-schedules from 127.0.0.1
2025-10-01 14:44:21,603 - WARNING - [AUTH] Session contents: {'_flashes': [('warning', 'Please log in to access this page')]}
2025-10-01 14:44:21,604 - INFO - [RESP] GET /view-schedules - 302
2025-10-01 14:44:21,605 - INFO - 127.0.0.1 - - [01/Oct/2025 14:44:21] "[32mGET /view-schedules HTTP/1.1[0m" 302 -
2025-10-01 14:44:21,914 - INFO - [REQ] GET /login - 127.0.0.1
2025-10-01 14:44:21,915 - INFO - [RESP] GET /login - 200
2025-10-01 14:44:21,916 - INFO - 127.0.0.1 - - [01/Oct/2025 14:44:21] "GET /login HTTP/1.1" 200 -
2025-10-01 14:44:28,898 - INFO - [REQ] POST /login - 127.0.0.1
2025-10-01 14:44:29,388 - INFO - [LOGIN] Successful login: admin (admin) from 127.0.0.1
2025-10-01 14:44:29,391 - INFO - [RESP] POST /login - 302
2025-10-01 14:44:29,395 - INFO - 127.0.0.1 - - [01/Oct/2025 14:44:29] "[32mPOST /login HTTP/1.1[0m" 302 -
2025-10-01 14:44:29,406 - INFO - [REQ] GET / - 127.0.0.1
2025-10-01 14:44:29,408 - INFO - [DEBUG] Checking auth for / - Session: {'_flashes': [('warning', 'Please log in to access this page'), ('success', 'Welcome, admin!')], '_permanent': True, 'role': 'admin', 'session_ip': '127.0.0.1', 'session_start_time': 1759310069.388528, 'username': 'admin'}
2025-10-01 14:44:29,408 - INFO - [AUTH] Authenticated access: admin (admin) to /
2025-10-01 14:44:29,410 - INFO - [HOME] Homepage accessed by user: admin
2025-10-01 14:44:29,416 - INFO - [INFO] Loaded 2 SQL servers for display
2025-10-01 14:44:29,450 - INFO - [RESP] GET / - 200
2025-10-01 14:44:29,452 - INFO - 127.0.0.1 - - [01/Oct/2025 14:44:29] "GET / HTTP/1.1" 200 -
2025-10-01 14:44:29,472 - INFO - [REQ] GET /static/actin-logo.png - 127.0.0.1
2025-10-01 14:44:29,615 - INFO - [RESP] GET /static/actin-logo.png - 304
2025-10-01 14:44:29,616 - INFO - 127.0.0.1 - - [01/Oct/2025 14:44:29] "[36mGET /static/actin-logo.png HTTP/1.1[0m" 304 -
2025-10-01 14:44:32,935 - INFO - [REQ] GET /dashboard - 127.0.0.1
2025-10-01 14:44:32,936 - INFO - [DEBUG] Checking auth for /dashboard - Session: {'_flashes': [('warning', 'Please log in to access this page'), ('success', 'Welcome, admin!')], '_permanent': True, 'role': 'admin', 'session_ip': '127.0.0.1', 'session_start_time': 1759310069.388528, 'username': 'admin'}
2025-10-01 14:44:32,938 - INFO - [AUTH] Authenticated access: admin (admin) to /dashboard
2025-10-01 14:44:33,123 - INFO - [RESP] GET /dashboard - 200
2025-10-01 14:44:33,124 - INFO - 127.0.0.1 - - [01/Oct/2025 14:44:33] "GET /dashboard HTTP/1.1" 200 -
2025-10-01 14:44:33,167 - INFO - [REQ] GET /static/actin-logo.png - 127.0.0.1
2025-10-01 14:44:33,169 - INFO - [RESP] GET /static/actin-logo.png - 304
2025-10-01 14:44:33,170 - INFO - 127.0.0.1 - - [01/Oct/2025 14:44:33] "[36mGET /static/actin-logo.png HTTP/1.1[0m" 304 -
2025-10-01 14:44:35,037 - INFO - [REQ] GET /view-schedules - 127.0.0.1
2025-10-01 14:44:35,039 - INFO - [DEBUG] Checking auth for /view-schedules - Session: {'_flashes': [('warning', 'Please log in to access this page'), ('success', 'Welcome, admin!')], '_permanent': True, 'role': 'admin', 'session_ip': '127.0.0.1', 'session_start_time': 1759310069.388528, 'username': 'admin'}
2025-10-01 14:44:35,040 - INFO - [AUTH] Authenticated access: admin (admin) to /view-schedules
2025-10-01 14:44:35,116 - INFO - [RESP] GET /view-schedules - 200
2025-10-01 14:44:35,118 - INFO - 127.0.0.1 - - [01/Oct/2025 14:44:35] "GET /view-schedules HTTP/1.1" 200 -
2025-10-01 14:44:35,352 - INFO - [REQ] GET /api/job-statuses - 127.0.0.1
2025-10-01 14:44:35,353 - INFO - [DEBUG] Checking auth for /api/job-statuses - Session: {'_flashes': [('warning', 'Please log in to access this page'), ('success', 'Welcome, admin!')], '_permanent': True, 'role': 'admin', 'session_ip': '127.0.0.1', 'session_start_time': 1759310069.388528, 'username': 'admin'}
2025-10-01 14:44:35,354 - INFO - [AUTH] Authenticated access: admin (admin) to /api/job-statuses
2025-10-01 14:44:35,355 - INFO - [RESP] GET /api/job-statuses - 404
2025-10-01 14:44:35,358 - INFO - 127.0.0.1 - - [01/Oct/2025 14:44:35] "[33mGET /api/job-statuses HTTP/1.1[0m" 404 -
2025-10-01 14:44:35,617 - INFO - [REQ] GET /static/actin-logo.png - 127.0.0.1
2025-10-01 14:44:35,619 - INFO - [RESP] GET /static/actin-logo.png - 304
2025-10-01 14:44:35,622 - INFO - 127.0.0.1 - - [01/Oct/2025 14:44:35] "[36mGET /static/actin-logo.png HTTP/1.1[0m" 304 -
2025-10-01 14:44:38,577 - INFO - [REQ] POST /delete-schedule/server1/interval_5m - 127.0.0.1
2025-10-01 14:44:38,578 - INFO - [REQ] GET /api/job-statuses - 127.0.0.1
2025-10-01 14:44:38,580 - INFO - [DEBUG] Checking auth for /delete-schedule/server1/interval_5m - Session: {'_flashes': [('warning', 'Please log in to access this page'), ('success', 'Welcome, admin!')], '_permanent': True, 'role': 'admin', 'session_ip': '127.0.0.1', 'session_start_time': 1759310069.388528, 'username': 'admin'}
2025-10-01 14:44:38,581 - INFO - [DEBUG] Checking auth for /api/job-statuses - Session: {'_flashes': [('warning', 'Please log in to access this page'), ('success', 'Welcome, admin!')], '_permanent': True, 'role': 'admin', 'session_ip': '127.0.0.1', 'session_start_time': 1759310069.388528, 'username': 'admin'}
2025-10-01 14:44:38,582 - INFO - [AUTH] Authenticated access: admin (admin) to /delete-schedule/server1/interval_5m
2025-10-01 14:44:38,582 - INFO - [AUTH] Authenticated access: admin (admin) to /api/job-statuses
2025-10-01 14:44:38,588 - INFO - [RESP] GET /api/job-statuses - 404
2025-10-01 14:44:38,591 - INFO - 127.0.0.1 - - [01/Oct/2025 14:44:38] "[33mGET /api/job-statuses HTTP/1.1[0m" 404 -
2025-10-01 14:44:38,664 - INFO - [RESP] POST /delete-schedule/server1/interval_5m - 302
2025-10-01 14:44:38,665 - INFO - 127.0.0.1 - - [01/Oct/2025 14:44:38] "[32mPOST /delete-schedule/server1/interval_5m HTTP/1.1[0m" 302 -
2025-10-01 14:44:38,825 - INFO - [REQ] GET /view-schedules - 127.0.0.1
2025-10-01 14:44:38,963 - INFO - [AUTH] Authenticated access: admin (admin) to /view-schedules
2025-10-01 14:44:39,035 - INFO - [RESP] GET /view-schedules - 200
2025-10-01 14:44:39,037 - INFO - 127.0.0.1 - - [01/Oct/2025 14:44:39] "GET /view-schedules HTTP/1.1" 200 -
2025-10-01 14:44:39,055 - INFO - [REQ] GET /static/actin-logo.png - 127.0.0.1
2025-10-01 14:44:39,058 - INFO - [RESP] GET /static/actin-logo.png - 304
2025-10-01 14:44:39,060 - INFO - 127.0.0.1 - - [01/Oct/2025 14:44:39] "[36mGET /static/actin-logo.png HTTP/1.1[0m" 304 -
2025-10-01 14:44:39,450 - INFO - [REQ] GET /api/job-statuses - 127.0.0.1
2025-10-01 14:44:39,465 - INFO - [AUTH] Authenticated access: admin (admin) to /api/job-statuses
2025-10-01 14:44:39,466 - INFO - [RESP] GET /api/job-statuses - 404
2025-10-01 14:44:39,467 - INFO - 127.0.0.1 - - [01/Oct/2025 14:44:39] "[33mGET /api/job-statuses HTTP/1.1[0m" 404 -
2025-10-01 14:44:41,721 - INFO - [REQ] POST /delete-schedule/server1/interval_20m - 127.0.0.1
2025-10-01 14:44:41,735 - INFO - [AUTH] Authenticated access: admin (admin) to /delete-schedule/server1/interval_20m
2025-10-01 14:44:41,808 - INFO - [RESP] POST /delete-schedule/server1/interval_20m - 302
2025-10-01 14:44:41,810 - INFO - 127.0.0.1 - - [01/Oct/2025 14:44:41] "[32mPOST /delete-schedule/server1/interval_20m HTTP/1.1[0m" 302 -
2025-10-01 14:44:42,033 - INFO - [REQ] GET /view-schedules - 127.0.0.1
2025-10-01 14:44:42,046 - INFO - [AUTH] Authenticated access: admin (admin) to /view-schedules
2025-10-01 14:44:42,114 - INFO - [RESP] GET /view-schedules - 200
2025-10-01 14:44:42,115 - INFO - 127.0.0.1 - - [01/Oct/2025 14:44:42] "GET /view-schedules HTTP/1.1" 200 -
2025-10-01 14:44:42,448 - INFO - [REQ] GET /api/job-statuses - 127.0.0.1
2025-10-01 14:44:42,453 - INFO - [AUTH] Authenticated access: admin (admin) to /api/job-statuses
2025-10-01 14:44:42,455 - INFO - [RESP] GET /api/job-statuses - 404
2025-10-01 14:44:42,456 - INFO - 127.0.0.1 - - [01/Oct/2025 14:44:42] "[33mGET /api/job-statuses HTTP/1.1[0m" 404 -
2025-10-01 14:44:42,529 - INFO - [REQ] GET /static/actin-logo.png - 127.0.0.1
2025-10-01 14:44:42,531 - INFO - [RESP] GET /static/actin-logo.png - 304
2025-10-01 14:44:42,540 - INFO - 127.0.0.1 - - [01/Oct/2025 14:44:42] "[36mGET /static/actin-logo.png HTTP/1.1[0m" 304 -
2025-10-01 14:44:45,216 - INFO - [REQ] GET /api/job-statuses - 127.0.0.1
2025-10-01 14:44:45,229 - INFO - [AUTH] Authenticated access: admin (admin) to /api/job-statuses
2025-10-01 14:44:45,230 - INFO - [RESP] GET /api/job-statuses - 404
2025-10-01 14:44:45,232 - INFO - 127.0.0.1 - - [01/Oct/2025 14:44:45] "[33mGET /api/job-statuses HTTP/1.1[0m" 404 -
2025-10-01 14:44:48,535 - INFO - [REQ] GET /api/job-statuses - 127.0.0.1
2025-10-01 14:44:48,542 - INFO - [AUTH] Authenticated access: admin (admin) to /api/job-statuses
2025-10-01 14:44:48,543 - INFO - [RESP] GET /api/job-statuses - 404
2025-10-01 14:44:48,545 - INFO - 127.0.0.1 - - [01/Oct/2025 14:44:48] "[33mGET /api/job-statuses HTTP/1.1[0m" 404 -
2025-10-01 14:44:51,224 - INFO - [REQ] GET /api/job-statuses - 127.0.0.1
2025-10-01 14:44:51,233 - INFO - [AUTH] Authenticated access: admin (admin) to /api/job-statuses
2025-10-01 14:44:51,238 - INFO - [RESP] GET /api/job-statuses - 404
2025-10-01 14:44:51,239 - INFO - 127.0.0.1 - - [01/Oct/2025 14:44:51] "[33mGET /api/job-statuses HTTP/1.1[0m" 404 -
2025-10-01 14:44:54,527 - INFO - [REQ] GET /api/job-statuses - 127.0.0.1
2025-10-01 14:44:54,536 - INFO - [AUTH] Authenticated access: admin (admin) to /api/job-statuses
2025-10-01 14:44:54,538 - INFO - [RESP] GET /api/job-statuses - 404
2025-10-01 14:44:54,540 - INFO - 127.0.0.1 - - [01/Oct/2025 14:44:54] "[33mGET /api/job-statuses HTTP/1.1[0m" 404 -
2025-10-01 14:44:57,226 - INFO - [REQ] GET /api/job-statuses - 127.0.0.1
2025-10-01 14:44:57,234 - INFO - [AUTH] Authenticated access: admin (admin) to /api/job-statuses
2025-10-01 14:44:57,235 - INFO - [RESP] GET /api/job-statuses - 404
2025-10-01 14:44:57,238 - INFO - 127.0.0.1 - - [01/Oct/2025 14:44:57] "[33mGET /api/job-statuses HTTP/1.1[0m" 404 -
2025-10-01 14:45:00,526 - INFO - [REQ] GET /api/job-statuses - 127.0.0.1
2025-10-01 14:45:00,534 - INFO - [AUTH] Authenticated access: admin (admin) to /api/job-statuses
2025-10-01 14:45:00,538 - INFO - [RESP] GET /api/job-statuses - 404
2025-10-01 14:45:00,544 - INFO - 127.0.0.1 - - [01/Oct/2025 14:45:00] "[33mGET /api/job-statuses HTTP/1.1[0m" 404 -
2025-10-01 14:45:03,229 - INFO - [REQ] GET /api/job-statuses - 127.0.0.1
2025-10-01 14:45:03,238 - INFO - [AUTH] Authenticated access: admin (admin) to /api/job-statuses
2025-10-01 14:45:03,240 - INFO - [RESP] GET /api/job-statuses - 404
2025-10-01 14:45:03,241 - INFO - 127.0.0.1 - - [01/Oct/2025 14:45:03] "[33mGET /api/job-statuses HTTP/1.1[0m" 404 -
2025-10-01 14:45:06,534 - INFO - [REQ] GET /api/job-statuses - 127.0.0.1
2025-10-01 14:45:06,541 - INFO - [AUTH] Authenticated access: admin (admin) to /api/job-statuses
2025-10-01 14:45:06,542 - INFO - [RESP] GET /api/job-statuses - 404
2025-10-01 14:45:06,543 - INFO - 127.0.0.1 - - [01/Oct/2025 14:45:06] "[33mGET /api/job-statuses HTTP/1.1[0m" 404 -
2025-10-01 14:45:09,225 - INFO - [REQ] GET /api/job-statuses - 127.0.0.1
2025-10-01 14:45:09,233 - INFO - [AUTH] Authenticated access: admin (admin) to /api/job-statuses
2025-10-01 14:45:09,235 - INFO - [RESP] GET /api/job-statuses - 404
2025-10-01 14:45:09,239 - INFO - 127.0.0.1 - - [01/Oct/2025 14:45:09] "[33mGET /api/job-statuses HTTP/1.1[0m" 404 -
2025-10-01 14:45:12,536 - INFO - [REQ] GET /api/job-statuses - 127.0.0.1
2025-10-01 14:45:12,543 - INFO - [AUTH] Authenticated access: admin (admin) to /api/job-statuses
2025-10-01 14:45:12,544 - INFO - [RESP] GET /api/job-statuses - 404
2025-10-01 14:45:12,545 - INFO - 127.0.0.1 - - [01/Oct/2025 14:45:12] "[33mGET /api/job-statuses HTTP/1.1[0m" 404 -
2025-10-01 14:45:15,227 - INFO - [REQ] GET /api/job-statuses - 127.0.0.1
2025-10-01 14:45:15,233 - INFO - [AUTH] Authenticated access: admin (admin) to /api/job-statuses
2025-10-01 14:45:15,234 - INFO - [RESP] GET /api/job-statuses - 404
2025-10-01 14:45:15,236 - INFO - 127.0.0.1 - - [01/Oct/2025 14:45:15] "[33mGET /api/job-statuses HTTP/1.1[0m" 404 -
2025-10-01 14:45:18,529 - INFO - [REQ] GET /api/job-statuses - 127.0.0.1
2025-10-01 14:45:18,541 - INFO - [AUTH] Authenticated access: admin (admin) to /api/job-statuses
2025-10-01 14:45:18,543 - INFO - [RESP] GET /api/job-statuses - 404
2025-10-01 14:45:18,545 - INFO - 127.0.0.1 - - [01/Oct/2025 14:45:18] "[33mGET /api/job-statuses HTTP/1.1[0m" 404 -
2025-10-01 14:45:21,227 - INFO - [REQ] GET /api/job-statuses - 127.0.0.1
2025-10-01 14:45:21,232 - INFO - [AUTH] Authenticated access: admin (admin) to /api/job-statuses
2025-10-01 14:45:21,233 - INFO - [RESP] GET /api/job-statuses - 404
2025-10-01 14:45:21,235 - INFO - 127.0.0.1 - - [01/Oct/2025 14:45:21] "[33mGET /api/job-statuses HTTP/1.1[0m" 404 -
2025-10-01 14:45:24,538 - INFO - [REQ] GET /api/job-statuses - 127.0.0.1
2025-10-01 14:45:24,545 - INFO - [AUTH] Authenticated access: admin (admin) to /api/job-statuses
2025-10-01 14:45:24,545 - INFO - [RESP] GET /api/job-statuses - 404
2025-10-01 14:45:24,547 - INFO - 127.0.0.1 - - [01/Oct/2025 14:45:24] "[33mGET /api/job-statuses HTTP/1.1[0m" 404 -
2025-10-01 14:45:27,225 - INFO - [REQ] GET /api/job-statuses - 127.0.0.1
2025-10-01 14:45:27,232 - INFO - [AUTH] Authenticated access: admin (admin) to /api/job-statuses
2025-10-01 14:45:27,233 - INFO - [RESP] GET /api/job-statuses - 404
2025-10-01 14:45:27,234 - INFO - 127.0.0.1 - - [01/Oct/2025 14:45:27] "[33mGET /api/job-statuses HTTP/1.1[0m" 404 -
2025-10-01 14:45:30,530 - INFO - [REQ] GET /api/job-statuses - 127.0.0.1
2025-10-01 14:45:30,537 - INFO - [AUTH] Authenticated access: admin (admin) to /api/job-statuses
2025-10-01 14:45:30,538 - INFO - [RESP] GET /api/job-statuses - 404
2025-10-01 14:45:30,540 - INFO - 127.0.0.1 - - [01/Oct/2025 14:45:30] "[33mGET /api/job-statuses HTTP/1.1[0m" 404 -
2025-10-01 14:45:33,226 - INFO - [REQ] GET /api/job-statuses - 127.0.0.1
2025-10-01 14:45:33,235 - INFO - [AUTH] Authenticated access: admin (admin) to /api/job-statuses
2025-10-01 14:45:33,235 - INFO - [RESP] GET /api/job-statuses - 404
2025-10-01 14:45:33,238 - INFO - 127.0.0.1 - - [01/Oct/2025 14:45:33] "[33mGET /api/job-statuses HTTP/1.1[0m" 404 -
2025-10-01 14:45:36,535 - INFO - [REQ] GET /api/job-statuses - 127.0.0.1
2025-10-01 14:45:36,570 - INFO - [AUTH] Authenticated access: admin (admin) to /api/job-statuses
2025-10-01 14:45:36,571 - INFO - [RESP] GET /api/job-statuses - 404
2025-10-01 14:45:36,575 - INFO - 127.0.0.1 - - [01/Oct/2025 14:45:36] "[33mGET /api/job-statuses HTTP/1.1[0m" 404 -
2025-10-01 14:45:39,220 - INFO - [REQ] GET /api/job-statuses - 127.0.0.1
2025-10-01 14:45:39,226 - INFO - [AUTH] Authenticated access: admin (admin) to /api/job-statuses
2025-10-01 14:45:39,226 - INFO - [RESP] GET /api/job-statuses - 404
2025-10-01 14:45:39,227 - INFO - 127.0.0.1 - - [01/Oct/2025 14:45:39] "[33mGET /api/job-statuses HTTP/1.1[0m" 404 -
2025-10-01 14:45:42,540 - INFO - [REQ] GET /api/job-statuses - 127.0.0.1
2025-10-01 14:45:42,551 - INFO - [AUTH] Authenticated access: admin (admin) to /api/job-statuses
2025-10-01 14:45:42,552 - INFO - [RESP] GET /api/job-statuses - 404
2025-10-01 14:45:42,554 - INFO - 127.0.0.1 - - [01/Oct/2025 14:45:42] "[33mGET /api/job-statuses HTTP/1.1[0m" 404 -
2025-10-01 14:45:45,219 - INFO - [REQ] GET /api/job-statuses - 127.0.0.1
2025-10-01 14:45:45,224 - INFO - [AUTH] Authenticated access: admin (admin) to /api/job-statuses
2025-10-01 14:45:45,225 - INFO - [RESP] GET /api/job-statuses - 404
2025-10-01 14:45:45,227 - INFO - 127.0.0.1 - - [01/Oct/2025 14:45:45] "[33mGET /api/job-statuses HTTP/1.1[0m" 404 -
2025-10-01 14:45:48,546 - INFO - [REQ] GET /api/job-statuses - 127.0.0.1
2025-10-01 14:45:48,565 - INFO - [AUTH] Authenticated access: admin (admin) to /api/job-statuses
2025-10-01 14:45:48,566 - INFO - [RESP] GET /api/job-statuses - 404
2025-10-01 14:45:48,567 - INFO - 127.0.0.1 - - [01/Oct/2025 14:45:48] "[33mGET /api/job-statuses HTTP/1.1[0m" 404 -
2025-10-01 14:45:51,219 - INFO - [REQ] GET /api/job-statuses - 127.0.0.1
2025-10-01 14:45:51,226 - INFO - [AUTH] Authenticated access: admin (admin) to /api/job-statuses
2025-10-01 14:45:51,227 - INFO - [RESP] GET /api/job-statuses - 404
2025-10-01 14:45:51,231 - INFO - 127.0.0.1 - - [01/Oct/2025 14:45:51] "[33mGET /api/job-statuses HTTP/1.1[0m" 404 -
2025-10-01 14:45:54,534 - INFO - [REQ] GET /api/job-statuses - 127.0.0.1
2025-10-01 14:45:54,539 - INFO - [AUTH] Authenticated access: admin (admin) to /api/job-statuses
2025-10-01 14:45:54,539 - INFO - [RESP] GET /api/job-statuses - 404
2025-10-01 14:45:54,540 - INFO - 127.0.0.1 - - [01/Oct/2025 14:45:54] "[33mGET /api/job-statuses HTTP/1.1[0m" 404 -
2025-10-01 14:45:57,229 - INFO - [REQ] GET /api/job-statuses - 127.0.0.1
2025-10-01 14:45:57,247 - INFO - [AUTH] Authenticated access: admin (admin) to /api/job-statuses
2025-10-01 14:45:57,249 - INFO - [RESP] GET /api/job-statuses - 404
2025-10-01 14:45:57,251 - INFO - 127.0.0.1 - - [01/Oct/2025 14:45:57] "[33mGET /api/job-statuses HTTP/1.1[0m" 404 -
2025-10-01 14:46:00,528 - INFO - [REQ] GET /api/job-statuses - 127.0.0.1
2025-10-01 14:46:00,543 - INFO - [AUTH] Authenticated access: admin (admin) to /api/job-statuses
2025-10-01 14:46:00,545 - INFO - [RESP] GET /api/job-statuses - 404
2025-10-01 14:46:00,548 - INFO - 127.0.0.1 - - [01/Oct/2025 14:46:00] "[33mGET /api/job-statuses HTTP/1.1[0m" 404 -
2025-10-01 14:46:03,220 - INFO - [REQ] GET /api/job-statuses - 127.0.0.1
2025-10-01 14:46:03,224 - INFO - [AUTH] Authenticated access: admin (admin) to /api/job-statuses
2025-10-01 14:46:03,224 - INFO - [RESP] GET /api/job-statuses - 404
2025-10-01 14:46:03,225 - INFO - 127.0.0.1 - - [01/Oct/2025 14:46:03] "[33mGET /api/job-statuses HTTP/1.1[0m" 404 -
2025-10-01 14:46:06,535 - INFO - [REQ] GET /api/job-statuses - 127.0.0.1
2025-10-01 14:46:06,540 - INFO - [AUTH] Authenticated access: admin (admin) to /api/job-statuses
2025-10-01 14:46:06,542 - INFO - [RESP] GET /api/job-statuses - 404
2025-10-01 14:46:06,543 - INFO - 127.0.0.1 - - [01/Oct/2025 14:46:06] "[33mGET /api/job-statuses HTTP/1.1[0m" 404 -
2025-10-01 14:46:09,229 - INFO - [REQ] GET /api/job-statuses - 127.0.0.1
2025-10-01 14:46:09,234 - INFO - [AUTH] Authenticated access: admin (admin) to /api/job-statuses
2025-10-01 14:46:09,236 - INFO - [RESP] GET /api/job-statuses - 404
2025-10-01 14:46:09,237 - INFO - 127.0.0.1 - - [01/Oct/2025 14:46:09] "[33mGET /api/job-statuses HTTP/1.1[0m" 404 -
2025-10-01 14:46:12,535 - INFO - [REQ] GET /api/job-statuses - 127.0.0.1
2025-10-01 14:46:12,542 - INFO - [AUTH] Authenticated access: admin (admin) to /api/job-statuses
2025-10-01 14:46:12,543 - INFO - [RESP] GET /api/job-statuses - 404
2025-10-01 14:46:12,544 - INFO - 127.0.0.1 - - [01/Oct/2025 14:46:12] "[33mGET /api/job-statuses HTTP/1.1[0m" 404 -
2025-10-01 14:46:15,217 - INFO - [REQ] GET /api/job-statuses - 127.0.0.1
2025-10-01 14:46:15,226 - INFO - [AUTH] Authenticated access: admin (admin) to /api/job-statuses
2025-10-01 14:46:15,228 - INFO - [RESP] GET /api/job-statuses - 404
2025-10-01 14:46:15,232 - INFO - 127.0.0.1 - - [01/Oct/2025 14:46:15] "[33mGET /api/job-statuses HTTP/1.1[0m" 404 -
2025-10-01 14:46:18,532 - INFO - [REQ] GET /api/job-statuses - 127.0.0.1
2025-10-01 14:46:18,537 - INFO - [AUTH] Authenticated access: admin (admin) to /api/job-statuses
2025-10-01 14:46:18,539 - INFO - [RESP] GET /api/job-statuses - 404
2025-10-01 14:46:18,539 - INFO - 127.0.0.1 - - [01/Oct/2025 14:46:18] "[33mGET /api/job-statuses HTTP/1.1[0m" 404 -
2025-10-01 14:46:21,217 - INFO - [REQ] GET /api/job-statuses - 127.0.0.1
2025-10-01 14:46:21,224 - INFO - [AUTH] Authenticated access: admin (admin) to /api/job-statuses
2025-10-01 14:46:21,225 - INFO - [RESP] GET /api/job-statuses - 404
2025-10-01 14:46:21,226 - INFO - 127.0.0.1 - - [01/Oct/2025 14:46:21] "[33mGET /api/job-statuses HTTP/1.1[0m" 404 -
2025-10-01 14:46:24,541 - INFO - [REQ] GET /api/job-statuses - 127.0.0.1
2025-10-01 14:46:24,553 - INFO - [AUTH] Authenticated access: admin (admin) to /api/job-statuses
2025-10-01 14:46:24,555 - INFO - [RESP] GET /api/job-statuses - 404
2025-10-01 14:46:24,556 - INFO - 127.0.0.1 - - [01/Oct/2025 14:46:24] "[33mGET /api/job-statuses HTTP/1.1[0m" 404 -
2025-10-01 14:46:27,221 - INFO - [REQ] GET /api/job-statuses - 127.0.0.1
2025-10-01 14:46:27,239 - INFO - [AUTH] Authenticated access: admin (admin) to /api/job-statuses
2025-10-01 14:46:27,241 - INFO - [RESP] GET /api/job-statuses - 404
2025-10-01 14:46:27,244 - INFO - 127.0.0.1 - - [01/Oct/2025 14:46:27] "[33mGET /api/job-statuses HTTP/1.1[0m" 404 -
2025-10-01 14:46:30,537 - INFO - [REQ] GET /api/job-statuses - 127.0.0.1
2025-10-01 14:46:30,557 - INFO - [AUTH] Authenticated access: admin (admin) to /api/job-statuses
2025-10-01 14:46:30,558 - INFO - [RESP] GET /api/job-statuses - 404
2025-10-01 14:46:30,560 - INFO - 127.0.0.1 - - [01/Oct/2025 14:46:30] "[33mGET /api/job-statuses HTTP/1.1[0m" 404 -
2025-10-01 14:46:33,220 - INFO - [REQ] GET /api/job-statuses - 127.0.0.1
2025-10-01 14:46:33,238 - INFO - [AUTH] Authenticated access: admin (admin) to /api/job-statuses
2025-10-01 14:46:33,240 - INFO - [RESP] GET /api/job-statuses - 404
2025-10-01 14:46:33,241 - INFO - 127.0.0.1 - - [01/Oct/2025 14:46:33] "[33mGET /api/job-statuses HTTP/1.1[0m" 404 -
2025-10-01 14:46:36,532 - INFO - [REQ] GET /api/job-statuses - 127.0.0.1
2025-10-01 14:46:36,539 - INFO - [AUTH] Authenticated access: admin (admin) to /api/job-statuses
2025-10-01 14:46:36,540 - INFO - [RESP] GET /api/job-statuses - 404
2025-10-01 14:46:36,541 - INFO - 127.0.0.1 - - [01/Oct/2025 14:46:36] "[33mGET /api/job-statuses HTTP/1.1[0m" 404 -
2025-10-01 14:46:39,227 - INFO - [REQ] GET /api/job-statuses - 127.0.0.1
2025-10-01 14:46:39,236 - INFO - [AUTH] Authenticated access: admin (admin) to /api/job-statuses
2025-10-01 14:46:39,237 - INFO - [RESP] GET /api/job-statuses - 404
2025-10-01 14:46:39,239 - INFO - 127.0.0.1 - - [01/Oct/2025 14:46:39] "[33mGET /api/job-statuses HTTP/1.1[0m" 404 -
2025-10-01 14:46:42,534 - INFO - [REQ] GET /api/job-statuses - 127.0.0.1
2025-10-01 14:46:42,542 - INFO - [AUTH] Authenticated access: admin (admin) to /api/job-statuses
2025-10-01 14:46:42,543 - INFO - [RESP] GET /api/job-statuses - 404
2025-10-01 14:46:42,544 - INFO - 127.0.0.1 - - [01/Oct/2025 14:46:42] "[33mGET /api/job-statuses HTTP/1.1[0m" 404 -
2025-10-01 14:46:45,218 - INFO - [REQ] GET /api/job-statuses - 127.0.0.1
2025-10-01 14:46:45,233 - INFO - [AUTH] Authenticated access: admin (admin) to /api/job-statuses
2025-10-01 14:46:45,237 - INFO - [RESP] GET /api/job-statuses - 404
2025-10-01 14:46:45,239 - INFO - 127.0.0.1 - - [01/Oct/2025 14:46:45] "[33mGET /api/job-statuses HTTP/1.1[0m" 404 -
2025-10-01 14:46:48,539 - INFO - [REQ] GET /api/job-statuses - 127.0.0.1
2025-10-01 14:46:48,548 - INFO - [AUTH] Authenticated access: admin (admin) to /api/job-statuses
2025-10-01 14:46:48,551 - INFO - [RESP] GET /api/job-statuses - 404
2025-10-01 14:46:48,553 - INFO - 127.0.0.1 - - [01/Oct/2025 14:46:48] "[33mGET /api/job-statuses HTTP/1.1[0m" 404 -
2025-10-01 14:46:51,222 - INFO - [REQ] GET /api/job-statuses - 127.0.0.1
2025-10-01 14:46:51,227 - INFO - [AUTH] Authenticated access: admin (admin) to /api/job-statuses
2025-10-01 14:46:51,228 - INFO - [RESP] GET /api/job-statuses - 404
2025-10-01 14:46:51,229 - INFO - 127.0.0.1 - - [01/Oct/2025 14:46:51] "[33mGET /api/job-statuses HTTP/1.1[0m" 404 -
2025-10-01 14:46:54,542 - INFO - [REQ] GET /api/job-statuses - 127.0.0.1
2025-10-01 14:46:54,552 - INFO - [AUTH] Authenticated access: admin (admin) to /api/job-statuses
2025-10-01 14:46:54,555 - INFO - [RESP] GET /api/job-statuses - 404
2025-10-01 14:46:54,557 - INFO - 127.0.0.1 - - [01/Oct/2025 14:46:54] "[33mGET /api/job-statuses HTTP/1.1[0m" 404 -
2025-10-01 14:46:57,222 - INFO - [REQ] GET /api/job-statuses - 127.0.0.1
2025-10-01 14:46:57,239 - INFO - [AUTH] Authenticated access: admin (admin) to /api/job-statuses
2025-10-01 14:46:57,240 - INFO - [RESP] GET /api/job-statuses - 404
2025-10-01 14:46:57,242 - INFO - 127.0.0.1 - - [01/Oct/2025 14:46:57] "[33mGET /api/job-statuses HTTP/1.1[0m" 404 -
2025-10-01 14:47:00,539 - INFO - [REQ] GET /api/job-statuses - 127.0.0.1
2025-10-01 14:47:00,546 - INFO - [AUTH] Authenticated access: admin (admin) to /api/job-statuses
2025-10-01 14:47:00,548 - INFO - [RESP] GET /api/job-statuses - 404
2025-10-01 14:47:00,550 - INFO - 127.0.0.1 - - [01/Oct/2025 14:47:00] "[33mGET /api/job-statuses HTTP/1.1[0m" 404 -
2025-10-01 14:47:03,223 - INFO - [REQ] GET /api/job-statuses - 127.0.0.1
2025-10-01 14:47:03,230 - INFO - [AUTH] Authenticated access: admin (admin) to /api/job-statuses
2025-10-01 14:47:03,231 - INFO - [RESP] GET /api/job-statuses - 404
2025-10-01 14:47:03,234 - INFO - 127.0.0.1 - - [01/Oct/2025 14:47:03] "[33mGET /api/job-statuses HTTP/1.1[0m" 404 -
2025-10-01 14:47:06,532 - INFO - [REQ] GET /api/job-statuses - 127.0.0.1
2025-10-01 14:47:06,538 - INFO - [AUTH] Authenticated access: admin (admin) to /api/job-statuses
2025-10-01 14:47:06,539 - INFO - [RESP] GET /api/job-statuses - 404
2025-10-01 14:47:06,540 - INFO - 127.0.0.1 - - [01/Oct/2025 14:47:06] "[33mGET /api/job-statuses HTTP/1.1[0m" 404 -
2025-10-01 14:47:09,229 - INFO - [REQ] GET /api/job-statuses - 127.0.0.1
2025-10-01 14:47:09,235 - INFO - [AUTH] Authenticated access: admin (admin) to /api/job-statuses
2025-10-01 14:47:09,236 - INFO - [RESP] GET /api/job-statuses - 404
2025-10-01 14:47:09,238 - INFO - 127.0.0.1 - - [01/Oct/2025 14:47:09] "[33mGET /api/job-statuses HTTP/1.1[0m" 404 -
2025-10-01 14:47:12,546 - INFO - [REQ] GET /api/job-statuses - 127.0.0.1
2025-10-01 14:47:12,565 - INFO - [AUTH] Authenticated access: admin (admin) to /api/job-statuses
2025-10-01 14:47:12,565 - INFO - [RESP] GET /api/job-statuses - 404
2025-10-01 14:47:12,567 - INFO - 127.0.0.1 - - [01/Oct/2025 14:47:12] "[33mGET /api/job-statuses HTTP/1.1[0m" 404 -
2025-10-01 14:47:15,225 - INFO - [REQ] GET /api/job-statuses - 127.0.0.1
2025-10-01 14:47:15,245 - INFO - [AUTH] Authenticated access: admin (admin) to /api/job-statuses
2025-10-01 14:47:15,250 - INFO - [RESP] GET /api/job-statuses - 404
2025-10-01 14:47:15,265 - INFO - 127.0.0.1 - - [01/Oct/2025 14:47:15] "[33mGET /api/job-statuses HTTP/1.1[0m" 404 -
2025-10-01 14:47:18,543 - INFO - [REQ] GET /api/job-statuses - 127.0.0.1
2025-10-01 14:47:18,556 - INFO - [AUTH] Authenticated access: admin (admin) to /api/job-statuses
2025-10-01 14:47:18,558 - INFO - [RESP] GET /api/job-statuses - 404
2025-10-01 14:47:18,559 - INFO - 127.0.0.1 - - [01/Oct/2025 14:47:18] "[33mGET /api/job-statuses HTTP/1.1[0m" 404 -
2025-10-01 14:47:21,228 - INFO - [REQ] GET /api/job-statuses - 127.0.0.1
2025-10-01 14:47:21,242 - INFO - [AUTH] Authenticated access: admin (admin) to /api/job-statuses
2025-10-01 14:47:21,243 - INFO - [RESP] GET /api/job-statuses - 404
2025-10-01 14:47:21,245 - INFO - 127.0.0.1 - - [01/Oct/2025 14:47:21] "[33mGET /api/job-statuses HTTP/1.1[0m" 404 -
2025-10-01 14:47:24,529 - INFO - [REQ] GET /api/job-statuses - 127.0.0.1
2025-10-01 14:47:24,545 - INFO - [AUTH] Authenticated access: admin (admin) to /api/job-statuses
2025-10-01 14:47:24,546 - INFO - [RESP] GET /api/job-statuses - 404
2025-10-01 14:47:24,547 - INFO - 127.0.0.1 - - [01/Oct/2025 14:47:24] "[33mGET /api/job-statuses HTTP/1.1[0m" 404 -
2025-10-01 14:47:27,228 - INFO - [REQ] GET /api/job-statuses - 127.0.0.1
2025-10-01 14:47:27,237 - INFO - [AUTH] Authenticated access: admin (admin) to /api/job-statuses
2025-10-01 14:47:27,238 - INFO - [RESP] GET /api/job-statuses - 404
2025-10-01 14:47:27,239 - INFO - 127.0.0.1 - - [01/Oct/2025 14:47:27] "[33mGET /api/job-statuses HTTP/1.1[0m" 404 -
2025-10-01 14:47:30,531 - INFO - [REQ] GET /api/job-statuses - 127.0.0.1
2025-10-01 14:47:30,536 - INFO - [AUTH] Authenticated access: admin (admin) to /api/job-statuses
2025-10-01 14:47:30,538 - INFO - [RESP] GET /api/job-statuses - 404
2025-10-01 14:47:30,539 - INFO - 127.0.0.1 - - [01/Oct/2025 14:47:30] "[33mGET /api/job-statuses HTTP/1.1[0m" 404 -
2025-10-01 14:47:33,225 - INFO - [REQ] GET /api/job-statuses - 127.0.0.1
2025-10-01 14:47:33,232 - INFO - [AUTH] Authenticated access: admin (admin) to /api/job-statuses
2025-10-01 14:47:33,233 - INFO - [RESP] GET /api/job-statuses - 404
2025-10-01 14:47:33,235 - INFO - 127.0.0.1 - - [01/Oct/2025 14:47:33] "[33mGET /api/job-statuses HTTP/1.1[0m" 404 -
2025-10-01 14:47:36,548 - INFO - [REQ] GET /api/job-statuses - 127.0.0.1
2025-10-01 14:47:36,556 - INFO - [AUTH] Authenticated access: admin (admin) to /api/job-statuses
2025-10-01 14:47:36,556 - INFO - [RESP] GET /api/job-statuses - 404
2025-10-01 14:47:36,557 - INFO - 127.0.0.1 - - [01/Oct/2025 14:47:36] "[33mGET /api/job-statuses HTTP/1.1[0m" 404 -
2025-10-01 14:47:39,232 - INFO - [REQ] GET /api/job-statuses - 127.0.0.1
2025-10-01 14:47:39,240 - INFO - [AUTH] Authenticated access: admin (admin) to /api/job-statuses
2025-10-01 14:47:39,241 - INFO - [RESP] GET /api/job-statuses - 404
2025-10-01 14:47:39,241 - INFO - 127.0.0.1 - - [01/Oct/2025 14:47:39] "[33mGET /api/job-statuses HTTP/1.1[0m" 404 -
2025-10-01 14:47:42,540 - INFO - [REQ] GET /api/job-statuses - 127.0.0.1
2025-10-01 14:47:42,546 - INFO - [AUTH] Authenticated access: admin (admin) to /api/job-statuses
2025-10-01 14:47:42,548 - INFO - [RESP] GET /api/job-statuses - 404
2025-10-01 14:47:42,549 - INFO - 127.0.0.1 - - [01/Oct/2025 14:47:42] "[33mGET /api/job-statuses HTTP/1.1[0m" 404 -
2025-10-01 14:47:45,231 - INFO - [REQ] GET /api/job-statuses - 127.0.0.1
2025-10-01 14:47:45,250 - INFO - [AUTH] Authenticated access: admin (admin) to /api/job-statuses
2025-10-01 14:47:45,252 - INFO - [RESP] GET /api/job-statuses - 404
2025-10-01 14:47:45,254 - INFO - 127.0.0.1 - - [01/Oct/2025 14:47:45] "[33mGET /api/job-statuses HTTP/1.1[0m" 404 -
2025-10-01 14:47:48,527 - INFO - [REQ] GET /api/job-statuses - 127.0.0.1
2025-10-01 14:47:48,533 - INFO - [AUTH] Authenticated access: admin (admin) to /api/job-statuses
2025-10-01 14:47:48,534 - INFO - [RESP] GET /api/job-statuses - 404
2025-10-01 14:47:48,536 - INFO - 127.0.0.1 - - [01/Oct/2025 14:47:48] "[33mGET /api/job-statuses HTTP/1.1[0m" 404 -
2025-10-01 14:47:51,224 - INFO - [REQ] GET /api/job-statuses - 127.0.0.1
2025-10-01 14:47:51,229 - INFO - [AUTH] Authenticated access: admin (admin) to /api/job-statuses
2025-10-01 14:47:51,230 - INFO - [RESP] GET /api/job-statuses - 404
2025-10-01 14:47:51,231 - INFO - 127.0.0.1 - - [01/Oct/2025 14:47:51] "[33mGET /api/job-statuses HTTP/1.1[0m" 404 -
2025-10-01 14:47:54,537 - INFO - [REQ] GET /api/job-statuses - 127.0.0.1
2025-10-01 14:47:54,544 - INFO - [AUTH] Authenticated access: admin (admin) to /api/job-statuses
2025-10-01 14:47:54,545 - INFO - [RESP] GET /api/job-statuses - 404
2025-10-01 14:47:54,546 - INFO - 127.0.0.1 - - [01/Oct/2025 14:47:54] "[33mGET /api/job-statuses HTTP/1.1[0m" 404 -
2025-10-01 14:47:57,217 - INFO - [REQ] GET /api/job-statuses - 127.0.0.1
2025-10-01 14:47:57,226 - INFO - [AUTH] Authenticated access: admin (admin) to /api/job-statuses
2025-10-01 14:47:57,230 - INFO - [RESP] GET /api/job-statuses - 404
2025-10-01 14:47:57,233 - INFO - 127.0.0.1 - - [01/Oct/2025 14:47:57] "[33mGET /api/job-statuses HTTP/1.1[0m" 404 -
2025-10-01 14:47:59,595 - INFO - [REQ] GET /view-schedules - 127.0.0.1
2025-10-01 14:47:59,602 - INFO - [AUTH] Authenticated access: admin (admin) to /view-schedules
2025-10-01 14:47:59,720 - INFO - [RESP] GET /view-schedules - 200
2025-10-01 14:47:59,722 - INFO - 127.0.0.1 - - [01/Oct/2025 14:47:59] "GET /view-schedules HTTP/1.1" 200 -
2025-10-01 14:47:59,739 - INFO - [REQ] GET /static/actin-logo.png - 127.0.0.1
2025-10-01 14:47:59,742 - INFO - [RESP] GET /static/actin-logo.png - 304
2025-10-01 14:47:59,743 - INFO - 127.0.0.1 - - [01/Oct/2025 14:47:59] "[36mGET /static/actin-logo.png HTTP/1.1[0m" 304 -
2025-10-01 14:47:59,930 - INFO - [REQ] GET /api/job-statuses - 127.0.0.1
2025-10-01 14:47:59,935 - INFO - [AUTH] Authenticated access: admin (admin) to /api/job-statuses
2025-10-01 14:47:59,936 - INFO - [RESP] GET /api/job-statuses - 404
2025-10-01 14:47:59,937 - INFO - 127.0.0.1 - - [01/Oct/2025 14:47:59] "[33mGET /api/job-statuses HTTP/1.1[0m" 404 -
2025-10-01 14:48:01,354 - INFO - [REQ] GET / - 127.0.0.1
2025-10-01 14:48:01,365 - INFO - [AUTH] Authenticated access: admin (admin) to /
2025-10-01 14:48:01,366 - INFO - [HOME] Homepage accessed by user: admin
2025-10-01 14:48:01,372 - INFO - [INFO] Loaded 2 SQL servers for display
2025-10-01 14:48:01,375 - INFO - [RESP] GET / - 200
2025-10-01 14:48:01,377 - INFO - 127.0.0.1 - - [01/Oct/2025 14:48:01] "GET / HTTP/1.1" 200 -
2025-10-01 14:48:01,572 - INFO - [REQ] GET /static/actin-logo.png - 127.0.0.1
2025-10-01 14:48:01,574 - INFO - [RESP] GET /static/actin-logo.png - 304
2025-10-01 14:48:01,575 - INFO - 127.0.0.1 - - [01/Oct/2025 14:48:01] "[36mGET /static/actin-logo.png HTTP/1.1[0m" 304 -
2025-10-01 14:48:02,397 - INFO - [REQ] GET /schedule - 127.0.0.1
2025-10-01 14:48:02,409 - INFO - [AUTH] Authenticated access: admin (admin) to /schedule
2025-10-01 14:48:02,535 - INFO - [RESP] GET /schedule - 200
2025-10-01 14:48:02,537 - INFO - 127.0.0.1 - - [01/Oct/2025 14:48:02] "GET /schedule HTTP/1.1" 200 -
2025-10-01 14:48:02,699 - INFO - [REQ] GET /static/actin-logo.png - 127.0.0.1
2025-10-01 14:48:02,700 - INFO - [RESP] GET /static/actin-logo.png - 304
2025-10-01 14:48:02,701 - INFO - 127.0.0.1 - - [01/Oct/2025 14:48:02] "[36mGET /static/actin-logo.png HTTP/1.1[0m" 304 -
2025-10-01 14:48:03,509 - INFO - [REQ] GET /dashboard - 127.0.0.1
2025-10-01 14:48:03,516 - INFO - [AUTH] Authenticated access: admin (admin) to /dashboard
2025-10-01 14:48:03,761 - INFO - [RESP] GET /dashboard - 200
2025-10-01 14:48:03,763 - INFO - 127.0.0.1 - - [01/Oct/2025 14:48:03] "GET /dashboard HTTP/1.1" 200 -
2025-10-01 14:48:03,789 - INFO - [REQ] GET /static/actin-logo.png - 127.0.0.1
2025-10-01 14:48:03,792 - INFO - [RESP] GET /static/actin-logo.png - 304
2025-10-01 14:48:03,795 - INFO - 127.0.0.1 - - [01/Oct/2025 14:48:03] "[36mGET /static/actin-logo.png HTTP/1.1[0m" 304 -
2025-10-01 14:48:05,477 - INFO - [REQ] GET /logout - 127.0.0.1
2025-10-01 14:48:05,489 - INFO - [AUTH] Authenticated access: admin (admin) to /logout
2025-10-01 14:48:05,491 - INFO - [LOGOUT] User logged out: admin
2025-10-01 14:48:05,492 - INFO - [RESP] GET /logout - 302
2025-10-01 14:48:05,494 - INFO - 127.0.0.1 - - [01/Oct/2025 14:48:05] "[32mGET /logout HTTP/1.1[0m" 302 -
2025-10-01 14:48:05,783 - INFO - [REQ] GET /login - 127.0.0.1
2025-10-01 14:48:05,784 - INFO - [RESP] GET /login - 200
2025-10-01 14:48:05,785 - INFO - 127.0.0.1 - - [01/Oct/2025 14:48:05] "GET /login HTTP/1.1" 200 -
2025-10-01 14:48:12,821 - INFO - [REQ] POST /login - 127.0.0.1
2025-10-01 14:48:13,437 - INFO - [LOGIN] Successful login: admin (admin) from 127.0.0.1
2025-10-01 14:48:13,438 - INFO - [RESP] POST /login - 302
2025-10-01 14:48:13,439 - INFO - 127.0.0.1 - - [01/Oct/2025 14:48:13] "[32mPOST /login HTTP/1.1[0m" 302 -
2025-10-01 14:48:13,445 - INFO - [REQ] GET / - 127.0.0.1
2025-10-01 14:48:13,446 - INFO - [DEBUG] Checking auth for / - Session: {'_flashes': [('info', 'You have been logged out successfully.'), ('success', 'Welcome, admin!')], '_permanent': True, 'role': 'admin', 'session_ip': '127.0.0.1', 'session_start_time': 1759310293.437485, 'username': 'admin'}
2025-10-01 14:48:13,447 - INFO - [AUTH] Authenticated access: admin (admin) to /
2025-10-01 14:48:13,448 - INFO - [HOME] Homepage accessed by user: admin
2025-10-01 14:48:13,453 - INFO - [INFO] Loaded 2 SQL servers for display
2025-10-01 14:48:13,455 - INFO - [RESP] GET / - 200
2025-10-01 14:48:13,455 - INFO - 127.0.0.1 - - [01/Oct/2025 14:48:13] "GET / HTTP/1.1" 200 -
2025-10-01 14:48:13,476 - INFO - [REQ] GET /static/actin-logo.png - 127.0.0.1
2025-10-01 14:48:13,479 - INFO - [RESP] GET /static/actin-logo.png - 304
2025-10-01 14:48:13,481 - INFO - 127.0.0.1 - - [01/Oct/2025 14:48:13] "[36mGET /static/actin-logo.png HTTP/1.1[0m" 304 -
2025-10-01 14:48:15,207 - INFO - [REQ] GET /view-schedules - 127.0.0.1
2025-10-01 14:48:15,208 - INFO - [DEBUG] Checking auth for /view-schedules - Session: {'_flashes': [('info', 'You have been logged out successfully.'), ('success', 'Welcome, admin!')], '_permanent': True, 'role': 'admin', 'session_ip': '127.0.0.1', 'session_start_time': 1759310293.437485, 'username': 'admin'}
2025-10-01 14:48:15,208 - INFO - [AUTH] Authenticated access: admin (admin) to /view-schedules
2025-10-01 14:48:15,285 - INFO - [RESP] GET /view-schedules - 200
2025-10-01 14:48:15,286 - INFO - 127.0.0.1 - - [01/Oct/2025 14:48:15] "GET /view-schedules HTTP/1.1" 200 -
2025-10-01 14:48:15,425 - INFO - [REQ] GET /static/actin-logo.png - 127.0.0.1
2025-10-01 14:48:15,426 - INFO - [RESP] GET /static/actin-logo.png - 304
2025-10-01 14:48:15,428 - INFO - 127.0.0.1 - - [01/Oct/2025 14:48:15] "[36mGET /static/actin-logo.png HTTP/1.1[0m" 304 -
2025-10-01 14:48:15,498 - INFO - [REQ] GET /api/job-statuses - 127.0.0.1
2025-10-01 14:48:15,499 - INFO - [DEBUG] Checking auth for /api/job-statuses - Session: {'_flashes': [('info', 'You have been logged out successfully.'), ('success', 'Welcome, admin!')], '_permanent': True, 'role': 'admin', 'session_ip': '127.0.0.1', 'session_start_time': 1759310293.437485, 'username': 'admin'}
2025-10-01 14:48:15,500 - INFO - [AUTH] Authenticated access: admin (admin) to /api/job-statuses
2025-10-01 14:48:15,500 - INFO - [RESP] GET /api/job-statuses - 404
2025-10-01 14:48:15,502 - INFO - 127.0.0.1 - - [01/Oct/2025 14:48:15] "[33mGET /api/job-statuses HTTP/1.1[0m" 404 -
2025-10-01 14:48:18,826 - INFO - [REQ] GET /api/job-statuses - 127.0.0.1
2025-10-01 14:48:18,831 - INFO - [DEBUG] Checking auth for /api/job-statuses - Session: {'_flashes': [('info', 'You have been logged out successfully.'), ('success', 'Welcome, admin!')], '_permanent': True, 'role': 'admin', 'session_ip': '127.0.0.1', 'session_start_time': 1759310293.437485, 'username': 'admin'}
2025-10-01 14:48:18,834 - INFO - [AUTH] Authenticated access: admin (admin) to /api/job-statuses
2025-10-01 14:48:18,835 - INFO - [RESP] GET /api/job-statuses - 404
2025-10-01 14:48:18,840 - INFO - 127.0.0.1 - - [01/Oct/2025 14:48:18] "[33mGET /api/job-statuses HTTP/1.1[0m" 404 -
2025-10-01 14:48:21,512 - INFO - [REQ] GET /api/job-statuses - 127.0.0.1
2025-10-01 14:48:21,513 - INFO - [DEBUG] Checking auth for /api/job-statuses - Session: {'_flashes': [('info', 'You have been logged out successfully.'), ('success', 'Welcome, admin!')], '_permanent': True, 'role': 'admin', 'session_ip': '127.0.0.1', 'session_start_time': 1759310293.437485, 'username': 'admin'}
2025-10-01 14:48:21,514 - INFO - [AUTH] Authenticated access: admin (admin) to /api/job-statuses
2025-10-01 14:48:21,515 - INFO - [RESP] GET /api/job-statuses - 404
2025-10-01 14:48:21,516 - INFO - 127.0.0.1 - - [01/Oct/2025 14:48:21] "[33mGET /api/job-statuses HTTP/1.1[0m" 404 -
2025-10-01 14:48:24,811 - INFO - [REQ] GET /api/job-statuses - 127.0.0.1
2025-10-01 14:48:24,812 - INFO - [DEBUG] Checking auth for /api/job-statuses - Session: {'_flashes': [('info', 'You have been logged out successfully.'), ('success', 'Welcome, admin!')], '_permanent': True, 'role': 'admin', 'session_ip': '127.0.0.1', 'session_start_time': 1759310293.437485, 'username': 'admin'}
2025-10-01 14:48:24,813 - INFO - [AUTH] Authenticated access: admin (admin) to /api/job-statuses
2025-10-01 14:48:24,813 - INFO - [RESP] GET /api/job-statuses - 404
2025-10-01 14:48:24,816 - INFO - 127.0.0.1 - - [01/Oct/2025 14:48:24] "[33mGET /api/job-statuses HTTP/1.1[0m" 404 -
2025-10-01 14:48:27,503 - INFO - [REQ] GET /api/job-statuses - 127.0.0.1
2025-10-01 14:48:27,504 - INFO - [DEBUG] Checking auth for /api/job-statuses - Session: {'_flashes': [('info', 'You have been logged out successfully.'), ('success', 'Welcome, admin!')], '_permanent': True, 'role': 'admin', 'session_ip': '127.0.0.1', 'session_start_time': 1759310293.437485, 'username': 'admin'}
2025-10-01 14:48:27,505 - INFO - [AUTH] Authenticated access: admin (admin) to /api/job-statuses
2025-10-01 14:48:27,507 - INFO - [RESP] GET /api/job-statuses - 404
2025-10-01 14:48:27,509 - INFO - 127.0.0.1 - - [01/Oct/2025 14:48:27] "[33mGET /api/job-statuses HTTP/1.1[0m" 404 -
2025-10-01 14:48:30,799 - INFO - [REQ] GET /api/job-statuses - 127.0.0.1
2025-10-01 14:48:30,801 - INFO - [DEBUG] Checking auth for /api/job-statuses - Session: {'_flashes': [('info', 'You have been logged out successfully.'), ('success', 'Welcome, admin!')], '_permanent': True, 'role': 'admin', 'session_ip': '127.0.0.1', 'session_start_time': 1759310293.437485, 'username': 'admin'}
2025-10-01 14:48:30,801 - INFO - [AUTH] Authenticated access: admin (admin) to /api/job-statuses
2025-10-01 14:48:30,803 - INFO - [RESP] GET /api/job-statuses - 404
2025-10-01 14:48:30,804 - INFO - 127.0.0.1 - - [01/Oct/2025 14:48:30] "[33mGET /api/job-statuses HTTP/1.1[0m" 404 -
2025-10-01 14:48:33,578 - INFO - [REQ] GET /api/job-statuses - 127.0.0.1
2025-10-01 14:48:33,579 - INFO - [DEBUG] Checking auth for /api/job-statuses - Session: {'_flashes': [('info', 'You have been logged out successfully.'), ('success', 'Welcome, admin!')], '_permanent': True, 'role': 'admin', 'session_ip': '127.0.0.1', 'session_start_time': 1759310293.437485, 'username': 'admin'}
2025-10-01 14:48:33,580 - INFO - [AUTH] Authenticated access: admin (admin) to /api/job-statuses
2025-10-01 14:48:33,581 - INFO - [RESP] GET /api/job-statuses - 404
2025-10-01 14:48:33,583 - INFO - 127.0.0.1 - - [01/Oct/2025 14:48:33] "[33mGET /api/job-statuses HTTP/1.1[0m" 404 -
2025-10-01 14:48:36,879 - INFO - [REQ] GET /api/job-statuses - 127.0.0.1
2025-10-01 14:48:36,880 - INFO - [DEBUG] Checking auth for /api/job-statuses - Session: {'_flashes': [('info', 'You have been logged out successfully.'), ('success', 'Welcome, admin!')], '_permanent': True, 'role': 'admin', 'session_ip': '127.0.0.1', 'session_start_time': 1759310293.437485, 'username': 'admin'}
2025-10-01 14:48:36,882 - INFO - [AUTH] Authenticated access: admin (admin) to /api/job-statuses
2025-10-01 14:48:36,883 - INFO - [RESP] GET /api/job-statuses - 404
2025-10-01 14:48:36,885 - INFO - 127.0.0.1 - - [01/Oct/2025 14:48:36] "[33mGET /api/job-statuses HTTP/1.1[0m" 404 -
2025-10-01 14:49:33,020 - INFO - [INIT] Initializing Flask application...
2025-10-01 14:49:33,020 - INFO - [CONFIG] Loading configuration...
2025-10-01 14:49:33,021 - INFO - [AUTH] Authentication system ready
2025-10-01 14:49:33,021 - INFO - [DATABASE] Database connections configured
2025-10-01 14:49:33,021 - INFO - [SCHEDULER] Scheduler system active
2025-10-01 14:49:33,021 - INFO - [STARTUP] Application startup complete!
2025-10-01 14:49:33,047 - INFO - [31m[1mWARNING: This is a development server. Do not use it in a production deployment. Use a production WSGI server instead.[0m
 * Running on http://127.0.0.1:5000
2025-10-01 14:49:33,047 - INFO - [33mPress CTRL+C to quit[0m
2025-10-01 14:49:33,049 - INFO -  * Restarting with stat
2025-10-01 14:49:34,088 - INFO - [INIT] Initializing Flask application...
2025-10-01 14:49:34,088 - INFO - [CONFIG] Loading configuration...
2025-10-01 14:49:34,089 - INFO - [AUTH] Authentication system ready
2025-10-01 14:49:34,089 - INFO - [DATABASE] Database connections configured
2025-10-01 14:49:34,089 - INFO - [SCHEDULER] Scheduler system active
2025-10-01 14:49:34,089 - INFO - [STARTUP] Application startup complete!
2025-10-01 14:49:34,100 - WARNING -  * Debugger is active!
2025-10-01 14:49:34,103 - INFO -  * Debugger PIN: 597-331-673
2025-10-01 14:50:18,226 - INFO - [REQ] GET /api/job-statuses - 127.0.0.1
2025-10-01 14:50:18,227 - INFO - [DEBUG] Checking auth for /api/job-statuses - Session: {'_flashes': [('info', 'You have been logged out successfully.'), ('success', 'Welcome, admin!')], '_permanent': True, 'role': 'admin', 'session_ip': '127.0.0.1', 'session_start_time': 1759310293.437485, 'username': 'admin'}
2025-10-01 14:50:18,227 - INFO - [AUTH] Cleared old session from previous server instance
2025-10-01 14:50:18,228 - WARNING - [AUTH] BLOCKED unauthenticated access to /api/job-statuses from 127.0.0.1
2025-10-01 14:50:18,228 - WARNING - [AUTH] Session contents: {}
2025-10-01 14:50:18,229 - INFO - [RESP] GET /api/job-statuses - 302
2025-10-01 14:50:18,232 - INFO - 127.0.0.1 - - [01/Oct/2025 14:50:18] "[32mGET /api/job-statuses HTTP/1.1[0m" 302 -
2025-10-01 14:50:18,572 - INFO - [REQ] GET /login - 127.0.0.1
2025-10-01 14:50:18,576 - INFO - [RESP] GET /login - 200
2025-10-01 14:50:18,577 - INFO - 127.0.0.1 - - [01/Oct/2025 14:50:18] "GET /login HTTP/1.1" 200 -
2025-10-01 14:50:18,820 - INFO - [REQ] GET /api/job-statuses - 127.0.0.1
2025-10-01 14:50:18,821 - INFO - [DEBUG] Checking auth for /api/job-statuses - Session: {'_flashes': [('warning', 'Please log in to access this page')]}
2025-10-01 14:50:18,822 - WARNING - [AUTH] BLOCKED unauthenticated access to /api/job-statuses from 127.0.0.1
2025-10-01 14:50:18,823 - WARNING - [AUTH] Session contents: {'_flashes': [('warning', 'Please log in to access this page')]}
2025-10-01 14:50:18,824 - INFO - [RESP] GET /api/job-statuses - 302
2025-10-01 14:50:18,826 - INFO - 127.0.0.1 - - [01/Oct/2025 14:50:18] "[32mGET /api/job-statuses HTTP/1.1[0m" 302 -
2025-10-01 14:50:18,839 - INFO - [REQ] GET /login - 127.0.0.1
2025-10-01 14:50:18,840 - INFO - [RESP] GET /login - 200
2025-10-01 14:50:18,842 - INFO - 127.0.0.1 - - [01/Oct/2025 14:50:18] "GET /login HTTP/1.1" 200 -
2025-10-01 14:50:21,856 - INFO - [REQ] GET /api/job-statuses - 127.0.0.1
2025-10-01 14:50:21,857 - INFO - [DEBUG] Checking auth for /api/job-statuses - Session: {'_flashes': [('warning', 'Please log in to access this page')]}
2025-10-01 14:50:21,859 - WARNING - [AUTH] BLOCKED unauthenticated access to /api/job-statuses from 127.0.0.1
2025-10-01 14:50:21,860 - WARNING - [AUTH] Session contents: {'_flashes': [('warning', 'Please log in to access this page')]}
2025-10-01 14:50:21,863 - INFO - [RESP] GET /api/job-statuses - 302
2025-10-01 14:50:21,865 - INFO - 127.0.0.1 - - [01/Oct/2025 14:50:21] "[32mGET /api/job-statuses HTTP/1.1[0m" 302 -
2025-10-01 14:50:22,120 - INFO - [REQ] GET /login - 127.0.0.1
2025-10-01 14:50:22,121 - INFO - [RESP] GET /login - 200
2025-10-01 14:50:22,122 - INFO - 127.0.0.1 - - [01/Oct/2025 14:50:22] "GET /login HTTP/1.1" 200 -
2025-10-01 14:50:24,546 - INFO - [REQ] GET /api/job-statuses - 127.0.0.1
2025-10-01 14:50:24,547 - INFO - [DEBUG] Checking auth for /api/job-statuses - Session: {'_flashes': [('warning', 'Please log in to access this page')]}
2025-10-01 14:50:24,547 - WARNING - [AUTH] BLOCKED unauthenticated access to /api/job-statuses from 127.0.0.1
2025-10-01 14:50:24,548 - WARNING - [AUTH] Session contents: {'_flashes': [('warning', 'Please log in to access this page')]}
2025-10-01 14:50:24,548 - INFO - [RESP] GET /api/job-statuses - 302
2025-10-01 14:50:24,549 - INFO - 127.0.0.1 - - [01/Oct/2025 14:50:24] "[32mGET /api/job-statuses HTTP/1.1[0m" 302 -
2025-10-01 14:50:24,855 - INFO - [REQ] GET /login - 127.0.0.1
2025-10-01 14:50:24,857 - INFO - [RESP] GET /login - 200
2025-10-01 14:50:24,857 - INFO - 127.0.0.1 - - [01/Oct/2025 14:50:24] "GET /login HTTP/1.1" 200 -
2025-10-01 14:50:27,549 - INFO - [REQ] GET /api/job-statuses - 127.0.0.1
2025-10-01 14:50:27,550 - INFO - [DEBUG] Checking auth for /api/job-statuses - Session: {'_flashes': [('warning', 'Please log in to access this page')]}
2025-10-01 14:50:27,550 - WARNING - [AUTH] BLOCKED unauthenticated access to /api/job-statuses from 127.0.0.1
2025-10-01 14:50:27,551 - WARNING - [AUTH] Session contents: {'_flashes': [('warning', 'Please log in to access this page')]}
2025-10-01 14:50:27,551 - INFO - [RESP] GET /api/job-statuses - 302
2025-10-01 14:50:27,552 - INFO - 127.0.0.1 - - [01/Oct/2025 14:50:27] "[32mGET /api/job-statuses HTTP/1.1[0m" 302 -
2025-10-01 14:50:27,859 - INFO - [REQ] GET /login - 127.0.0.1
2025-10-01 14:50:27,860 - INFO - [RESP] GET /login - 200
2025-10-01 14:50:27,861 - INFO - 127.0.0.1 - - [01/Oct/2025 14:50:27] "GET /login HTTP/1.1" 200 -
2025-10-01 14:50:30,536 - INFO - [REQ] GET /api/job-statuses - 127.0.0.1
2025-10-01 14:50:30,537 - INFO - [DEBUG] Checking auth for /api/job-statuses - Session: {'_flashes': [('warning', 'Please log in to access this page')]}
2025-10-01 14:50:30,537 - WARNING - [AUTH] BLOCKED unauthenticated access to /api/job-statuses from 127.0.0.1
2025-10-01 14:50:30,537 - WARNING - [AUTH] Session contents: {'_flashes': [('warning', 'Please log in to access this page')]}
2025-10-01 14:50:30,539 - INFO - [RESP] GET /api/job-statuses - 302
2025-10-01 14:50:30,540 - INFO - 127.0.0.1 - - [01/Oct/2025 14:50:30] "[32mGET /api/job-statuses HTTP/1.1[0m" 302 -
2025-10-01 14:50:30,848 - INFO - [REQ] GET /login - 127.0.0.1
2025-10-01 14:50:30,850 - INFO - [RESP] GET /login - 200
2025-10-01 14:50:30,851 - INFO - 127.0.0.1 - - [01/Oct/2025 14:50:30] "GET /login HTTP/1.1" 200 -
2025-10-01 14:50:33,547 - INFO - [REQ] GET /api/job-statuses - 127.0.0.1
2025-10-01 14:50:33,547 - INFO - [DEBUG] Checking auth for /api/job-statuses - Session: {'_flashes': [('warning', 'Please log in to access this page')]}
2025-10-01 14:50:33,548 - WARNING - [AUTH] BLOCKED unauthenticated access to /api/job-statuses from 127.0.0.1
2025-10-01 14:50:33,548 - WARNING - [AUTH] Session contents: {'_flashes': [('warning', 'Please log in to access this page')]}
2025-10-01 14:50:33,549 - INFO - [RESP] GET /api/job-statuses - 302
2025-10-01 14:50:33,549 - INFO - 127.0.0.1 - - [01/Oct/2025 14:50:33] "[32mGET /api/job-statuses HTTP/1.1[0m" 302 -
2025-10-01 14:50:33,856 - INFO - [REQ] GET /login - 127.0.0.1
2025-10-01 14:50:33,856 - INFO - [RESP] GET /login - 200
2025-10-01 14:50:33,857 - INFO - 127.0.0.1 - - [01/Oct/2025 14:50:33] "GET /login HTTP/1.1" 200 -
2025-10-01 14:50:36,550 - INFO - [REQ] GET /api/job-statuses - 127.0.0.1
2025-10-01 14:50:36,551 - INFO - [DEBUG] Checking auth for /api/job-statuses - Session: {'_flashes': [('warning', 'Please log in to access this page')]}
2025-10-01 14:50:36,551 - WARNING - [AUTH] BLOCKED unauthenticated access to /api/job-statuses from 127.0.0.1
2025-10-01 14:50:36,553 - WARNING - [AUTH] Session contents: {'_flashes': [('warning', 'Please log in to access this page')]}
2025-10-01 14:50:36,554 - INFO - [RESP] GET /api/job-statuses - 302
2025-10-01 14:50:36,555 - INFO - 127.0.0.1 - - [01/Oct/2025 14:50:36] "[32mGET /api/job-statuses HTTP/1.1[0m" 302 -
2025-10-01 14:50:36,874 - INFO - [REQ] GET /login - 127.0.0.1
2025-10-01 14:50:36,875 - INFO - [RESP] GET /login - 200
2025-10-01 14:50:36,876 - INFO - 127.0.0.1 - - [01/Oct/2025 14:50:36] "GET /login HTTP/1.1" 200 -
2025-10-01 14:50:39,545 - INFO - [REQ] GET /api/job-statuses - 127.0.0.1
2025-10-01 14:50:39,547 - INFO - [DEBUG] Checking auth for /api/job-statuses - Session: {'_flashes': [('warning', 'Please log in to access this page')]}
2025-10-01 14:50:39,548 - WARNING - [AUTH] BLOCKED unauthenticated access to /api/job-statuses from 127.0.0.1
2025-10-01 14:50:39,549 - WARNING - [AUTH] Session contents: {'_flashes': [('warning', 'Please log in to access this page')]}
2025-10-01 14:50:39,550 - INFO - [RESP] GET /api/job-statuses - 302
2025-10-01 14:50:39,552 - INFO - 127.0.0.1 - - [01/Oct/2025 14:50:39] "[32mGET /api/job-statuses HTTP/1.1[0m" 302 -
2025-10-01 14:50:39,869 - INFO - [REQ] GET /login - 127.0.0.1
2025-10-01 14:50:39,871 - INFO - [RESP] GET /login - 200
2025-10-01 14:50:39,872 - INFO - 127.0.0.1 - - [01/Oct/2025 14:50:39] "GET /login HTTP/1.1" 200 -
2025-10-01 14:50:42,544 - INFO - [REQ] GET /api/job-statuses - 127.0.0.1
2025-10-01 14:50:42,547 - INFO - [DEBUG] Checking auth for /api/job-statuses - Session: {'_flashes': [('warning', 'Please log in to access this page')]}
2025-10-01 14:50:42,547 - WARNING - [AUTH] BLOCKED unauthenticated access to /api/job-statuses from 127.0.0.1
2025-10-01 14:50:42,548 - WARNING - [AUTH] Session contents: {'_flashes': [('warning', 'Please log in to access this page')]}
2025-10-01 14:50:42,549 - INFO - [RESP] GET /api/job-statuses - 302
2025-10-01 14:50:42,549 - INFO - 127.0.0.1 - - [01/Oct/2025 14:50:42] "[32mGET /api/job-statuses HTTP/1.1[0m" 302 -
2025-10-01 14:50:42,869 - INFO - [REQ] GET /login - 127.0.0.1
2025-10-01 14:50:42,870 - INFO - [RESP] GET /login - 200
2025-10-01 14:50:42,871 - INFO - 127.0.0.1 - - [01/Oct/2025 14:50:42] "GET /login HTTP/1.1" 200 -
2025-10-01 14:50:45,551 - INFO - [REQ] GET /api/job-statuses - 127.0.0.1
2025-10-01 14:50:45,552 - INFO - [DEBUG] Checking auth for /api/job-statuses - Session: {'_flashes': [('warning', 'Please log in to access this page')]}
2025-10-01 14:50:45,553 - WARNING - [AUTH] BLOCKED unauthenticated access to /api/job-statuses from 127.0.0.1
2025-10-01 14:50:45,554 - WARNING - [AUTH] Session contents: {'_flashes': [('warning', 'Please log in to access this page')]}
2025-10-01 14:50:45,555 - INFO - [RESP] GET /api/job-statuses - 302
2025-10-01 14:50:45,556 - INFO - 127.0.0.1 - - [01/Oct/2025 14:50:45] "[32mGET /api/job-statuses HTTP/1.1[0m" 302 -
2025-10-01 14:50:45,873 - INFO - [REQ] GET /login - 127.0.0.1
2025-10-01 14:50:45,875 - INFO - [RESP] GET /login - 200
2025-10-01 14:50:45,875 - INFO - 127.0.0.1 - - [01/Oct/2025 14:50:45] "GET /login HTTP/1.1" 200 -
2025-10-01 14:50:48,549 - INFO - [REQ] GET /api/job-statuses - 127.0.0.1
2025-10-01 14:50:48,550 - INFO - [DEBUG] Checking auth for /api/job-statuses - Session: {'_flashes': [('warning', 'Please log in to access this page')]}
2025-10-01 14:50:48,550 - WARNING - [AUTH] BLOCKED unauthenticated access to /api/job-statuses from 127.0.0.1
2025-10-01 14:50:48,551 - WARNING - [AUTH] Session contents: {'_flashes': [('warning', 'Please log in to access this page')]}
2025-10-01 14:50:48,551 - INFO - [RESP] GET /api/job-statuses - 302
2025-10-01 14:50:48,552 - INFO - 127.0.0.1 - - [01/Oct/2025 14:50:48] "[32mGET /api/job-statuses HTTP/1.1[0m" 302 -
2025-10-01 14:50:48,860 - INFO - [REQ] GET /login - 127.0.0.1
2025-10-01 14:50:48,860 - INFO - [RESP] GET /login - 200
2025-10-01 14:50:48,862 - INFO - 127.0.0.1 - - [01/Oct/2025 14:50:48] "GET /login HTTP/1.1" 200 -
2025-10-01 14:50:51,538 - INFO - [REQ] GET /api/job-statuses - 127.0.0.1
2025-10-01 14:50:51,539 - INFO - [DEBUG] Checking auth for /api/job-statuses - Session: {'_flashes': [('warning', 'Please log in to access this page')]}
2025-10-01 14:50:51,539 - WARNING - [AUTH] BLOCKED unauthenticated access to /api/job-statuses from 127.0.0.1
2025-10-01 14:50:51,539 - WARNING - [AUTH] Session contents: {'_flashes': [('warning', 'Please log in to access this page')]}
2025-10-01 14:50:51,539 - INFO - [RESP] GET /api/job-statuses - 302
2025-10-01 14:50:51,539 - INFO - 127.0.0.1 - - [01/Oct/2025 14:50:51] "[32mGET /api/job-statuses HTTP/1.1[0m" 302 -
2025-10-01 14:50:51,862 - INFO - [REQ] GET /login - 127.0.0.1
2025-10-01 14:50:51,863 - INFO - [RESP] GET /login - 200
2025-10-01 14:50:51,864 - INFO - 127.0.0.1 - - [01/Oct/2025 14:50:51] "GET /login HTTP/1.1" 200 -
2025-10-01 14:50:54,549 - INFO - [REQ] GET /api/job-statuses - 127.0.0.1
2025-10-01 14:50:54,549 - INFO - [DEBUG] Checking auth for /api/job-statuses - Session: {'_flashes': [('warning', 'Please log in to access this page')]}
2025-10-01 14:50:54,550 - WARNING - [AUTH] BLOCKED unauthenticated access to /api/job-statuses from 127.0.0.1
2025-10-01 14:50:54,551 - WARNING - [AUTH] Session contents: {'_flashes': [('warning', 'Please log in to access this page')]}
2025-10-01 14:50:54,551 - INFO - [RESP] GET /api/job-statuses - 302
2025-10-01 14:50:54,552 - INFO - 127.0.0.1 - - [01/Oct/2025 14:50:54] "[32mGET /api/job-statuses HTTP/1.1[0m" 302 -
2025-10-01 14:50:54,872 - INFO - [REQ] GET /login - 127.0.0.1
2025-10-01 14:50:54,874 - INFO - [RESP] GET /login - 200
2025-10-01 14:50:54,875 - INFO - 127.0.0.1 - - [01/Oct/2025 14:50:54] "GET /login HTTP/1.1" 200 -
2025-10-01 14:50:57,543 - INFO - [REQ] GET /api/job-statuses - 127.0.0.1
2025-10-01 14:50:57,544 - INFO - [DEBUG] Checking auth for /api/job-statuses - Session: {'_flashes': [('warning', 'Please log in to access this page')]}
2025-10-01 14:50:57,545 - WARNING - [AUTH] BLOCKED unauthenticated access to /api/job-statuses from 127.0.0.1
2025-10-01 14:50:57,545 - WARNING - [AUTH] Session contents: {'_flashes': [('warning', 'Please log in to access this page')]}
2025-10-01 14:50:57,545 - INFO - [RESP] GET /api/job-statuses - 302
2025-10-01 14:50:57,547 - INFO - 127.0.0.1 - - [01/Oct/2025 14:50:57] "[32mGET /api/job-statuses HTTP/1.1[0m" 302 -
2025-10-01 14:50:57,866 - INFO - [REQ] GET /login - 127.0.0.1
2025-10-01 14:50:57,866 - INFO - [RESP] GET /login - 200
2025-10-01 14:50:57,867 - INFO - 127.0.0.1 - - [01/Oct/2025 14:50:57] "GET /login HTTP/1.1" 200 -
2025-10-01 14:51:00,547 - INFO - [REQ] GET /api/job-statuses - 127.0.0.1
2025-10-01 14:51:00,547 - INFO - [DEBUG] Checking auth for /api/job-statuses - Session: {'_flashes': [('warning', 'Please log in to access this page')]}
2025-10-01 14:51:00,548 - WARNING - [AUTH] BLOCKED unauthenticated access to /api/job-statuses from 127.0.0.1
2025-10-01 14:51:00,548 - WARNING - [AUTH] Session contents: {'_flashes': [('warning', 'Please log in to access this page')]}
2025-10-01 14:51:00,548 - INFO - [RESP] GET /api/job-statuses - 302
2025-10-01 14:51:00,549 - INFO - 127.0.0.1 - - [01/Oct/2025 14:51:00] "[32mGET /api/job-statuses HTTP/1.1[0m" 302 -
2025-10-01 14:51:00,859 - INFO - [REQ] GET /login - 127.0.0.1
2025-10-01 14:51:00,862 - INFO - [RESP] GET /login - 200
2025-10-01 14:51:00,863 - INFO - 127.0.0.1 - - [01/Oct/2025 14:51:00] "GET /login HTTP/1.1" 200 -
2025-10-01 14:51:03,547 - INFO - [REQ] GET /api/job-statuses - 127.0.0.1
2025-10-01 14:51:03,549 - INFO - [DEBUG] Checking auth for /api/job-statuses - Session: {'_flashes': [('warning', 'Please log in to access this page')]}
2025-10-01 14:51:03,550 - WARNING - [AUTH] BLOCKED unauthenticated access to /api/job-statuses from 127.0.0.1
2025-10-01 14:51:03,550 - WARNING - [AUTH] Session contents: {'_flashes': [('warning', 'Please log in to access this page')]}
2025-10-01 14:51:03,551 - INFO - [RESP] GET /api/job-statuses - 302
2025-10-01 14:51:03,552 - INFO - 127.0.0.1 - - [01/Oct/2025 14:51:03] "[32mGET /api/job-statuses HTTP/1.1[0m" 302 -
2025-10-01 14:51:03,867 - INFO - [REQ] GET /login - 127.0.0.1
2025-10-01 14:51:03,868 - INFO - [RESP] GET /login - 200
2025-10-01 14:51:03,870 - INFO - 127.0.0.1 - - [01/Oct/2025 14:51:03] "GET /login HTTP/1.1" 200 -
2025-10-01 14:51:06,551 - INFO - [REQ] GET /api/job-statuses - 127.0.0.1
2025-10-01 14:51:06,552 - INFO - [DEBUG] Checking auth for /api/job-statuses - Session: {'_flashes': [('warning', 'Please log in to access this page')]}
2025-10-01 14:51:06,553 - WARNING - [AUTH] BLOCKED unauthenticated access to /api/job-statuses from 127.0.0.1
2025-10-01 14:51:06,553 - WARNING - [AUTH] Session contents: {'_flashes': [('warning', 'Please log in to access this page')]}
2025-10-01 14:51:06,553 - INFO - [RESP] GET /api/job-statuses - 302
2025-10-01 14:51:06,554 - INFO - 127.0.0.1 - - [01/Oct/2025 14:51:06] "[32mGET /api/job-statuses HTTP/1.1[0m" 302 -
2025-10-01 14:51:06,874 - INFO - [REQ] GET /login - 127.0.0.1
2025-10-01 14:51:06,874 - INFO - [RESP] GET /login - 200
2025-10-01 14:51:06,876 - INFO - 127.0.0.1 - - [01/Oct/2025 14:51:06] "GET /login HTTP/1.1" 200 -
2025-10-01 14:51:09,547 - INFO - [REQ] GET /api/job-statuses - 127.0.0.1
2025-10-01 14:51:09,547 - INFO - [DEBUG] Checking auth for /api/job-statuses - Session: {'_flashes': [('warning', 'Please log in to access this page')]}
2025-10-01 14:51:09,549 - WARNING - [AUTH] BLOCKED unauthenticated access to /api/job-statuses from 127.0.0.1
2025-10-01 14:51:09,550 - WARNING - [AUTH] Session contents: {'_flashes': [('warning', 'Please log in to access this page')]}
2025-10-01 14:51:09,551 - INFO - [RESP] GET /api/job-statuses - 302
2025-10-01 14:51:09,552 - INFO - 127.0.0.1 - - [01/Oct/2025 14:51:09] "[32mGET /api/job-statuses HTTP/1.1[0m" 302 -
2025-10-01 14:51:09,868 - INFO - [REQ] GET /login - 127.0.0.1
2025-10-01 14:51:09,868 - INFO - [RESP] GET /login - 200
2025-10-01 14:51:09,869 - INFO - 127.0.0.1 - - [01/Oct/2025 14:51:09] "GET /login HTTP/1.1" 200 -
2025-10-01 14:51:12,551 - INFO - [REQ] GET /api/job-statuses - 127.0.0.1
2025-10-01 14:51:12,553 - INFO - [DEBUG] Checking auth for /api/job-statuses - Session: {'_flashes': [('warning', 'Please log in to access this page')]}
2025-10-01 14:51:12,554 - WARNING - [AUTH] BLOCKED unauthenticated access to /api/job-statuses from 127.0.0.1
2025-10-01 14:51:12,555 - WARNING - [AUTH] Session contents: {'_flashes': [('warning', 'Please log in to access this page')]}
2025-10-01 14:51:12,556 - INFO - [RESP] GET /api/job-statuses - 302
2025-10-01 14:51:12,557 - INFO - 127.0.0.1 - - [01/Oct/2025 14:51:12] "[32mGET /api/job-statuses HTTP/1.1[0m" 302 -
2025-10-01 14:51:12,877 - INFO - [REQ] GET /login - 127.0.0.1
2025-10-01 14:51:12,879 - INFO - [RESP] GET /login - 200
2025-10-01 14:51:12,880 - INFO - 127.0.0.1 - - [01/Oct/2025 14:51:12] "GET /login HTTP/1.1" 200 -
2025-10-01 14:51:15,542 - INFO - [REQ] GET /api/job-statuses - 127.0.0.1
2025-10-01 14:51:15,543 - INFO - [DEBUG] Checking auth for /api/job-statuses - Session: {'_flashes': [('warning', 'Please log in to access this page')]}
2025-10-01 14:51:15,543 - WARNING - [AUTH] BLOCKED unauthenticated access to /api/job-statuses from 127.0.0.1
2025-10-01 14:51:15,544 - WARNING - [AUTH] Session contents: {'_flashes': [('warning', 'Please log in to access this page')]}
2025-10-01 14:51:15,544 - INFO - [RESP] GET /api/job-statuses - 302
2025-10-01 14:51:15,545 - INFO - 127.0.0.1 - - [01/Oct/2025 14:51:15] "[32mGET /api/job-statuses HTTP/1.1[0m" 302 -
2025-10-01 14:51:15,852 - INFO - [REQ] GET /login - 127.0.0.1
2025-10-01 14:51:15,854 - INFO - [RESP] GET /login - 200
2025-10-01 14:51:15,855 - INFO - 127.0.0.1 - - [01/Oct/2025 14:51:15] "GET /login HTTP/1.1" 200 -
2025-10-01 14:51:18,549 - INFO - [REQ] GET /api/job-statuses - 127.0.0.1
2025-10-01 14:51:18,550 - INFO - [DEBUG] Checking auth for /api/job-statuses - Session: {'_flashes': [('warning', 'Please log in to access this page')]}
2025-10-01 14:51:18,550 - WARNING - [AUTH] BLOCKED unauthenticated access to /api/job-statuses from 127.0.0.1
2025-10-01 14:51:18,551 - WARNING - [AUTH] Session contents: {'_flashes': [('warning', 'Please log in to access this page')]}
2025-10-01 14:51:18,552 - INFO - [RESP] GET /api/job-statuses - 302
2025-10-01 14:51:18,554 - INFO - 127.0.0.1 - - [01/Oct/2025 14:51:18] "[32mGET /api/job-statuses HTTP/1.1[0m" 302 -
2025-10-01 14:51:18,872 - INFO - [REQ] GET /login - 127.0.0.1
2025-10-01 14:51:18,873 - INFO - [RESP] GET /login - 200
2025-10-01 14:51:18,874 - INFO - 127.0.0.1 - - [01/Oct/2025 14:51:18] "GET /login HTTP/1.1" 200 -
2025-10-01 14:51:29,545 - INFO - [REQ] GET /api/job-statuses - 127.0.0.1
2025-10-01 14:51:29,545 - INFO - [DEBUG] Checking auth for /api/job-statuses - Session: {'_flashes': [('warning', 'Please log in to access this page')]}
2025-10-01 14:51:29,546 - WARNING - [AUTH] BLOCKED unauthenticated access to /api/job-statuses from 127.0.0.1
2025-10-01 14:51:29,546 - WARNING - [AUTH] Session contents: {'_flashes': [('warning', 'Please log in to access this page')]}
2025-10-01 14:51:29,547 - INFO - [RESP] GET /api/job-statuses - 302
2025-10-01 14:51:29,547 - INFO - 127.0.0.1 - - [01/Oct/2025 14:51:29] "[32mGET /api/job-statuses HTTP/1.1[0m" 302 -
2025-10-01 14:51:29,853 - INFO - [REQ] GET /login - 127.0.0.1
2025-10-01 14:51:29,855 - INFO - [RESP] GET /login - 200
2025-10-01 14:51:29,856 - INFO - 127.0.0.1 - - [01/Oct/2025 14:51:29] "GET /login HTTP/1.1" 200 -
2025-10-01 14:52:29,547 - INFO - [REQ] GET /api/job-statuses - 127.0.0.1
2025-10-01 14:52:29,548 - INFO - [DEBUG] Checking auth for /api/job-statuses - Session: {'_flashes': [('warning', 'Please log in to access this page')]}
2025-10-01 14:52:29,549 - WARNING - [AUTH] BLOCKED unauthenticated access to /api/job-statuses from 127.0.0.1
2025-10-01 14:52:29,550 - WARNING - [AUTH] Session contents: {'_flashes': [('warning', 'Please log in to access this page')]}
2025-10-01 14:52:29,551 - INFO - [RESP] GET /api/job-statuses - 302
2025-10-01 14:52:29,553 - INFO - 127.0.0.1 - - [01/Oct/2025 14:52:29] "[32mGET /api/job-statuses HTTP/1.1[0m" 302 -
2025-10-01 14:52:29,867 - INFO - [REQ] GET /login - 127.0.0.1
2025-10-01 14:52:29,868 - INFO - [RESP] GET /login - 200
2025-10-01 14:52:29,869 - INFO - 127.0.0.1 - - [01/Oct/2025 14:52:29] "GET /login HTTP/1.1" 200 -
2025-10-01 14:53:29,540 - INFO - [REQ] GET /api/job-statuses - 127.0.0.1
2025-10-01 14:53:29,541 - INFO - [DEBUG] Checking auth for /api/job-statuses - Session: {'_flashes': [('warning', 'Please log in to access this page')]}
2025-10-01 14:53:29,542 - WARNING - [AUTH] BLOCKED unauthenticated access to /api/job-statuses from 127.0.0.1
2025-10-01 14:53:29,543 - WARNING - [AUTH] Session contents: {'_flashes': [('warning', 'Please log in to access this page')]}
2025-10-01 14:53:29,544 - INFO - [RESP] GET /api/job-statuses - 302
2025-10-01 14:53:29,547 - INFO - 127.0.0.1 - - [01/Oct/2025 14:53:29] "[32mGET /api/job-statuses HTTP/1.1[0m" 302 -
2025-10-01 14:53:29,865 - INFO - [REQ] GET /login - 127.0.0.1
2025-10-01 14:53:29,866 - INFO - [RESP] GET /login - 200
2025-10-01 14:53:29,867 - INFO - 127.0.0.1 - - [01/Oct/2025 14:53:29] "GET /login HTTP/1.1" 200 -
2025-10-01 14:54:29,550 - INFO - [REQ] GET /api/job-statuses - 127.0.0.1
2025-10-01 14:54:29,550 - INFO - [DEBUG] Checking auth for /api/job-statuses - Session: {'_flashes': [('warning', 'Please log in to access this page')]}
2025-10-01 14:54:29,550 - WARNING - [AUTH] BLOCKED unauthenticated access to /api/job-statuses from 127.0.0.1
2025-10-01 14:54:29,551 - WARNING - [AUTH] Session contents: {'_flashes': [('warning', 'Please log in to access this page')]}
2025-10-01 14:54:29,551 - INFO - [RESP] GET /api/job-statuses - 302
2025-10-01 14:54:29,553 - INFO - 127.0.0.1 - - [01/Oct/2025 14:54:29] "[32mGET /api/job-statuses HTTP/1.1[0m" 302 -
2025-10-01 14:54:29,869 - INFO - [REQ] GET /login - 127.0.0.1
2025-10-01 14:54:29,870 - INFO - [RESP] GET /login - 200
2025-10-01 14:54:29,871 - INFO - 127.0.0.1 - - [01/Oct/2025 14:54:29] "GET /login HTTP/1.1" 200 -
2025-10-01 14:55:29,553 - INFO - [REQ] GET /api/job-statuses - 127.0.0.1
2025-10-01 14:55:29,554 - INFO - [DEBUG] Checking auth for /api/job-statuses - Session: {'_flashes': [('warning', 'Please log in to access this page')]}
2025-10-01 14:55:29,554 - WARNING - [AUTH] BLOCKED unauthenticated access to /api/job-statuses from 127.0.0.1
2025-10-01 14:55:29,556 - WARNING - [AUTH] Session contents: {'_flashes': [('warning', 'Please log in to access this page')]}
2025-10-01 14:55:29,557 - INFO - [RESP] GET /api/job-statuses - 302
2025-10-01 14:55:29,559 - INFO - 127.0.0.1 - - [01/Oct/2025 14:55:29] "[32mGET /api/job-statuses HTTP/1.1[0m" 302 -
2025-10-01 14:55:29,875 - INFO - [REQ] GET /login - 127.0.0.1
2025-10-01 14:55:29,876 - INFO - [RESP] GET /login - 200
2025-10-01 14:55:29,877 - INFO - 127.0.0.1 - - [01/Oct/2025 14:55:29] "GET /login HTTP/1.1" 200 -
2025-10-01 14:56:29,540 - INFO - [REQ] GET /api/job-statuses - 127.0.0.1
2025-10-01 14:56:29,541 - INFO - [DEBUG] Checking auth for /api/job-statuses - Session: {'_flashes': [('warning', 'Please log in to access this page')]}
2025-10-01 14:56:29,542 - WARNING - [AUTH] BLOCKED unauthenticated access to /api/job-statuses from 127.0.0.1
2025-10-01 14:56:29,542 - WARNING - [AUTH] Session contents: {'_flashes': [('warning', 'Please log in to access this page')]}
2025-10-01 14:56:29,543 - INFO - [RESP] GET /api/job-statuses - 302
2025-10-01 14:56:29,543 - INFO - 127.0.0.1 - - [01/Oct/2025 14:56:29] "[32mGET /api/job-statuses HTTP/1.1[0m" 302 -
2025-10-01 14:56:29,860 - INFO - [REQ] GET /login - 127.0.0.1
2025-10-01 14:56:29,862 - INFO - [RESP] GET /login - 200
2025-10-01 14:56:29,862 - INFO - 127.0.0.1 - - [01/Oct/2025 14:56:29] "GET /login HTTP/1.1" 200 -
2025-10-01 14:57:29,540 - INFO - [REQ] GET /api/job-statuses - 127.0.0.1
2025-10-01 14:57:29,541 - INFO - [DEBUG] Checking auth for /api/job-statuses - Session: {'_flashes': [('warning', 'Please log in to access this page')]}
2025-10-01 14:57:29,542 - WARNING - [AUTH] BLOCKED unauthenticated access to /api/job-statuses from 127.0.0.1
2025-10-01 14:57:29,543 - WARNING - [AUTH] Session contents: {'_flashes': [('warning', 'Please log in to access this page')]}
2025-10-01 14:57:29,544 - INFO - [RESP] GET /api/job-statuses - 302
2025-10-01 14:57:29,545 - INFO - 127.0.0.1 - - [01/Oct/2025 14:57:29] "[32mGET /api/job-statuses HTTP/1.1[0m" 302 -
2025-10-01 14:57:29,866 - INFO - [REQ] GET /login - 127.0.0.1
2025-10-01 14:57:29,867 - INFO - [RESP] GET /login - 200
2025-10-01 14:57:29,868 - INFO - 127.0.0.1 - - [01/Oct/2025 14:57:29] "GET /login HTTP/1.1" 200 -
2025-10-01 14:58:29,550 - INFO - [REQ] GET /api/job-statuses - 127.0.0.1
2025-10-01 14:58:29,551 - INFO - [DEBUG] Checking auth for /api/job-statuses - Session: {'_flashes': [('warning', 'Please log in to access this page')]}
2025-10-01 14:58:29,552 - WARNING - [AUTH] BLOCKED unauthenticated access to /api/job-statuses from 127.0.0.1
2025-10-01 14:58:29,554 - WARNING - [AUTH] Session contents: {'_flashes': [('warning', 'Please log in to access this page')]}
2025-10-01 14:58:29,555 - INFO - [RESP] GET /api/job-statuses - 302
2025-10-01 14:58:29,556 - INFO - 127.0.0.1 - - [01/Oct/2025 14:58:29] "[32mGET /api/job-statuses HTTP/1.1[0m" 302 -
2025-10-01 14:58:29,874 - INFO - [REQ] GET /login - 127.0.0.1
2025-10-01 14:58:29,876 - INFO - [RESP] GET /login - 200
2025-10-01 14:58:29,877 - INFO - 127.0.0.1 - - [01/Oct/2025 14:58:29] "GET /login HTTP/1.1" 200 -
2025-10-01 14:58:34,501 - INFO - [REQ] GET /sync-summary - 127.0.0.1
2025-10-01 14:58:34,501 - INFO - [DEBUG] Checking auth for /sync-summary - Session: {}
2025-10-01 14:58:34,502 - WARNING - [AUTH] BLOCKED unauthenticated access to /sync-summary from 127.0.0.1
2025-10-01 14:58:34,502 - WARNING - [AUTH] Session contents: {}
2025-10-01 14:58:34,502 - INFO - [RESP] GET /sync-summary - 302
2025-10-01 14:58:34,503 - INFO - 127.0.0.1 - - [01/Oct/2025 14:58:34] "[32mGET /sync-summary HTTP/1.1[0m" 302 -
2025-10-01 14:58:34,510 - INFO - [REQ] GET /login - 127.0.0.1
2025-10-01 14:58:34,511 - INFO - [RESP] GET /login - 200
2025-10-01 14:58:34,512 - INFO - 127.0.0.1 - - [01/Oct/2025 14:58:34] "GET /login HTTP/1.1" 200 -
2025-10-01 14:58:36,156 - INFO - [REQ] POST /login - 127.0.0.1
2025-10-01 14:58:36,409 - INFO - [LOGIN] Successful login: admin (admin) from 127.0.0.1
2025-10-01 14:58:36,409 - INFO - [RESP] POST /login - 302
2025-10-01 14:58:36,410 - INFO - 127.0.0.1 - - [01/Oct/2025 14:58:36] "[32mPOST /login HTTP/1.1[0m" 302 -
2025-10-01 14:58:36,414 - INFO - [REQ] GET / - 127.0.0.1
2025-10-01 14:58:36,414 - INFO - [DEBUG] Checking auth for / - Session: {'_flashes': [('warning', 'Please log in to access this page'), ('success', 'Welcome, admin!')], '_permanent': True, 'role': 'admin', 'session_ip': '127.0.0.1', 'session_start_time': 1759310916.409789, 'username': 'admin'}
2025-10-01 14:58:36,416 - INFO - [AUTH] Authenticated access: admin (admin) to /
2025-10-01 14:58:36,416 - INFO - [HOME] Homepage accessed by user: admin
2025-10-01 14:58:36,418 - INFO - [INFO] Loaded 2 SQL servers for display
2025-10-01 14:58:36,431 - INFO - [RESP] GET / - 200
2025-10-01 14:58:36,432 - INFO - 127.0.0.1 - - [01/Oct/2025 14:58:36] "GET / HTTP/1.1" 200 -
2025-10-01 14:58:36,451 - INFO - [REQ] GET /static/actin-logo.png - 127.0.0.1
2025-10-01 14:58:36,488 - INFO - [RESP] GET /static/actin-logo.png - 304
2025-10-01 14:58:36,489 - INFO - 127.0.0.1 - - [01/Oct/2025 14:58:36] "[36mGET /static/actin-logo.png HTTP/1.1[0m" 304 -
2025-10-01 14:58:38,310 - INFO - [REQ] GET /sync-summary - 127.0.0.1
2025-10-01 14:58:38,313 - INFO - [DEBUG] Checking auth for /sync-summary - Session: {'_flashes': [('warning', 'Please log in to access this page'), ('success', 'Welcome, admin!')], '_permanent': True, 'role': 'admin', 'session_ip': '127.0.0.1', 'session_start_time': 1759310916.409789, 'username': 'admin'}
2025-10-01 14:58:38,314 - INFO - [AUTH] Authenticated access: admin (admin) to /sync-summary
2025-10-01 14:58:39,816 - INFO - [RESP] GET /sync-summary - 200
2025-10-01 14:58:39,818 - INFO - 127.0.0.1 - - [01/Oct/2025 14:58:39] "GET /sync-summary HTTP/1.1" 200 -
2025-10-01 14:58:39,833 - INFO - [REQ] GET /static/actin-logo.png - 127.0.0.1
2025-10-01 14:58:39,835 - INFO - [RESP] GET /static/actin-logo.png - 304
2025-10-01 14:58:39,836 - INFO - 127.0.0.1 - - [01/Oct/2025 14:58:39] "[36mGET /static/actin-logo.png HTTP/1.1[0m" 304 -
2025-10-01 14:58:43,111 - INFO - [REQ] GET /sync-summary/MSSQLSERVER - 127.0.0.1
2025-10-01 14:58:43,111 - INFO - [DEBUG] Checking auth for /sync-summary/MSSQLSERVER - Session: {'_flashes': [('warning', 'Please log in to access this page'), ('success', 'Welcome, admin!')], '_permanent': True, 'role': 'admin', 'session_ip': '127.0.0.1', 'session_start_time': 1759310916.409789, 'username': 'admin'}
2025-10-01 14:58:43,112 - INFO - [AUTH] Authenticated access: admin (admin) to /sync-summary/MSSQLSERVER
2025-10-01 14:58:47,372 - INFO - [RESP] GET /sync-summary/MSSQLSERVER - 200
2025-10-01 14:58:47,374 - INFO - 127.0.0.1 - - [01/Oct/2025 14:58:47] "GET /sync-summary/MSSQLSERVER HTTP/1.1" 200 -
2025-10-01 14:58:47,398 - INFO - [REQ] GET /static/actin-logo.png - 127.0.0.1
2025-10-01 14:58:47,400 - INFO - [RESP] GET /static/actin-logo.png - 304
2025-10-01 14:58:47,401 - INFO - 127.0.0.1 - - [01/Oct/2025 14:58:47] "[36mGET /static/actin-logo.png HTTP/1.1[0m" 304 -
2025-10-01 14:58:56,355 - INFO - [REQ] GET /api/job-statuses - 127.0.0.1
2025-10-01 14:58:56,356 - INFO - [DEBUG] Checking auth for /api/job-statuses - Session: {'_flashes': [('warning', 'Please log in to access this page')]}
2025-10-01 14:58:56,357 - WARNING - [AUTH] BLOCKED unauthenticated access to /api/job-statuses from 127.0.0.1
2025-10-01 14:58:56,357 - WARNING - [AUTH] Session contents: {'_flashes': [('warning', 'Please log in to access this page')]}
2025-10-01 14:58:56,359 - INFO - [RESP] GET /api/job-statuses - 302
2025-10-01 14:58:56,360 - INFO - 127.0.0.1 - - [01/Oct/2025 14:58:56] "[32mGET /api/job-statuses HTTP/1.1[0m" 302 -
2025-10-01 14:58:56,681 - INFO - [REQ] GET /login - 127.0.0.1
2025-10-01 14:58:56,683 - INFO - [RESP] GET /login - 200
2025-10-01 14:58:56,688 - INFO - 127.0.0.1 - - [01/Oct/2025 14:58:56] "GET /login HTTP/1.1" 200 -
2025-10-01 14:58:57,543 - INFO - [REQ] GET /api/job-statuses - 127.0.0.1
2025-10-01 14:58:57,544 - INFO - [DEBUG] Checking auth for /api/job-statuses - Session: {'_flashes': [('warning', 'Please log in to access this page')]}
2025-10-01 14:58:57,545 - WARNING - [AUTH] BLOCKED unauthenticated access to /api/job-statuses from 127.0.0.1
2025-10-01 14:58:57,547 - WARNING - [AUTH] Session contents: {'_flashes': [('warning', 'Please log in to access this page')]}
2025-10-01 14:58:57,548 - INFO - [RESP] GET /api/job-statuses - 302
2025-10-01 14:58:57,550 - INFO - 127.0.0.1 - - [01/Oct/2025 14:58:57] "[32mGET /api/job-statuses HTTP/1.1[0m" 302 -
2025-10-01 14:58:57,870 - INFO - [REQ] GET /login - 127.0.0.1
2025-10-01 14:58:57,872 - INFO - [RESP] GET /login - 200
2025-10-01 14:58:57,873 - INFO - 127.0.0.1 - - [01/Oct/2025 14:58:57] "GET /login HTTP/1.1" 200 -
2025-10-01 14:59:00,536 - INFO - [REQ] GET /api/job-statuses - 127.0.0.1
2025-10-01 14:59:00,537 - INFO - [DEBUG] Checking auth for /api/job-statuses - Session: {'_flashes': [('warning', 'Please log in to access this page')]}
2025-10-01 14:59:00,537 - WARNING - [AUTH] BLOCKED unauthenticated access to /api/job-statuses from 127.0.0.1
2025-10-01 14:59:00,538 - WARNING - [AUTH] Session contents: {'_flashes': [('warning', 'Please log in to access this page')]}
2025-10-01 14:59:00,539 - INFO - [RESP] GET /api/job-statuses - 302
2025-10-01 14:59:00,542 - INFO - 127.0.0.1 - - [01/Oct/2025 14:59:00] "[32mGET /api/job-statuses HTTP/1.1[0m" 302 -
2025-10-01 14:59:00,862 - INFO - [REQ] GET /login - 127.0.0.1
2025-10-01 14:59:00,864 - INFO - [RESP] GET /login - 200
2025-10-01 14:59:00,865 - INFO - 127.0.0.1 - - [01/Oct/2025 14:59:00] "GET /login HTTP/1.1" 200 -
2025-10-01 14:59:03,538 - INFO - [REQ] GET /api/job-statuses - 127.0.0.1
2025-10-01 14:59:03,539 - INFO - [DEBUG] Checking auth for /api/job-statuses - Session: {'_flashes': [('warning', 'Please log in to access this page')]}
2025-10-01 14:59:03,540 - WARNING - [AUTH] BLOCKED unauthenticated access to /api/job-statuses from 127.0.0.1
2025-10-01 14:59:03,541 - WARNING - [AUTH] Session contents: {'_flashes': [('warning', 'Please log in to access this page')]}
2025-10-01 14:59:03,542 - INFO - [RESP] GET /api/job-statuses - 302
2025-10-01 14:59:03,544 - INFO - 127.0.0.1 - - [01/Oct/2025 14:59:03] "[32mGET /api/job-statuses HTTP/1.1[0m" 302 -
2025-10-01 14:59:03,865 - INFO - [REQ] GET /login - 127.0.0.1
2025-10-01 14:59:03,871 - INFO - [RESP] GET /login - 200
2025-10-01 14:59:03,877 - INFO - 127.0.0.1 - - [01/Oct/2025 14:59:03] "GET /login HTTP/1.1" 200 -
2025-10-01 14:59:32,338 - INFO - [INIT] Initializing Flask application...
2025-10-01 14:59:32,339 - INFO - [CONFIG] Loading configuration...
2025-10-01 14:59:32,339 - INFO - [AUTH] Authentication system ready
2025-10-01 14:59:32,339 - INFO - [DATABASE] Database connections configured
2025-10-01 14:59:32,339 - INFO - [SCHEDULER] Scheduler system active
2025-10-01 14:59:32,339 - INFO - [STARTUP] Application startup complete!
2025-10-01 14:59:32,357 - INFO - [31m[1mWARNING: This is a development server. Do not use it in a production deployment. Use a production WSGI server instead.[0m
 * Running on http://127.0.0.1:5000
2025-10-01 14:59:32,358 - INFO - [33mPress CTRL+C to quit[0m
2025-10-01 14:59:32,359 - INFO -  * Restarting with stat
2025-10-01 14:59:33,642 - INFO - [INIT] Initializing Flask application...
2025-10-01 14:59:33,643 - INFO - [CONFIG] Loading configuration...
2025-10-01 14:59:33,643 - INFO - [AUTH] Authentication system ready
2025-10-01 14:59:33,643 - INFO - [DATABASE] Database connections configured
2025-10-01 14:59:33,643 - INFO - [SCHEDULER] Scheduler system active
2025-10-01 14:59:33,644 - INFO - [STARTUP] Application startup complete!
2025-10-01 14:59:33,659 - WARNING -  * Debugger is active!
2025-10-01 14:59:33,661 - INFO -  * Debugger PIN: 597-331-673
2025-10-01 14:59:33,673 - INFO - [REQ] GET /api/job-statuses - 127.0.0.1
2025-10-01 14:59:33,674 - INFO - [DEBUG] Checking auth for /api/job-statuses - Session: {'_flashes': [('warning', 'Please log in to access this page')]}
2025-10-01 14:59:33,675 - WARNING - [AUTH] BLOCKED unauthenticated access to /api/job-statuses from 127.0.0.1
2025-10-01 14:59:33,676 - INFO - [REQ] GET /sync-summary - 127.0.0.1
2025-10-01 14:59:33,677 - WARNING - [AUTH] Session contents: {'_flashes': [('warning', 'Please log in to access this page')]}
2025-10-01 14:59:33,677 - INFO - [DEBUG] Checking auth for /sync-summary - Session: {'_flashes': [('warning', 'Please log in to access this page'), ('success', 'Welcome, admin!')], '_permanent': True, 'role': 'admin', 'session_ip': '127.0.0.1', 'session_start_time': 1759310916.409789, 'username': 'admin'}
2025-10-01 14:59:33,677 - INFO - [RESP] GET /api/job-statuses - 302
2025-10-01 14:59:33,678 - INFO - [AUTH] Cleared old session from previous server instance
2025-10-01 14:59:33,679 - INFO - 127.0.0.1 - - [01/Oct/2025 14:59:33] "[32mGET /api/job-statuses HTTP/1.1[0m" 302 -
2025-10-01 14:59:33,679 - WARNING - [AUTH] BLOCKED unauthenticated access to /sync-summary from 127.0.0.1
2025-10-01 14:59:33,679 - WARNING - [AUTH] Session contents: {}
2025-10-01 14:59:33,680 - INFO - [RESP] GET /sync-summary - 302
2025-10-01 14:59:33,681 - INFO - 127.0.0.1 - - [01/Oct/2025 14:59:33] "[32mGET /sync-summary HTTP/1.1[0m" 302 -
2025-10-01 14:59:33,682 - INFO - [REQ] GET /api/job-statuses - 127.0.0.1
2025-10-01 14:59:33,683 - INFO - [DEBUG] Checking auth for /api/job-statuses - Session: {'_flashes': [('warning', 'Please log in to access this page')]}
2025-10-01 14:59:33,683 - WARNING - [AUTH] BLOCKED unauthenticated access to /api/job-statuses from 127.0.0.1
2025-10-01 14:59:33,684 - WARNING - [AUTH] Session contents: {'_flashes': [('warning', 'Please log in to access this page')]}
2025-10-01 14:59:33,684 - INFO - [RESP] GET /api/job-statuses - 302
2025-10-01 14:59:33,685 - INFO - 127.0.0.1 - - [01/Oct/2025 14:59:33] "[32mGET /api/job-statuses HTTP/1.1[0m" 302 -
2025-10-01 14:59:33,686 - INFO - [REQ] GET /login - 127.0.0.1
2025-10-01 14:59:33,689 - INFO - [RESP] GET /login - 200
2025-10-01 14:59:33,690 - INFO - 127.0.0.1 - - [01/Oct/2025 14:59:33] "GET /login HTTP/1.1" 200 -
2025-10-01 14:59:34,001 - INFO - [REQ] GET /login - 127.0.0.1
2025-10-01 14:59:34,001 - INFO - [RESP] GET /login - 200
2025-10-01 14:59:34,002 - INFO - 127.0.0.1 - - [01/Oct/2025 14:59:34] "GET /login HTTP/1.1" 200 -
2025-10-01 14:59:34,312 - INFO - [REQ] GET /login - 127.0.0.1
2025-10-01 14:59:34,312 - INFO - [RESP] GET /login - 200
2025-10-01 14:59:34,312 - INFO - 127.0.0.1 - - [01/Oct/2025 14:59:34] "GET /login HTTP/1.1" 200 -
2025-10-01 14:59:35,610 - INFO - [REQ] POST /login - 127.0.0.1
2025-10-01 14:59:35,855 - INFO - [LOGIN] Successful login: admin (admin) from 127.0.0.1
2025-10-01 14:59:35,856 - INFO - [RESP] POST /login - 302
2025-10-01 14:59:35,856 - INFO - 127.0.0.1 - - [01/Oct/2025 14:59:35] "[32mPOST /login HTTP/1.1[0m" 302 -
2025-10-01 14:59:35,861 - INFO - [REQ] GET / - 127.0.0.1
2025-10-01 14:59:35,862 - INFO - [DEBUG] Checking auth for / - Session: {'_flashes': [('warning', 'Please log in to access this page'), ('success', 'Welcome, admin!')], '_permanent': True, 'role': 'admin', 'session_ip': '127.0.0.1', 'session_start_time': 1759310975.855795, 'username': 'admin'}
2025-10-01 14:59:35,862 - INFO - [AUTH] Authenticated access: admin (admin) to /
2025-10-01 14:59:35,862 - INFO - [HOME] Homepage accessed by user: admin
2025-10-01 14:59:35,865 - INFO - [INFO] Loaded 2 SQL servers for display
2025-10-01 14:59:35,874 - INFO - [RESP] GET / - 200
2025-10-01 14:59:35,876 - INFO - 127.0.0.1 - - [01/Oct/2025 14:59:35] "GET / HTTP/1.1" 200 -
2025-10-01 14:59:35,895 - INFO - [REQ] GET /static/actin-logo.png - 127.0.0.1
2025-10-01 14:59:35,928 - INFO - [RESP] GET /static/actin-logo.png - 304
2025-10-01 14:59:35,929 - INFO - 127.0.0.1 - - [01/Oct/2025 14:59:35] "[36mGET /static/actin-logo.png HTTP/1.1[0m" 304 -
2025-10-01 14:59:36,541 - INFO - [REQ] GET /api/job-statuses - 127.0.0.1
2025-10-01 14:59:36,542 - INFO - [DEBUG] Checking auth for /api/job-statuses - Session: {'_flashes': [('warning', 'Please log in to access this page')]}
2025-10-01 14:59:36,542 - WARNING - [AUTH] BLOCKED unauthenticated access to /api/job-statuses from 127.0.0.1
2025-10-01 14:59:36,542 - WARNING - [AUTH] Session contents: {'_flashes': [('warning', 'Please log in to access this page')]}
2025-10-01 14:59:36,543 - INFO - [RESP] GET /api/job-statuses - 302
2025-10-01 14:59:36,543 - INFO - 127.0.0.1 - - [01/Oct/2025 14:59:36] "[32mGET /api/job-statuses HTTP/1.1[0m" 302 -
2025-10-01 14:59:36,850 - INFO - [REQ] GET /login - 127.0.0.1
2025-10-01 14:59:36,851 - INFO - [RESP] GET /login - 200
2025-10-01 14:59:36,852 - INFO - 127.0.0.1 - - [01/Oct/2025 14:59:36] "GET /login HTTP/1.1" 200 -
2025-10-01 14:59:37,792 - INFO - [REQ] GET /schedule - 127.0.0.1
2025-10-01 14:59:37,793 - INFO - [DEBUG] Checking auth for /schedule - Session: {'_flashes': [('warning', 'Please log in to access this page'), ('success', 'Welcome, admin!')], '_permanent': True, 'role': 'admin', 'session_ip': '127.0.0.1', 'session_start_time': 1759310975.855795, 'username': 'admin'}
2025-10-01 14:59:37,793 - INFO - [AUTH] Authenticated access: admin (admin) to /schedule
2025-10-01 14:59:37,843 - INFO - [RESP] GET /schedule - 200
2025-10-01 14:59:37,844 - INFO - 127.0.0.1 - - [01/Oct/2025 14:59:37] "GET /schedule HTTP/1.1" 200 -
2025-10-01 14:59:37,871 - INFO - [REQ] GET /static/actin-logo.png - 127.0.0.1
2025-10-01 14:59:37,873 - INFO - [RESP] GET /static/actin-logo.png - 304
2025-10-01 14:59:37,875 - INFO - 127.0.0.1 - - [01/Oct/2025 14:59:37] "[36mGET /static/actin-logo.png HTTP/1.1[0m" 304 -
2025-10-01 14:59:38,809 - INFO - [REQ] GET /dashboard - 127.0.0.1
2025-10-01 14:59:38,810 - INFO - [DEBUG] Checking auth for /dashboard - Session: {'_flashes': [('warning', 'Please log in to access this page'), ('success', 'Welcome, admin!')], '_permanent': True, 'role': 'admin', 'session_ip': '127.0.0.1', 'session_start_time': 1759310975.855795, 'username': 'admin'}
2025-10-01 14:59:38,810 - INFO - [AUTH] Authenticated access: admin (admin) to /dashboard
2025-10-01 14:59:39,008 - INFO - [RESP] GET /dashboard - 200
2025-10-01 14:59:39,010 - INFO - 127.0.0.1 - - [01/Oct/2025 14:59:39] "GET /dashboard HTTP/1.1" 200 -
2025-10-01 14:59:39,037 - INFO - [REQ] GET /static/actin-logo.png - 127.0.0.1
2025-10-01 14:59:39,038 - INFO - [RESP] GET /static/actin-logo.png - 304
2025-10-01 14:59:39,039 - INFO - 127.0.0.1 - - [01/Oct/2025 14:59:39] "[36mGET /static/actin-logo.png HTTP/1.1[0m" 304 -
2025-10-01 14:59:39,553 - INFO - [REQ] GET /api/job-statuses - 127.0.0.1
2025-10-01 14:59:39,555 - INFO - [DEBUG] Checking auth for /api/job-statuses - Session: {'_flashes': [('warning', 'Please log in to access this page')]}
2025-10-01 14:59:39,556 - WARNING - [AUTH] BLOCKED unauthenticated access to /api/job-statuses from 127.0.0.1
2025-10-01 14:59:39,557 - WARNING - [AUTH] Session contents: {'_flashes': [('warning', 'Please log in to access this page')]}
2025-10-01 14:59:39,559 - INFO - [RESP] GET /api/job-statuses - 302
2025-10-01 14:59:39,565 - INFO - 127.0.0.1 - - [01/Oct/2025 14:59:39] "[32mGET /api/job-statuses HTTP/1.1[0m" 302 -
2025-10-01 14:59:39,746 - INFO - [REQ] GET /dashboard - 127.0.0.1
2025-10-01 14:59:39,747 - INFO - [DEBUG] Checking auth for /dashboard - Session: {'_flashes': [('warning', 'Please log in to access this page'), ('success', 'Welcome, admin!')], '_permanent': True, 'role': 'admin', 'session_ip': '127.0.0.1', 'session_start_time': 1759310975.855795, 'username': 'admin'}
2025-10-01 14:59:39,748 - INFO - [AUTH] Authenticated access: admin (admin) to /dashboard
2025-10-01 14:59:39,877 - INFO - [REQ] GET /login - 127.0.0.1
2025-10-01 14:59:39,878 - INFO - [RESP] GET /login - 200
2025-10-01 14:59:39,880 - INFO - 127.0.0.1 - - [01/Oct/2025 14:59:39] "GET /login HTTP/1.1" 200 -
2025-10-01 14:59:39,916 - INFO - [RESP] GET /dashboard - 200
2025-10-01 14:59:39,919 - INFO - 127.0.0.1 - - [01/Oct/2025 14:59:39] "GET /dashboard HTTP/1.1" 200 -
2025-10-01 14:59:39,939 - INFO - [REQ] GET /static/actin-logo.png - 127.0.0.1
2025-10-01 14:59:39,940 - INFO - [RESP] GET /static/actin-logo.png - 304
2025-10-01 14:59:39,942 - INFO - 127.0.0.1 - - [01/Oct/2025 14:59:39] "[36mGET /static/actin-logo.png HTTP/1.1[0m" 304 -
2025-10-01 14:59:41,456 - INFO - [REQ] GET /view-schedules - 127.0.0.1
2025-10-01 14:59:41,457 - INFO - [DEBUG] Checking auth for /view-schedules - Session: {'_flashes': [('warning', 'Please log in to access this page'), ('success', 'Welcome, admin!')], '_permanent': True, 'role': 'admin', 'session_ip': '127.0.0.1', 'session_start_time': 1759310975.855795, 'username': 'admin'}
2025-10-01 14:59:41,458 - INFO - [AUTH] Authenticated access: admin (admin) to /view-schedules
2025-10-01 14:59:41,525 - INFO - [RESP] GET /view-schedules - 200
2025-10-01 14:59:41,527 - INFO - 127.0.0.1 - - [01/Oct/2025 14:59:41] "GET /view-schedules HTTP/1.1" 200 -
2025-10-01 14:59:41,542 - INFO - [REQ] GET /static/actin-logo.png - 127.0.0.1
2025-10-01 14:59:41,544 - INFO - [RESP] GET /static/actin-logo.png - 304
2025-10-01 14:59:41,546 - INFO - 127.0.0.1 - - [01/Oct/2025 14:59:41] "[36mGET /static/actin-logo.png HTTP/1.1[0m" 304 -
2025-10-01 14:59:41,658 - INFO - [REQ] GET /api/job-statuses - 127.0.0.1
2025-10-01 14:59:41,659 - INFO - [DEBUG] Checking auth for /api/job-statuses - Session: {'_flashes': [('warning', 'Please log in to access this page'), ('success', 'Welcome, admin!')], '_permanent': True, 'role': 'admin', 'session_ip': '127.0.0.1', 'session_start_time': 1759310975.855795, 'username': 'admin'}
2025-10-01 14:59:41,659 - INFO - [AUTH] Authenticated access: admin (admin) to /api/job-statuses
2025-10-01 14:59:41,659 - INFO - [RESP] GET /api/job-statuses - 404
2025-10-01 14:59:41,660 - INFO - 127.0.0.1 - - [01/Oct/2025 14:59:41] "[33mGET /api/job-statuses HTTP/1.1[0m" 404 -
2025-10-01 14:59:42,540 - INFO - [REQ] GET /api/job-statuses - 127.0.0.1
2025-10-01 14:59:42,541 - INFO - [DEBUG] Checking auth for /api/job-statuses - Session: {'_flashes': [('warning', 'Please log in to access this page')]}
2025-10-01 14:59:42,541 - WARNING - [AUTH] BLOCKED unauthenticated access to /api/job-statuses from 127.0.0.1
2025-10-01 14:59:42,542 - WARNING - [AUTH] Session contents: {'_flashes': [('warning', 'Please log in to access this page')]}
2025-10-01 14:59:42,543 - INFO - [RESP] GET /api/job-statuses - 302
2025-10-01 14:59:42,544 - INFO - 127.0.0.1 - - [01/Oct/2025 14:59:42] "[32mGET /api/job-statuses HTTP/1.1[0m" 302 -
2025-10-01 14:59:42,868 - INFO - [REQ] GET /login - 127.0.0.1
2025-10-01 14:59:42,869 - INFO - [RESP] GET /login - 200
2025-10-01 14:59:42,871 - INFO - 127.0.0.1 - - [01/Oct/2025 14:59:42] "GET /login HTTP/1.1" 200 -
2025-10-01 14:59:43,150 - INFO - [REQ] GET /sync-summary - 127.0.0.1
2025-10-01 14:59:43,151 - INFO - [DEBUG] Checking auth for /sync-summary - Session: {'_flashes': [('warning', 'Please log in to access this page'), ('success', 'Welcome, admin!')], '_permanent': True, 'role': 'admin', 'session_ip': '127.0.0.1', 'session_start_time': 1759310975.855795, 'username': 'admin'}
2025-10-01 14:59:43,152 - INFO - [AUTH] Authenticated access: admin (admin) to /sync-summary
2025-10-01 14:59:44,431 - INFO - [RESP] GET /sync-summary - 200
2025-10-01 14:59:44,433 - INFO - 127.0.0.1 - - [01/Oct/2025 14:59:44] "GET /sync-summary HTTP/1.1" 200 -
2025-10-01 14:59:44,459 - INFO - [REQ] GET /static/actin-logo.png - 127.0.0.1
2025-10-01 14:59:44,460 - INFO - [RESP] GET /static/actin-logo.png - 304
2025-10-01 14:59:44,461 - INFO - 127.0.0.1 - - [01/Oct/2025 14:59:44] "[36mGET /static/actin-logo.png HTTP/1.1[0m" 304 -
2025-10-01 14:59:45,550 - INFO - [REQ] GET /api/job-statuses - 127.0.0.1
2025-10-01 14:59:45,551 - INFO - [DEBUG] Checking auth for /api/job-statuses - Session: {'_flashes': [('warning', 'Please log in to access this page')]}
2025-10-01 14:59:45,552 - WARNING - [AUTH] BLOCKED unauthenticated access to /api/job-statuses from 127.0.0.1
2025-10-01 14:59:45,553 - WARNING - [AUTH] Session contents: {'_flashes': [('warning', 'Please log in to access this page')]}
2025-10-01 14:59:45,553 - INFO - [RESP] GET /api/job-statuses - 302
2025-10-01 14:59:45,554 - INFO - 127.0.0.1 - - [01/Oct/2025 14:59:45] "[32mGET /api/job-statuses HTTP/1.1[0m" 302 -
2025-10-01 14:59:45,620 - INFO - [REQ] GET /logs - 127.0.0.1
2025-10-01 14:59:45,621 - INFO - [DEBUG] Checking auth for /logs - Session: {'_flashes': [('warning', 'Please log in to access this page'), ('success', 'Welcome, admin!')], '_permanent': True, 'role': 'admin', 'session_ip': '127.0.0.1', 'session_start_time': 1759310975.855795, 'username': 'admin'}
2025-10-01 14:59:45,623 - INFO - [AUTH] Authenticated access: admin (admin) to /logs
2025-10-01 14:59:45,869 - INFO - [REQ] GET /login - 127.0.0.1
2025-10-01 14:59:45,892 - INFO - [RESP] GET /login - 200
2025-10-01 14:59:45,897 - INFO - 127.0.0.1 - - [01/Oct/2025 14:59:45] "GET /login HTTP/1.1" 200 -
2025-10-01 14:59:48,546 - INFO - [REQ] GET /api/job-statuses - 127.0.0.1
2025-10-01 14:59:48,559 - INFO - [DEBUG] Checking auth for /api/job-statuses - Session: {'_flashes': [('warning', 'Please log in to access this page')]}
2025-10-01 14:59:48,573 - WARNING - [AUTH] BLOCKED unauthenticated access to /api/job-statuses from 127.0.0.1
2025-10-01 14:59:48,581 - WARNING - [AUTH] Session contents: {'_flashes': [('warning', 'Please log in to access this page')]}
2025-10-01 14:59:48,587 - INFO - [RESP] GET /api/job-statuses - 302
2025-10-01 14:59:48,597 - INFO - 127.0.0.1 - - [01/Oct/2025 14:59:48] "[32mGET /api/job-statuses HTTP/1.1[0m" 302 -
2025-10-01 14:59:48,981 - INFO - [REQ] GET /login - 127.0.0.1
2025-10-01 14:59:49,017 - INFO - [RESP] GET /login - 200
2025-10-01 14:59:49,025 - INFO - 127.0.0.1 - - [01/Oct/2025 14:59:49] "GET /login HTTP/1.1" 200 -
2025-10-01 14:59:49,168 - INFO - [RESP] GET /logs - 200
2025-10-01 14:59:49,169 - INFO - 127.0.0.1 - - [01/Oct/2025 14:59:49] "GET /logs HTTP/1.1" 200 -
2025-10-01 14:59:49,189 - INFO - [REQ] GET /static/actin-logo.png - 127.0.0.1
2025-10-01 14:59:49,190 - INFO - [RESP] GET /static/actin-logo.png - 304
2025-10-01 14:59:49,192 - INFO - 127.0.0.1 - - [01/Oct/2025 14:59:49] "[36mGET /static/actin-logo.png HTTP/1.1[0m" 304 -
2025-10-01 14:59:50,199 - INFO - [REQ] GET /create-user - 127.0.0.1
2025-10-01 14:59:50,200 - INFO - [DEBUG] Checking auth for /create-user - Session: {'_flashes': [('warning', 'Please log in to access this page'), ('success', 'Welcome, admin!')], '_permanent': True, 'role': 'admin', 'session_ip': '127.0.0.1', 'session_start_time': 1759310975.855795, 'username': 'admin'}
2025-10-01 14:59:50,201 - INFO - [AUTH] Authenticated access: admin (admin) to /create-user
2025-10-01 14:59:50,206 - INFO - [RESP] GET /create-user - 200
2025-10-01 14:59:50,208 - INFO - 127.0.0.1 - - [01/Oct/2025 14:59:50] "GET /create-user HTTP/1.1" 200 -
2025-10-01 14:59:50,237 - INFO - [REQ] GET /static/actin-logo.png - 127.0.0.1
2025-10-01 14:59:50,238 - INFO - [RESP] GET /static/actin-logo.png - 304
2025-10-01 14:59:50,240 - INFO - 127.0.0.1 - - [01/Oct/2025 14:59:50] "[36mGET /static/actin-logo.png HTTP/1.1[0m" 304 -
2025-10-01 14:59:51,548 - INFO - [REQ] GET /api/job-statuses - 127.0.0.1
2025-10-01 14:59:51,548 - INFO - [DEBUG] Checking auth for /api/job-statuses - Session: {'_flashes': [('warning', 'Please log in to access this page')]}
2025-10-01 14:59:51,549 - WARNING - [AUTH] BLOCKED unauthenticated access to /api/job-statuses from 127.0.0.1
2025-10-01 14:59:51,549 - WARNING - [AUTH] Session contents: {'_flashes': [('warning', 'Please log in to access this page')]}
2025-10-01 14:59:51,550 - INFO - [RESP] GET /api/job-statuses - 302
2025-10-01 14:59:51,552 - INFO - 127.0.0.1 - - [01/Oct/2025 14:59:51] "[32mGET /api/job-statuses HTTP/1.1[0m" 302 -
2025-10-01 14:59:51,819 - INFO - [REQ] GET / - 127.0.0.1
2025-10-01 14:59:51,822 - INFO - [DEBUG] Checking auth for / - Session: {'_flashes': [('warning', 'Please log in to access this page'), ('success', 'Welcome, admin!')], '_permanent': True, 'role': 'admin', 'session_ip': '127.0.0.1', 'session_start_time': 1759310975.855795, 'username': 'admin'}
2025-10-01 14:59:51,826 - INFO - [AUTH] Authenticated access: admin (admin) to /
2025-10-01 14:59:51,835 - INFO - [HOME] Homepage accessed by user: admin
2025-10-01 14:59:51,845 - INFO - [INFO] Loaded 2 SQL servers for display
2025-10-01 14:59:51,850 - INFO - [RESP] GET / - 200
2025-10-01 14:59:51,855 - INFO - 127.0.0.1 - - [01/Oct/2025 14:59:51] "GET / HTTP/1.1" 200 -
2025-10-01 14:59:51,863 - INFO - [REQ] GET /login - 127.0.0.1
2025-10-01 14:59:51,867 - INFO - [RESP] GET /login - 200
2025-10-01 14:59:51,872 - INFO - 127.0.0.1 - - [01/Oct/2025 14:59:51] "GET /login HTTP/1.1" 200 -
2025-10-01 14:59:51,897 - INFO - [REQ] GET /static/actin-logo.png - 127.0.0.1
2025-10-01 14:59:51,901 - INFO - [RESP] GET /static/actin-logo.png - 304
2025-10-01 14:59:51,903 - INFO - 127.0.0.1 - - [01/Oct/2025 14:59:51] "[36mGET /static/actin-logo.png HTTP/1.1[0m" 304 -
2025-10-01 14:59:53,480 - INFO - [REQ] GET /add-server - 127.0.0.1
2025-10-01 14:59:53,480 - INFO - [DEBUG] Checking auth for /add-server - Session: {'_flashes': [('warning', 'Please log in to access this page'), ('success', 'Welcome, admin!')], '_permanent': True, 'role': 'admin', 'session_ip': '127.0.0.1', 'session_start_time': 1759310975.855795, 'username': 'admin'}
2025-10-01 14:59:53,480 - INFO - [AUTH] Authenticated access: admin (admin) to /add-server
2025-10-01 14:59:53,557 - INFO - [RESP] GET /add-server - 200
2025-10-01 14:59:53,559 - INFO - 127.0.0.1 - - [01/Oct/2025 14:59:53] "GET /add-server HTTP/1.1" 200 -
2025-10-01 14:59:53,589 - INFO - [REQ] GET /static/actin-logo.png - 127.0.0.1
2025-10-01 14:59:53,590 - INFO - [RESP] GET /static/actin-logo.png - 304
2025-10-01 14:59:53,591 - INFO - 127.0.0.1 - - [01/Oct/2025 14:59:53] "[36mGET /static/actin-logo.png HTTP/1.1[0m" 304 -
2025-10-01 14:59:54,545 - INFO - [REQ] GET /api/job-statuses - 127.0.0.1
2025-10-01 14:59:54,546 - INFO - [DEBUG] Checking auth for /api/job-statuses - Session: {'_flashes': [('warning', 'Please log in to access this page')]}
2025-10-01 14:59:54,548 - WARNING - [AUTH] BLOCKED unauthenticated access to /api/job-statuses from 127.0.0.1
2025-10-01 14:59:54,549 - WARNING - [AUTH] Session contents: {'_flashes': [('warning', 'Please log in to access this page')]}
2025-10-01 14:59:54,550 - INFO - [RESP] GET /api/job-statuses - 302
2025-10-01 14:59:54,553 - INFO - 127.0.0.1 - - [01/Oct/2025 14:59:54] "[32mGET /api/job-statuses HTTP/1.1[0m" 302 -
2025-10-01 14:59:54,869 - INFO - [REQ] GET /login - 127.0.0.1
2025-10-01 14:59:54,870 - INFO - [RESP] GET /login - 200
2025-10-01 14:59:54,871 - INFO - 127.0.0.1 - - [01/Oct/2025 14:59:54] "GET /login HTTP/1.1" 200 -
2025-10-01 14:59:56,309 - INFO - [REQ] GET / - 127.0.0.1
2025-10-01 14:59:56,310 - INFO - [DEBUG] Checking auth for / - Session: {'_flashes': [('warning', 'Please log in to access this page'), ('success', 'Welcome, admin!')], '_permanent': True, 'role': 'admin', 'session_ip': '127.0.0.1', 'session_start_time': 1759310975.855795, 'username': 'admin'}
2025-10-01 14:59:56,310 - INFO - [AUTH] Authenticated access: admin (admin) to /
2025-10-01 14:59:56,312 - INFO - [HOME] Homepage accessed by user: admin
2025-10-01 14:59:56,318 - INFO - [INFO] Loaded 2 SQL servers for display
2025-10-01 14:59:56,320 - INFO - [RESP] GET / - 200
2025-10-01 14:59:56,322 - INFO - 127.0.0.1 - - [01/Oct/2025 14:59:56] "GET / HTTP/1.1" 200 -
2025-10-01 14:59:56,343 - INFO - [REQ] GET /static/actin-logo.png - 127.0.0.1
2025-10-01 14:59:56,345 - INFO - [RESP] GET /static/actin-logo.png - 304
2025-10-01 14:59:56,347 - INFO - 127.0.0.1 - - [01/Oct/2025 14:59:56] "[36mGET /static/actin-logo.png HTTP/1.1[0m" 304 -
2025-10-01 14:59:57,548 - INFO - [REQ] GET /api/job-statuses - 127.0.0.1
2025-10-01 14:59:57,549 - INFO - [DEBUG] Checking auth for /api/job-statuses - Session: {'_flashes': [('warning', 'Please log in to access this page')]}
2025-10-01 14:59:57,550 - WARNING - [AUTH] BLOCKED unauthenticated access to /api/job-statuses from 127.0.0.1
2025-10-01 14:59:57,552 - WARNING - [AUTH] Session contents: {'_flashes': [('warning', 'Please log in to access this page')]}
2025-10-01 14:59:57,554 - INFO - [RESP] GET /api/job-statuses - 302
2025-10-01 14:59:57,556 - INFO - 127.0.0.1 - - [01/Oct/2025 14:59:57] "[32mGET /api/job-statuses HTTP/1.1[0m" 302 -
2025-10-01 14:59:57,869 - INFO - [REQ] GET /login - 127.0.0.1
2025-10-01 14:59:57,870 - INFO - [RESP] GET /login - 200
2025-10-01 14:59:57,872 - INFO - 127.0.0.1 - - [01/Oct/2025 14:59:57] "GET /login HTTP/1.1" 200 -
2025-10-01 14:59:57,955 - INFO - [REQ] GET /add-server - 127.0.0.1
2025-10-01 14:59:57,956 - INFO - [DEBUG] Checking auth for /add-server - Session: {'_flashes': [('warning', 'Please log in to access this page'), ('success', 'Welcome, admin!')], '_permanent': True, 'role': 'admin', 'session_ip': '127.0.0.1', 'session_start_time': 1759310975.855795, 'username': 'admin'}
2025-10-01 14:59:57,958 - INFO - [AUTH] Authenticated access: admin (admin) to /add-server
2025-10-01 14:59:58,013 - INFO - [RESP] GET /add-server - 200
2025-10-01 14:59:58,015 - INFO - 127.0.0.1 - - [01/Oct/2025 14:59:58] "GET /add-server HTTP/1.1" 200 -
2025-10-01 14:59:58,033 - INFO - [REQ] GET /static/actin-logo.png - 127.0.0.1
2025-10-01 14:59:58,035 - INFO - [RESP] GET /static/actin-logo.png - 304
2025-10-01 14:59:58,036 - INFO - 127.0.0.1 - - [01/Oct/2025 14:59:58] "[36mGET /static/actin-logo.png HTTP/1.1[0m" 304 -
2025-10-01 15:00:03,129 - INFO - [REQ] GET / - 127.0.0.1
2025-10-01 15:00:03,130 - INFO - [DEBUG] Checking auth for / - Session: {'_flashes': [('warning', 'Please log in to access this page'), ('success', 'Welcome, admin!')], '_permanent': True, 'role': 'admin', 'session_ip': '127.0.0.1', 'session_start_time': 1759310975.855795, 'username': 'admin'}
2025-10-01 15:00:03,132 - INFO - [AUTH] Authenticated access: admin (admin) to /
2025-10-01 15:00:03,133 - INFO - [HOME] Homepage accessed by user: admin
2025-10-01 15:00:03,139 - INFO - [INFO] Loaded 2 SQL servers for display
2025-10-01 15:00:03,141 - INFO - [RESP] GET / - 200
2025-10-01 15:00:03,144 - INFO - 127.0.0.1 - - [01/Oct/2025 15:00:03] "GET / HTTP/1.1" 200 -
2025-10-01 15:00:03,161 - INFO - [REQ] GET /static/actin-logo.png - 127.0.0.1
2025-10-01 15:00:03,164 - INFO - [RESP] GET /static/actin-logo.png - 304
2025-10-01 15:00:03,166 - INFO - 127.0.0.1 - - [01/Oct/2025 15:00:03] "[36mGET /static/actin-logo.png HTTP/1.1[0m" 304 -
2025-10-01 15:00:04,671 - INFO - [REQ] GET /schedule - 127.0.0.1
2025-10-01 15:00:04,672 - INFO - [DEBUG] Checking auth for /schedule - Session: {'_flashes': [('warning', 'Please log in to access this page'), ('success', 'Welcome, admin!')], '_permanent': True, 'role': 'admin', 'session_ip': '127.0.0.1', 'session_start_time': 1759310975.855795, 'username': 'admin'}
2025-10-01 15:00:04,672 - INFO - [AUTH] Authenticated access: admin (admin) to /schedule
2025-10-01 15:00:04,857 - INFO - [RESP] GET /schedule - 200
2025-10-01 15:00:04,858 - INFO - 127.0.0.1 - - [01/Oct/2025 15:00:04] "GET /schedule HTTP/1.1" 200 -
2025-10-01 15:00:04,887 - INFO - [REQ] GET /static/actin-logo.png - 127.0.0.1
2025-10-01 15:00:04,888 - INFO - [RESP] GET /static/actin-logo.png - 304
2025-10-01 15:00:04,890 - INFO - 127.0.0.1 - - [01/Oct/2025 15:00:04] "[36mGET /static/actin-logo.png HTTP/1.1[0m" 304 -
2025-10-01 15:00:05,716 - INFO - [REQ] GET /dashboard - 127.0.0.1
2025-10-01 15:00:05,717 - INFO - [DEBUG] Checking auth for /dashboard - Session: {'_flashes': [('warning', 'Please log in to access this page'), ('success', 'Welcome, admin!')], '_permanent': True, 'role': 'admin', 'session_ip': '127.0.0.1', 'session_start_time': 1759310975.855795, 'username': 'admin'}
2025-10-01 15:00:05,719 - INFO - [AUTH] Authenticated access: admin (admin) to /dashboard
2025-10-01 15:00:05,902 - INFO - [RESP] GET /dashboard - 200
2025-10-01 15:00:05,903 - INFO - 127.0.0.1 - - [01/Oct/2025 15:00:05] "GET /dashboard HTTP/1.1" 200 -
2025-10-01 15:00:05,920 - INFO - [REQ] GET /static/actin-logo.png - 127.0.0.1
2025-10-01 15:00:05,922 - INFO - [RESP] GET /static/actin-logo.png - 304
2025-10-01 15:00:05,923 - INFO - 127.0.0.1 - - [01/Oct/2025 15:00:05] "[36mGET /static/actin-logo.png HTTP/1.1[0m" 304 -
2025-10-01 15:00:07,030 - INFO - [REQ] GET /view-schedules - 127.0.0.1
2025-10-01 15:00:07,032 - INFO - [DEBUG] Checking auth for /view-schedules - Session: {'_flashes': [('warning', 'Please log in to access this page'), ('success', 'Welcome, admin!')], '_permanent': True, 'role': 'admin', 'session_ip': '127.0.0.1', 'session_start_time': 1759310975.855795, 'username': 'admin'}
2025-10-01 15:00:07,033 - INFO - [AUTH] Authenticated access: admin (admin) to /view-schedules
2025-10-01 15:00:07,099 - INFO - [RESP] GET /view-schedules - 200
2025-10-01 15:00:07,100 - INFO - 127.0.0.1 - - [01/Oct/2025 15:00:07] "GET /view-schedules HTTP/1.1" 200 -
2025-10-01 15:00:07,118 - INFO - [REQ] GET /static/actin-logo.png - 127.0.0.1
2025-10-01 15:00:07,119 - INFO - [RESP] GET /static/actin-logo.png - 304
2025-10-01 15:00:07,120 - INFO - 127.0.0.1 - - [01/Oct/2025 15:00:07] "[36mGET /static/actin-logo.png HTTP/1.1[0m" 304 -
2025-10-01 15:00:07,232 - INFO - [REQ] GET /api/job-statuses - 127.0.0.1
2025-10-01 15:00:07,233 - INFO - [DEBUG] Checking auth for /api/job-statuses - Session: {'_flashes': [('warning', 'Please log in to access this page'), ('success', 'Welcome, admin!')], '_permanent': True, 'role': 'admin', 'session_ip': '127.0.0.1', 'session_start_time': 1759310975.855795, 'username': 'admin'}
2025-10-01 15:00:07,233 - INFO - [AUTH] Authenticated access: admin (admin) to /api/job-statuses
2025-10-01 15:00:07,233 - INFO - [RESP] GET /api/job-statuses - 404
2025-10-01 15:00:07,235 - INFO - 127.0.0.1 - - [01/Oct/2025 15:00:07] "[33mGET /api/job-statuses HTTP/1.1[0m" 404 -
2025-10-01 15:00:08,005 - INFO - [REQ] GET /sync-summary - 127.0.0.1
2025-10-01 15:00:08,006 - INFO - [DEBUG] Checking auth for /sync-summary - Session: {'_flashes': [('warning', 'Please log in to access this page'), ('success', 'Welcome, admin!')], '_permanent': True, 'role': 'admin', 'session_ip': '127.0.0.1', 'session_start_time': 1759310975.855795, 'username': 'admin'}
2025-10-01 15:00:08,006 - INFO - [AUTH] Authenticated access: admin (admin) to /sync-summary
2025-10-01 15:00:08,640 - INFO - [RESP] GET /sync-summary - 200
2025-10-01 15:00:08,641 - INFO - 127.0.0.1 - - [01/Oct/2025 15:00:08] "GET /sync-summary HTTP/1.1" 200 -
2025-10-01 15:00:08,662 - INFO - [REQ] GET /static/actin-logo.png - 127.0.0.1
2025-10-01 15:00:08,664 - INFO - [RESP] GET /static/actin-logo.png - 304
2025-10-01 15:00:08,666 - INFO - 127.0.0.1 - - [01/Oct/2025 15:00:08] "[36mGET /static/actin-logo.png HTTP/1.1[0m" 304 -
2025-10-01 15:00:09,538 - INFO - [REQ] GET /logs - 127.0.0.1
2025-10-01 15:00:09,538 - INFO - [DEBUG] Checking auth for /logs - Session: {'_flashes': [('warning', 'Please log in to access this page'), ('success', 'Welcome, admin!')], '_permanent': True, 'role': 'admin', 'session_ip': '127.0.0.1', 'session_start_time': 1759310975.855795, 'username': 'admin'}
2025-10-01 15:00:09,539 - INFO - [AUTH] Authenticated access: admin (admin) to /logs
2025-10-01 15:00:10,837 - INFO - [REQ] GET /create-user - 127.0.0.1
2025-10-01 15:00:10,863 - INFO - [DEBUG] Checking auth for /create-user - Session: {'_flashes': [('warning', 'Please log in to access this page'), ('success', 'Welcome, admin!')], '_permanent': True, 'role': 'admin', 'session_ip': '127.0.0.1', 'session_start_time': 1759310975.855795, 'username': 'admin'}
2025-10-01 15:00:10,879 - INFO - [AUTH] Authenticated access: admin (admin) to /create-user
2025-10-01 15:00:10,905 - INFO - [RESP] GET /create-user - 200
2025-10-01 15:00:10,912 - INFO - 127.0.0.1 - - [01/Oct/2025 15:00:10] "GET /create-user HTTP/1.1" 200 -
2025-10-01 15:00:10,969 - INFO - [REQ] GET /static/actin-logo.png - 127.0.0.1
2025-10-01 15:00:10,989 - INFO - [RESP] GET /static/actin-logo.png - 304
2025-10-01 15:00:10,998 - INFO - 127.0.0.1 - - [01/Oct/2025 15:00:10] "[36mGET /static/actin-logo.png HTTP/1.1[0m" 304 -
2025-10-01 15:00:12,803 - INFO - [RESP] GET /logs - 200
2025-10-01 15:00:12,806 - INFO - 127.0.0.1 - - [01/Oct/2025 15:00:12] "GET /logs HTTP/1.1" 200 -
2025-10-01 15:00:29,855 - INFO - [REQ] GET /api/job-statuses - 127.0.0.1
2025-10-01 15:00:29,855 - INFO - [DEBUG] Checking auth for /api/job-statuses - Session: {'_flashes': [('warning', 'Please log in to access this page')]}
2025-10-01 15:00:29,856 - WARNING - [AUTH] BLOCKED unauthenticated access to /api/job-statuses from 127.0.0.1
2025-10-01 15:00:29,856 - WARNING - [AUTH] Session contents: {'_flashes': [('warning', 'Please log in to access this page')]}
2025-10-01 15:00:29,857 - INFO - [RESP] GET /api/job-statuses - 302
2025-10-01 15:00:29,857 - INFO - 127.0.0.1 - - [01/Oct/2025 15:00:29] "[32mGET /api/job-statuses HTTP/1.1[0m" 302 -
2025-10-01 15:00:30,117 - INFO - [REQ] GET /login - 127.0.0.1
2025-10-01 15:00:30,118 - INFO - [RESP] GET /login - 200
2025-10-01 15:00:30,119 - INFO - 127.0.0.1 - - [01/Oct/2025 15:00:30] "GET /login HTTP/1.1" 200 -
2025-10-01 15:01:29,547 - INFO - [REQ] GET /api/job-statuses - 127.0.0.1
2025-10-01 15:01:29,548 - INFO - [DEBUG] Checking auth for /api/job-statuses - Session: {'_flashes': [('warning', 'Please log in to access this page')]}
2025-10-01 15:01:29,549 - WARNING - [AUTH] BLOCKED unauthenticated access to /api/job-statuses from 127.0.0.1
2025-10-01 15:01:29,550 - WARNING - [AUTH] Session contents: {'_flashes': [('warning', 'Please log in to access this page')]}
2025-10-01 15:01:29,550 - INFO - [RESP] GET /api/job-statuses - 302
2025-10-01 15:01:29,552 - INFO - 127.0.0.1 - - [01/Oct/2025 15:01:29] "[32mGET /api/job-statuses HTTP/1.1[0m" 302 -
2025-10-01 15:01:29,866 - INFO - [REQ] GET /login - 127.0.0.1
2025-10-01 15:01:29,867 - INFO - [RESP] GET /login - 200
2025-10-01 15:01:29,868 - INFO - 127.0.0.1 - - [01/Oct/2025 15:01:29] "GET /login HTTP/1.1" 200 -
2025-10-01 15:02:29,539 - INFO - [REQ] GET /api/job-statuses - 127.0.0.1
2025-10-01 15:02:29,540 - INFO - [DEBUG] Checking auth for /api/job-statuses - Session: {'_flashes': [('warning', 'Please log in to access this page')]}
2025-10-01 15:02:29,540 - WARNING - [AUTH] BLOCKED unauthenticated access to /api/job-statuses from 127.0.0.1
2025-10-01 15:02:29,540 - WARNING - [AUTH] Session contents: {'_flashes': [('warning', 'Please log in to access this page')]}
2025-10-01 15:02:29,541 - INFO - [RESP] GET /api/job-statuses - 302
2025-10-01 15:02:29,542 - INFO - 127.0.0.1 - - [01/Oct/2025 15:02:29] "[32mGET /api/job-statuses HTTP/1.1[0m" 302 -
2025-10-01 15:02:29,863 - INFO - [REQ] GET /login - 127.0.0.1
2025-10-01 15:02:29,864 - INFO - [RESP] GET /login - 200
2025-10-01 15:02:29,864 - INFO - 127.0.0.1 - - [01/Oct/2025 15:02:29] "GET /login HTTP/1.1" 200 -
2025-10-01 15:02:43,109 - INFO - [REQ] GET /api/job-statuses - 127.0.0.1
2025-10-01 15:02:43,111 - INFO - [DEBUG] Checking auth for /api/job-statuses - Session: {'_flashes': [('warning', 'Please log in to access this page')]}
2025-10-01 15:02:43,112 - WARNING - [AUTH] BLOCKED unauthenticated access to /api/job-statuses from 127.0.0.1
2025-10-01 15:02:43,113 - WARNING - [AUTH] Session contents: {'_flashes': [('warning', 'Please log in to access this page')]}
2025-10-01 15:02:43,115 - INFO - [RESP] GET /api/job-statuses - 302
2025-10-01 15:02:43,116 - INFO - 127.0.0.1 - - [01/Oct/2025 15:02:43] "[32mGET /api/job-statuses HTTP/1.1[0m" 302 -
2025-10-01 15:02:43,438 - INFO - [REQ] GET /login - 127.0.0.1
2025-10-01 15:02:43,438 - INFO - [RESP] GET /login - 200
2025-10-01 15:02:43,439 - INFO - 127.0.0.1 - - [01/Oct/2025 15:02:43] "GET /login HTTP/1.1" 200 -
2025-10-01 15:09:32,760 - INFO - Sync tracking table created/verified
2025-10-01 15:09:32,925 - INFO - Connected to SQL Server: localhost\SQL2019_Second
2025-10-01 15:09:33,000 - INFO - Found 9 databases on localhost\SQL2019_Second
2025-10-01 15:09:33,004 - INFO - Cleaned up system table: localhostSQL2019_Second_newdb.sys_trace_xe_event_map
2025-10-01 15:09:33,005 - INFO - Cleaned up system table: localhostSQL2019_Second_newdb.sys_trace_xe_action_map
2025-10-01 15:09:33,093 - INFO - === Starting INCREMENTAL sync for database: newdb ===
2025-10-01 15:09:33,587 - INFO - [INCR SYNC] sys.trace_xe_action_map: row_count=22, sync_col=None, last_value=None
2025-10-01 15:09:33,789 - INFO - [INCR SYNC] sys.trace_xe_event_map: row_count=139, sync_col=None, last_value=None
2025-10-01 15:09:33,790 - INFO - === INCREMENTAL sync completed for newdb, 2/2 tables processed ===
2025-10-01 15:09:33,797 - INFO - MSSQLSERVER/newdb: processed 2 tables
2025-10-01 15:09:33,800 - INFO - Cleaned up system table: localhostSQL2019_Second_Saad1.sys_trace_xe_event_map
2025-10-01 15:09:33,801 - INFO - Cleaned up system table: localhostSQL2019_Second_Saad1.sys_trace_xe_action_map
2025-10-01 15:09:33,847 - INFO - === Starting INCREMENTAL sync for database: Saad1 ===
2025-10-01 15:09:34,154 - INFO - [INCR SYNC] dbo.Employees: row_count=0, sync_col=EmployeeID, last_value=None
2025-10-01 15:09:34,170 - INFO - Sync tracking table created/verified
2025-10-01 15:09:34,187 - INFO - Connected to SQL Server: localhost\SQL2019_Second
2025-10-01 15:09:34,190 - INFO - Found 9 databases on localhost\SQL2019_Second
2025-10-01 15:09:34,192 - INFO - Cleaned up system table: localhostSQL2019_Second_newdb.sys_trace_xe_event_map
2025-10-01 15:09:34,192 - INFO - Cleaned up system table: localhostSQL2019_Second_newdb.sys_trace_xe_action_map
2025-10-01 15:09:34,228 - INFO - === Starting INCREMENTAL sync for database: newdb ===
2025-10-01 15:09:34,236 - INFO - [INCR SYNC] sys.trace_xe_action_map: row_count=22, sync_col=None, last_value=None
2025-10-01 15:09:34,241 - INFO - [INCR SYNC] sys.trace_xe_event_map: row_count=139, sync_col=None, last_value=None
2025-10-01 15:09:34,242 - INFO - === INCREMENTAL sync completed for newdb, 2/2 tables processed ===
2025-10-01 15:09:34,245 - INFO - MSSQLSERVER/newdb: processed 2 tables
2025-10-01 15:09:34,247 - INFO - Cleaned up system table: localhostSQL2019_Second_Saad1.sys_trace_xe_event_map
2025-10-01 15:09:34,249 - INFO - Cleaned up system table: localhostSQL2019_Second_Saad1.sys_trace_xe_action_map
2025-10-01 15:09:34,261 - INFO - === Starting INCREMENTAL sync for database: Saad1 ===
2025-10-01 15:09:34,275 - INFO - [INCR SYNC] dbo.Employees: row_count=0, sync_col=EmployeeID, last_value=None
2025-10-01 15:09:34,398 - INFO - Schema 'localhostSQL2019_Second_Saad1' created/verified successfully
2025-10-01 15:09:34,399 - INFO - Schema 'localhostSQL2019_Second_Saad1' created/verified successfully
2025-10-01 15:09:34,449 - INFO - Last value is None for dbo.Employees, using hash-based deduplication
2025-10-01 15:09:34,451 - INFO - Last value is None for dbo.Employees, using hash-based deduplication
2025-10-01 15:09:34,468 - INFO - Table dbo.Employees is empty, but schema ensured in PostgreSQL
2025-10-01 15:09:34,658 - INFO - [INCR SYNC] sys.trace_xe_action_map: row_count=22, sync_col=None, last_value=None
2025-10-01 15:09:34,659 - INFO - [INCR SYNC] sys.trace_xe_action_map: row_count=22, sync_col=None, last_value=None
2025-10-01 15:09:34,847 - INFO - [INCR SYNC] sys.trace_xe_event_map: row_count=139, sync_col=None, last_value=None
2025-10-01 15:09:34,848 - INFO - === INCREMENTAL sync completed for Saad1, 3/3 tables processed ===
st_value=None
2025-10-01 15:09:34,849 - INFO - === INCREMENTAL sync completed for Saad1, 3/3 tables processed ===
2025-10-01 15:09:34,850 - INFO - MSSQLSERVER/Saad1: processed 3 tables
2025-10-01 15:09:34,850 - INFO - MSSQLSERVER/Saad1: processed 3 tables
2025-10-01 15:09:34,852 - INFO - Cleaned up system table: localhostSQL2019_Second_saadtest.sys_trace_xe_event_map
2025-10-01 15:09:34,853 - INFO - Cleaned up system table: localhostSQL2019_Second_saadtest.sys_trace_xe_action_map
2025-10-01 15:09:34,854 - INFO - Cleaned up system table: localhostSQL2019_Second_saadtest.sys_trace_xe_action_map
2025-10-01 15:09:34,901 - INFO - === Starting INCREMENTAL sync for database: saadtest ===
2025-10-01 15:09:34,901 - INFO - === Starting INCREMENTAL sync for database: saadtest ===
2025-10-01 15:09:35,261 - INFO - [INCR SYNC] dbo.Employees: row_count=7, sync_col=EmployeeID, last_value=None
2025-10-01 15:09:35,261 - INFO - [INCR SYNC] dbo.Employees: row_count=7, sync_col=EmployeeID, last_value=None
2025-10-01 15:09:35,408 - INFO - Schema 'localhostSQL2019_Second_saadtest' created/verified successfully
2025-10-01 15:09:35,408 - INFO - Schema 'localhostSQL2019_Second_saadtest' created/verified successfully
2025-10-01 15:09:35,417 - INFO - Last value is None for dbo.Employees, using hash-based deduplication
2025-10-01 15:09:35,419 - INFO - Last value is None for dbo.Employees, using hash-based deduplication
2025-10-01 15:09:35,442 - INFO - No new rows found for dbo.Employees
2025-10-01 15:09:35,442 - INFO - No new rows found for dbo.Employees
2025-10-01 15:09:35,654 - INFO - [INCR SYNC] sys.trace_xe_action_map: row_count=22, sync_col=None, last_value=None
2025-10-01 15:09:35,654 - INFO - [INCR SYNC] sys.trace_xe_action_map: row_count=22, sync_col=None, last_value=None
2025-10-01 15:09:35,850 - INFO - [INCR SYNC] sys.trace_xe_event_map: row_count=139, sync_col=None, last_value=None
2025-10-01 15:09:35,851 - INFO - === INCREMENTAL sync completed for saadtest, 3/3 tables processed ===
2025-10-01 15:09:35,851 - INFO - === INCREMENTAL sync completed for saadtest, 3/3 tables processed ===
2025-10-01 15:09:35,854 - INFO - MSSQLSERVER/saadtest: processed 3 tables
2025-10-01 15:09:35,854 - INFO - MSSQLSERVER/saadtest: processed 3 tables
2025-10-01 15:09:35,857 - INFO - Cleaned up system table: localhostSQL2019_Second_SampleDB.sys_trace_xe_event_map
2025-10-01 15:09:35,857 - INFO - Cleaned up system table: localhostSQL2019_Second_SampleDB.sys_trace_xe_event_map
2025-10-01 15:09:35,858 - INFO - Cleaned up system table: localhostSQL2019_Second_SampleDB.sys_trace_xe_action_map
2025-10-01 15:09:35,897 - INFO - === Starting INCREMENTAL sync for database: SampleDB ===
2025-10-01 15:09:35,897 - INFO - === Starting INCREMENTAL sync for database: SampleDB ===
2025-10-01 15:09:36,227 - INFO - [INCR SYNC] dbo.Employees: row_count=5, sync_col=EmployeeID, last_value=None
2025-10-01 15:09:36,227 - INFO - [INCR SYNC] dbo.Employees: row_count=5, sync_col=EmployeeID, last_value=None
2025-10-01 15:09:36,383 - INFO - Schema 'localhostSQL2019_Second_SampleDB' created/verified successfully
2025-10-01 15:09:36,383 - INFO - Schema 'localhostSQL2019_Second_SampleDB' created/verified successfully
2025-10-01 15:09:36,392 - INFO - Last value is None for dbo.Employees, using hash-based deduplication
2025-10-01 15:09:36,393 - INFO - Last value is None for dbo.Employees, using hash-based deduplication
2025-10-01 15:09:36,404 - INFO - No new rows found for dbo.Employees
2025-10-01 15:09:36,406 - INFO - No new rows found for dbo.Employees
2025-10-01 15:09:36,609 - INFO - [INCR SYNC] sys.trace_xe_action_map: row_count=22, sync_col=None, last_value=None
2025-10-01 15:09:36,613 - INFO - [INCR SYNC] sys.trace_xe_action_map: row_count=22, sync_col=None, last_value=None
2025-10-01 15:09:36,790 - INFO - [INCR SYNC] sys.trace_xe_event_map: row_count=139, sync_col=None, last_value=None
2025-10-01 15:09:36,791 - INFO - === INCREMENTAL sync completed for SampleDB, 3/3 tables processed ===
2025-10-01 15:09:36,793 - INFO - MSSQLSERVER/SampleDB: processed 3 tables
2025-10-01 15:09:36,797 - INFO - Cleaned up system table: localhostSQL2019_Second_SampleDB1.sys_trace_xe_event_map
2025-10-01 15:09:36,798 - INFO - Cleaned up system table: localhostSQL2019_Second_SampleDB1.sys_trace_xe_action_map
2025-10-01 15:09:36,798 - INFO - [INCR SYNC] sys.trace_xe_event_map: row_count=139, sync_col=None, last_value=None
2025-10-01 15:09:36,799 - INFO - === INCREMENTAL sync completed for SampleDB, 3/3 tables processed ===
2025-10-01 15:09:36,801 - INFO - MSSQLSERVER/SampleDB: processed 3 tables
2025-10-01 15:09:36,803 - INFO - Cleaned up system table: localhostSQL2019_Second_SampleDB1.sys_trace_xe_event_map
2025-10-01 15:09:36,804 - INFO - Cleaned up system table: localhostSQL2019_Second_SampleDB1.sys_trace_xe_action_map
2025-10-01 15:09:36,826 - INFO - === Starting INCREMENTAL sync for database: SampleDB1 ===
2025-10-01 15:09:36,826 - INFO - === Starting INCREMENTAL sync for database: SampleDB1 ===
2025-10-01 15:09:37,060 - INFO - [INCR SYNC] dbo.Employees: row_count=5, sync_col=EmployeeID, last_value=None
2025-10-01 15:09:37,065 - INFO - [INCR SYNC] dbo.Employees: row_count=5, sync_col=EmployeeID, last_value=None
2025-10-01 15:09:37,167 - INFO - Schema 'localhostSQL2019_Second_SampleDB1' created/verified successfully
2025-10-01 15:09:37,169 - INFO - Schema 'localhostSQL2019_Second_SampleDB1' created/verified successfully
2025-10-01 15:09:37,175 - INFO - Last value is None for dbo.Employees, using hash-based deduplication
2025-10-01 15:09:37,178 - INFO - Last value is None for dbo.Employees, using hash-based deduplication
2025-10-01 15:09:37,186 - INFO - No new rows found for dbo.Employees
2025-10-01 15:09:37,188 - INFO - No new rows found for dbo.Employees
2025-10-01 15:09:37,331 - INFO - [INCR SYNC] sys.trace_xe_action_map: row_count=22, sync_col=None, last_value=None
2025-10-01 15:09:37,336 - INFO - [INCR SYNC] sys.trace_xe_action_map: row_count=22, sync_col=None, last_value=None
2025-10-01 15:09:37,491 - INFO - [INCR SYNC] sys.trace_xe_event_map: row_count=139, sync_col=None, last_value=None
2025-10-01 15:09:37,491 - INFO - [INCR SYNC] sys.trace_xe_event_map: row_count=139, sync_col=None, last_value=None
2025-10-01 15:09:37,492 - INFO - === INCREMENTAL sync completed for SampleDB1, 3/3 tables processed ===
2025-10-01 15:09:37,492 - INFO - === INCREMENTAL sync completed for SampleDB1, 3/3 tables processed ===
2025-10-01 15:09:37,494 - INFO - MSSQLSERVER/SampleDB1: processed 3 tables
2025-10-01 15:09:37,494 - INFO - MSSQLSERVER/SampleDB1: processed 3 tables
2025-10-01 15:09:37,496 - INFO - Cleaned up system table: localhostSQL2019_Second_SampleDB2.sys_trace_xe_event_map
2025-10-01 15:09:37,497 - INFO - Cleaned up system table: localhostSQL2019_Second_SampleDB2.sys_trace_xe_event_map
2025-10-01 15:09:37,499 - INFO - Cleaned up system table: localhostSQL2019_Second_SampleDB2.sys_trace_xe_action_map
2025-10-01 15:09:37,500 - INFO - Cleaned up system table: localhostSQL2019_Second_SampleDB2.sys_trace_xe_action_map
2025-10-01 15:09:37,543 - INFO - === Starting INCREMENTAL sync for database: SampleDB2 ===
2025-10-01 15:09:37,543 - INFO - === Starting INCREMENTAL sync for database: SampleDB2 ===
2025-10-01 15:09:37,819 - INFO - [INCR SYNC] dbo.Employees: row_count=5, sync_col=EmployeeID, last_value=None
2025-10-01 15:09:37,821 - INFO - [INCR SYNC] dbo.Employees: row_count=5, sync_col=EmployeeID, last_value=None
2025-10-01 15:09:37,966 - INFO - Schema 'localhostSQL2019_Second_SampleDB2' created/verified successfully
2025-10-01 15:09:37,974 - INFO - Schema 'localhostSQL2019_Second_SampleDB2' created/verified successfully
2025-10-01 15:09:37,979 - INFO - Last value is None for dbo.Employees, using hash-based deduplication
2025-10-01 15:09:37,985 - INFO - Last value is None for dbo.Employees, using hash-based deduplication
2025-10-01 15:09:37,993 - INFO - No new rows found for dbo.Employees
2025-10-01 15:09:37,997 - INFO - No new rows found for dbo.Employees
2025-10-01 15:09:38,199 - INFO - [INCR SYNC] sys.trace_xe_action_map: row_count=22, sync_col=None, last_value=None
2025-10-01 15:09:38,199 - INFO - [INCR SYNC] sys.trace_xe_action_map: row_count=22, sync_col=None, last_value=None
2025-10-01 15:09:38,408 - INFO - [INCR SYNC] sys.trace_xe_event_map: row_count=139, sync_col=None, last_value=None
2025-10-01 15:09:38,409 - INFO - [INCR SYNC] sys.trace_xe_event_map: row_count=139, sync_col=None, last_value=None
2025-10-01 15:09:38,410 - INFO - === INCREMENTAL sync completed for SampleDB2, 3/3 tables processed ===
2025-10-01 15:09:38,411 - INFO - === INCREMENTAL sync completed for SampleDB2, 3/3 tables processed ===
2025-10-01 15:09:38,412 - INFO - MSSQLSERVER/SampleDB2: processed 3 tables
2025-10-01 15:09:38,414 - INFO - MSSQLSERVER/SampleDB2: processed 3 tables
2025-10-01 15:09:38,416 - INFO - Cleaned up system table: localhostSQL2019_Second_SampleDB20.sys_trace_xe_event_map
2025-10-01 15:09:38,419 - INFO - Cleaned up system table: localhostSQL2019_Second_SampleDB20.sys_trace_xe_action_map
2025-10-01 15:09:38,421 - INFO - Cleaned up system table: localhostSQL2019_Second_SampleDB20.sys_trace_xe_action_map
2025-10-01 15:09:38,464 - INFO - === Starting INCREMENTAL sync for database: SampleDB20 ===
2025-10-01 15:09:38,464 - INFO - === Starting INCREMENTAL sync for database: SampleDB20 ===
2025-10-01 15:09:38,815 - INFO - [INCR SYNC] dbo.Customers: row_count=5, sync_col=CustomerID, last_value=None
2025-10-01 15:09:38,960 - INFO - Schema 'localhostSQL2019_Second_SampleDB20' created/verified successfully
2025-10-01 15:09:38,960 - INFO - Schema 'localhostSQL2019_Second_SampleDB20' created/verified successfully
2025-10-01 15:09:38,968 - INFO - Last value is None for dbo.Customers, using hash-based deduplication
2025-10-01 15:09:38,969 - INFO - Last value is None for dbo.Customers, using hash-based deduplication
2025-10-01 15:09:38,985 - INFO - No new rows found for dbo.Customers
2025-10-01 15:09:38,986 - INFO - No new rows found for dbo.Customers
2025-10-01 15:09:39,180 - INFO - [INCR SYNC] sys.trace_xe_action_map: row_count=22, sync_col=None, last_value=None
2025-10-01 15:09:39,181 - INFO - [INCR SYNC] sys.trace_xe_action_map: row_count=22, sync_col=None, last_value=None
2025-10-01 15:09:39,382 - INFO - [INCR SYNC] sys.trace_xe_event_map: row_count=139, sync_col=None, last_value=None
2025-10-01 15:09:39,383 - INFO - === INCREMENTAL sync completed for SampleDB20, 3/3 tables processed ===
2025-10-01 15:09:39,384 - INFO - [INCR SYNC] sys.trace_xe_event_map: row_count=139, sync_col=None, last_value=None
2025-10-01 15:09:39,384 - INFO - === INCREMENTAL sync completed for SampleDB20, 3/3 tables processed ===
2025-10-01 15:09:39,388 - INFO - MSSQLSERVER/SampleDB20: processed 3 tables
2025-10-01 15:09:39,388 - INFO - MSSQLSERVER/SampleDB20: processed 3 tables
2025-10-01 15:09:39,391 - INFO - Cleaned up system table: localhostSQL2019_Second_SampleDB21.sys_trace_xe_event_map
2025-10-01 15:09:39,391 - INFO - Cleaned up system table: localhostSQL2019_Second_SampleDB21.sys_trace_xe_event_map
2025-10-01 15:09:39,392 - INFO - Cleaned up system table: localhostSQL2019_Second_SampleDB21.sys_trace_xe_action_map
2025-10-01 15:09:39,392 - INFO - Cleaned up system table: localhostSQL2019_Second_SampleDB21.sys_trace_xe_action_map
2025-10-01 15:09:39,436 - INFO - === Starting INCREMENTAL sync for database: SampleDB21 ===
2025-10-01 15:09:39,436 - INFO - === Starting INCREMENTAL sync for database: SampleDB21 ===
2025-10-01 15:09:39,811 - INFO - [INCR SYNC] dbo.Customers: row_count=5, sync_col=CustomerID, last_value=None
2025-10-01 15:09:39,813 - INFO - [INCR SYNC] dbo.Customers: row_count=5, sync_col=CustomerID, last_value=None
2025-10-01 15:09:39,972 - INFO - Schema 'localhostSQL2019_Second_SampleDB21' created/verified successfully
2025-10-01 15:09:39,973 - INFO - Schema 'localhostSQL2019_Second_SampleDB21' created/verified successfully
2025-10-01 15:09:39,982 - INFO - Last value is None for dbo.Customers, using hash-based deduplication
2025-10-01 15:09:39,983 - INFO - Last value is None for dbo.Customers, using hash-based deduplication
2025-10-01 15:09:39,997 - INFO - No new rows found for dbo.Customers
2025-10-01 15:09:39,997 - INFO - No new rows found for dbo.Customers
2025-10-01 15:09:40,198 - INFO - [INCR SYNC] sys.trace_xe_action_map: row_count=22, sync_col=None, last_value=None
2025-10-01 15:09:40,198 - INFO - [INCR SYNC] sys.trace_xe_action_map: row_count=22, sync_col=None, last_value=None
2025-10-01 15:09:40,385 - INFO - [INCR SYNC] sys.trace_xe_event_map: row_count=139, sync_col=None, last_value=None
2025-10-01 15:09:40,386 - INFO - === INCREMENTAL sync completed for SampleDB21, 3/3 tables processed ===
2025-10-01 15:09:40,386 - INFO - [INCR SYNC] sys.trace_xe_event_map: row_count=139, sync_col=None, last_value=None
2025-10-01 15:09:40,387 - INFO - === INCREMENTAL sync completed for SampleDB21, 3/3 tables processed ===
2025-10-01 15:09:40,389 - INFO - MSSQLSERVER/SampleDB21: processed 3 tables
2025-10-01 15:09:40,390 - INFO - MSSQLSERVER/SampleDB21: processed 3 tables
2025-10-01 15:09:40,395 - INFO - Cleaned up system table: localhostSQL2019_Second_SampleDB3.sys_trace_xe_event_map
2025-10-01 15:09:40,395 - INFO - Cleaned up system table: localhostSQL2019_Second_SampleDB3.sys_trace_xe_event_map
2025-10-01 15:09:40,396 - INFO - Cleaned up system table: localhostSQL2019_Second_SampleDB3.sys_trace_xe_action_map
2025-10-01 15:09:40,398 - INFO - Cleaned up system table: localhostSQL2019_Second_SampleDB3.sys_trace_xe_action_map
2025-10-01 15:09:40,443 - INFO - === Starting INCREMENTAL sync for database: SampleDB3 ===
2025-10-01 15:09:40,443 - INFO - === Starting INCREMENTAL sync for database: SampleDB3 ===
2025-10-01 15:09:40,766 - INFO - [INCR SYNC] dbo.Employees: row_count=5, sync_col=EmployeeID, last_value=None
2025-10-01 15:09:40,767 - INFO - [INCR SYNC] dbo.Employees: row_count=5, sync_col=EmployeeID, last_value=None
2025-10-01 15:09:40,905 - INFO - Schema 'localhostSQL2019_Second_SampleDB3' created/verified successfully
2025-10-01 15:09:40,906 - INFO - Schema 'localhostSQL2019_Second_SampleDB3' created/verified successfully
2025-10-01 15:09:40,914 - INFO - Last value is None for dbo.Employees, using hash-based deduplication
2025-10-01 15:09:40,915 - INFO - Last value is None for dbo.Employees, using hash-based deduplication
2025-10-01 15:09:40,922 - INFO - No new rows found for dbo.Employees
2025-10-01 15:09:40,924 - INFO - No new rows found for dbo.Employees
2025-10-01 15:09:41,110 - INFO - [INCR SYNC] sys.trace_xe_action_map: row_count=22, sync_col=None, last_value=None
2025-10-01 15:09:41,110 - INFO - [INCR SYNC] sys.trace_xe_action_map: row_count=22, sync_col=None, last_value=None
2025-10-01 15:09:41,295 - INFO - [INCR SYNC] sys.trace_xe_event_map: row_count=139, sync_col=None, last_value=None
2025-10-01 15:09:41,295 - INFO - [INCR SYNC] sys.trace_xe_event_map: row_count=139, sync_col=None, last_value=None
2025-10-01 15:09:41,296 - INFO - === INCREMENTAL sync completed for SampleDB3, 3/3 tables processed ===
2025-10-01 15:09:41,296 - INFO - === INCREMENTAL sync completed for SampleDB3, 3/3 tables processed ===
2025-10-01 15:09:41,298 - INFO - MSSQLSERVER/SampleDB3: processed 3 tables
2025-10-01 15:09:41,299 - INFO - MSSQLSERVER/SampleDB3: processed 3 tables
2025-10-01 15:09:41,300 - INFO - Completed MSSQLSERVER
2025-10-01 15:09:41,302 - INFO - Completed MSSQLSERVER
2025-10-01 15:44:11,857 - INFO - Sync tracking table created/verified
2025-10-01 15:44:12,174 - INFO - Sync tracking table created/verified
2025-10-01 15:44:12,287 - INFO - Connected to SQL Server: localhost\SQL2019_Second
2025-10-01 15:44:12,536 - INFO - Connected to SQL Server: localhost\SQL2019_Second
2025-10-01 15:44:12,727 - INFO - Found 9 databases on localhost\SQL2019_Second
2025-10-01 15:44:12,734 - INFO - Cleaned up system table: localhostSQL2019_Second_newdb.sys_trace_xe_event_map
2025-10-01 15:44:12,735 - INFO - Cleaned up system table: localhostSQL2019_Second_newdb.sys_trace_xe_action_map
2025-10-01 15:44:12,801 - INFO - Found 9 databases on localhost\SQL2019_Second
2025-10-01 15:44:12,812 - INFO - Cleaned up system table: localhostSQL2019_Second_newdb.sys_trace_xe_event_map
2025-10-01 15:44:12,817 - INFO - Cleaned up system table: localhostSQL2019_Second_newdb.sys_trace_xe_action_map
2025-10-01 15:44:12,859 - INFO - === Starting INCREMENTAL sync for database: newdb ===
2025-10-01 15:44:12,883 - INFO - === Starting INCREMENTAL sync for database: newdb ===
2025-10-01 15:44:13,698 - INFO - [INCR SYNC] sys.trace_xe_action_map: row_count=22, sync_col=None, last_value=None
2025-10-01 15:44:13,715 - INFO - [INCR SYNC] sys.trace_xe_action_map: row_count=22, sync_col=None, last_value=None
2025-10-01 15:44:13,936 - INFO - [INCR SYNC] sys.trace_xe_event_map: row_count=139, sync_col=None, last_value=None
2025-10-01 15:44:13,936 - INFO - === INCREMENTAL sync completed for newdb, 2/2 tables processed ===
2025-10-01 15:44:13,939 - INFO - MSSQLSERVER/newdb: processed 2 tables
2025-10-01 15:44:13,941 - INFO - Cleaned up system table: localhostSQL2019_Second_Saad1.sys_trace_xe_event_map
2025-10-01 15:44:13,941 - INFO - Cleaned up system table: localhostSQL2019_Second_Saad1.sys_trace_xe_action_map
2025-10-01 15:44:13,948 - INFO - === Starting INCREMENTAL sync for database: Saad1 ===
2025-10-01 15:44:13,952 - INFO - [INCR SYNC] sys.trace_xe_event_map: row_count=139, sync_col=None, last_value=None
2025-10-01 15:44:13,952 - INFO - === INCREMENTAL sync completed for newdb, 2/2 tables processed ===
2025-10-01 15:44:13,954 - INFO - MSSQLSERVER/newdb: processed 2 tables
2025-10-01 15:44:13,957 - INFO - Cleaned up system table: localhostSQL2019_Second_Saad1.sys_trace_xe_event_map
2025-10-01 15:44:13,958 - INFO - Cleaned up system table: localhostSQL2019_Second_Saad1.sys_trace_xe_action_map
2025-10-01 15:44:13,994 - INFO - === Starting INCREMENTAL sync for database: Saad1 ===
2025-10-01 15:44:14,304 - INFO - [INCR SYNC] dbo.Employees: row_count=0, sync_col=EmployeeID, last_value=None
2025-10-01 15:44:14,320 - INFO - [INCR SYNC] dbo.Employees: row_count=0, sync_col=EmployeeID, last_value=None
2025-10-01 15:44:14,464 - INFO - Schema 'localhostSQL2019_Second_Saad1' created/verified successfully
2025-10-01 15:44:14,468 - INFO - Schema 'localhostSQL2019_Second_Saad1' created/verified successfully
2025-10-01 15:44:14,686 - INFO - Last value is None for dbo.Employees, using hash-based deduplication
2025-10-01 15:44:14,703 - INFO - Last value is None for dbo.Employees, using hash-based deduplication
2025-10-01 15:44:14,713 - INFO - Table dbo.Employees is empty, but schema ensured in PostgreSQL
2025-10-01 15:44:14,719 - INFO - Table dbo.Employees is empty, but schema ensured in PostgreSQL
2025-10-01 15:44:14,976 - INFO - [INCR SYNC] sys.trace_xe_action_map: row_count=22, sync_col=None, last_value=None
2025-10-01 15:44:14,997 - INFO - [INCR SYNC] sys.trace_xe_action_map: row_count=22, sync_col=None, last_value=None
2025-10-01 15:44:15,222 - INFO - [INCR SYNC] sys.trace_xe_event_map: row_count=139, sync_col=None, last_value=None
2025-10-01 15:44:15,222 - INFO - === INCREMENTAL sync completed for Saad1, 3/3 tables processed ===
2025-10-01 15:44:15,223 - INFO - MSSQLSERVER/Saad1: processed 3 tables
2025-10-01 15:44:15,227 - INFO - Cleaned up system table: localhostSQL2019_Second_saadtest.sys_trace_xe_event_map
2025-10-01 15:44:15,228 - INFO - Cleaned up system table: localhostSQL2019_Second_saadtest.sys_trace_xe_action_map
2025-10-01 15:44:15,235 - INFO - === Starting INCREMENTAL sync for database: saadtest ===
2025-10-01 15:44:15,237 - INFO - [INCR SYNC] sys.trace_xe_event_map: row_count=139, sync_col=None, last_value=None
2025-10-01 15:44:15,238 - INFO - === INCREMENTAL sync completed for Saad1, 3/3 tables processed ===
2025-10-01 15:44:15,239 - INFO - MSSQLSERVER/Saad1: processed 3 tables
2025-10-01 15:44:15,241 - INFO - Cleaned up system table: localhostSQL2019_Second_saadtest.sys_trace_xe_event_map
2025-10-01 15:44:15,242 - INFO - Cleaned up system table: localhostSQL2019_Second_saadtest.sys_trace_xe_action_map
2025-10-01 15:44:15,249 - INFO - === Starting INCREMENTAL sync for database: saadtest ===
2025-10-01 15:44:17,097 - INFO - [INCR SYNC] dbo.Employees: row_count=7, sync_col=EmployeeID, last_value=None
2025-10-01 15:44:17,137 - INFO - [INCR SYNC] dbo.Employees: row_count=7, sync_col=EmployeeID, last_value=None
2025-10-01 15:44:17,978 - INFO - Schema 'localhostSQL2019_Second_saadtest' created/verified successfully
2025-10-01 15:44:18,010 - INFO - Schema 'localhostSQL2019_Second_saadtest' created/verified successfully
2025-10-01 15:44:18,466 - INFO - Last value is None for dbo.Employees, using hash-based deduplication
2025-10-01 15:44:18,467 - INFO - Last value is None for dbo.Employees, using hash-based deduplication
2025-10-01 15:44:18,501 - INFO - No new rows found for dbo.Employees
2025-10-01 15:44:18,816 - INFO - [INCR SYNC] sys.trace_xe_action_map: row_count=22, sync_col=None, last_value=None
2025-10-01 15:44:18,821 - INFO - [INCR SYNC] sys.trace_xe_action_map: row_count=22, sync_col=None, last_value=None
2025-10-01 15:44:19,191 - INFO - [INCR SYNC] sys.trace_xe_event_map: row_count=139, sync_col=None, last_value=None
2025-10-01 15:44:19,192 - INFO - [INCR SYNC] sys.trace_xe_event_map: row_count=139, sync_col=None, last_value=None
2025-10-01 15:44:19,192 - INFO - === INCREMENTAL sync completed for saadtest, 3/3 tables processed ===
2025-10-01 15:44:19,192 - INFO - === INCREMENTAL sync completed for saadtest, 3/3 tables processed ===
2025-10-01 15:44:19,193 - INFO - MSSQLSERVER/saadtest: processed 3 tables
2025-10-01 15:44:19,194 - INFO - MSSQLSERVER/saadtest: processed 3 tables
2025-10-01 15:44:19,196 - INFO - Cleaned up system table: localhostSQL2019_Second_SampleDB.sys_trace_xe_event_map
2025-10-01 15:44:19,197 - INFO - Cleaned up system table: localhostSQL2019_Second_SampleDB.sys_trace_xe_event_map
2025-10-01 15:44:19,197 - INFO - Cleaned up system table: localhostSQL2019_Second_SampleDB.sys_trace_xe_action_map
2025-10-01 15:44:19,198 - INFO - Cleaned up system table: localhostSQL2019_Second_SampleDB.sys_trace_xe_action_map
2025-10-01 15:44:19,207 - INFO - === Starting INCREMENTAL sync for database: SampleDB ===
2025-10-01 15:44:19,207 - INFO - === Starting INCREMENTAL sync for database: SampleDB ===
2025-10-01 15:44:19,846 - INFO - [INCR SYNC] dbo.Employees: row_count=5, sync_col=EmployeeID, last_value=None
2025-10-01 15:44:19,847 - INFO - [INCR SYNC] dbo.Employees: row_count=5, sync_col=EmployeeID, last_value=None
2025-10-01 15:44:20,037 - INFO - Schema 'localhostSQL2019_Second_SampleDB' created/verified successfully
2025-10-01 15:44:20,046 - INFO - Last value is None for dbo.Employees, using hash-based deduplication
2025-10-01 15:44:20,046 - INFO - Last value is None for dbo.Employees, using hash-based deduplication
2025-10-01 15:44:20,054 - INFO - No new rows found for dbo.Employees
2025-10-01 15:44:20,054 - INFO - No new rows found for dbo.Employees
2025-10-01 15:44:20,300 - INFO - [INCR SYNC] sys.trace_xe_action_map: row_count=22, sync_col=None, last_value=None
2025-10-01 15:44:20,313 - INFO - [INCR SYNC] sys.trace_xe_action_map: row_count=22, sync_col=None, last_value=None
2025-10-01 15:44:20,522 - INFO - [INCR SYNC] sys.trace_xe_event_map: row_count=139, sync_col=None, last_value=None
2025-10-01 15:44:20,522 - INFO - === INCREMENTAL sync completed for SampleDB, 3/3 tables processed ===
2025-10-01 15:44:20,522 - INFO - MSSQLSERVER/SampleDB: processed 3 tables
2025-10-01 15:44:20,525 - INFO - Cleaned up system table: localhostSQL2019_Second_SampleDB1.sys_trace_xe_event_map
2025-10-01 15:44:20,526 - INFO - Cleaned up system table: localhostSQL2019_Second_SampleDB1.sys_trace_xe_action_map
2025-10-01 15:44:20,527 - INFO - [INCR SYNC] sys.trace_xe_event_map: row_count=139, sync_col=None, last_value=None
2025-10-01 15:44:20,527 - INFO - === INCREMENTAL sync completed for SampleDB, 3/3 tables processed ===
2025-10-01 15:44:20,529 - INFO - MSSQLSERVER/SampleDB: processed 3 tables
2025-10-01 15:44:20,531 - INFO - Cleaned up system table: localhostSQL2019_Second_SampleDB1.sys_trace_xe_event_map
2025-10-01 15:44:20,531 - INFO - Cleaned up system table: localhostSQL2019_Second_SampleDB1.sys_trace_xe_action_map
2025-10-01 15:44:20,532 - INFO - === Starting INCREMENTAL sync for database: SampleDB1 ===
2025-10-01 15:44:20,541 - INFO - === Starting INCREMENTAL sync for database: SampleDB1 ===
2025-10-01 15:44:21,058 - INFO - [INCR SYNC] dbo.Employees: row_count=5, sync_col=EmployeeID, last_value=None
2025-10-01 15:44:21,058 - INFO - [INCR SYNC] dbo.Employees: row_count=5, sync_col=EmployeeID, last_value=None
2025-10-01 15:44:21,230 - INFO - Schema 'localhostSQL2019_Second_SampleDB1' created/verified successfully
2025-10-01 15:44:21,230 - INFO - Schema 'localhostSQL2019_Second_SampleDB1' created/verified successfully
2025-10-01 15:44:21,241 - INFO - Last value is None for dbo.Employees, using hash-based deduplication
2025-10-01 15:44:21,241 - INFO - Last value is None for dbo.Employees, using hash-based deduplication
2025-10-01 15:44:21,251 - INFO - No new rows found for dbo.Employees
2025-10-01 15:44:21,252 - INFO - No new rows found for dbo.Employees
2025-10-01 15:44:21,862 - INFO - [INCR SYNC] sys.trace_xe_action_map: row_count=22, sync_col=None, last_value=None
2025-10-01 15:44:22,203 - INFO - [INCR SYNC] sys.trace_xe_event_map: row_count=139, sync_col=None, last_value=None
2025-10-01 15:44:22,204 - INFO - === INCREMENTAL sync completed for SampleDB1, 3/3 tables processed ===
2025-10-01 15:44:22,205 - INFO - MSSQLSERVER/SampleDB1: processed 3 tables
2025-10-01 15:44:22,209 - INFO - Cleaned up system table: localhostSQL2019_Second_SampleDB2.sys_trace_xe_event_map
2025-10-01 15:44:22,210 - INFO - Cleaned up system table: localhostSQL2019_Second_SampleDB2.sys_trace_xe_action_map
2025-10-01 15:44:22,211 - INFO - [INCR SYNC] sys.trace_xe_event_map: row_count=139, sync_col=None, last_value=None
2025-10-01 15:44:22,212 - INFO - === INCREMENTAL sync completed for SampleDB1, 3/3 tables processed ===
2025-10-01 15:44:22,214 - INFO - MSSQLSERVER/SampleDB1: processed 3 tables
2025-10-01 15:44:22,218 - INFO - Cleaned up system table: localhostSQL2019_Second_SampleDB2.sys_trace_xe_event_map
2025-10-01 15:44:22,219 - INFO - Cleaned up system table: localhostSQL2019_Second_SampleDB2.sys_trace_xe_action_map
2025-10-01 15:44:22,221 - INFO - === Starting INCREMENTAL sync for database: SampleDB2 ===
2025-10-01 15:44:22,240 - INFO - === Starting INCREMENTAL sync for database: SampleDB2 ===
2025-10-01 15:44:22,610 - INFO - [INCR SYNC] dbo.Employees: row_count=5, sync_col=EmployeeID, last_value=None
2025-10-01 15:44:22,613 - INFO - [INCR SYNC] dbo.Employees: row_count=5, sync_col=EmployeeID, last_value=None
2025-10-01 15:44:22,743 - INFO - Schema 'localhostSQL2019_Second_SampleDB2' created/verified successfully
2025-10-01 15:44:22,745 - INFO - Schema 'localhostSQL2019_Second_SampleDB2' created/verified successfully
2025-10-01 15:44:22,756 - INFO - Last value is None for dbo.Employees, using hash-based deduplication
2025-10-01 15:44:22,757 - INFO - Last value is None for dbo.Employees, using hash-based deduplication
2025-10-01 15:44:22,767 - INFO - No new rows found for dbo.Employees
2025-10-01 15:44:22,769 - INFO - No new rows found for dbo.Employees
2025-10-01 15:44:22,977 - INFO - [INCR SYNC] sys.trace_xe_action_map: row_count=22, sync_col=None, last_value=None
2025-10-01 15:44:22,977 - INFO - [INCR SYNC] sys.trace_xe_action_map: row_count=22, sync_col=None, last_value=None
2025-10-01 15:44:23,217 - INFO - [INCR SYNC] sys.trace_xe_event_map: row_count=139, sync_col=None, last_value=None
2025-10-01 15:44:23,218 - INFO - === INCREMENTAL sync completed for SampleDB2, 3/3 tables processed ===
2025-10-01 15:44:23,220 - INFO - MSSQLSERVER/SampleDB2: processed 3 tables
2025-10-01 15:44:23,223 - INFO - Cleaned up system table: localhostSQL2019_Second_SampleDB20.sys_trace_xe_event_map
2025-10-01 15:44:23,224 - INFO - Cleaned up system table: localhostSQL2019_Second_SampleDB20.sys_trace_xe_action_map
2025-10-01 15:44:23,227 - INFO - [INCR SYNC] sys.trace_xe_event_map: row_count=139, sync_col=None, last_value=None
2025-10-01 15:44:23,228 - INFO - === INCREMENTAL sync completed for SampleDB2, 3/3 tables processed ===
2025-10-01 15:44:23,230 - INFO - MSSQLSERVER/SampleDB2: processed 3 tables
2025-10-01 15:44:23,232 - INFO - Cleaned up system table: localhostSQL2019_Second_SampleDB20.sys_trace_xe_event_map
2025-10-01 15:44:23,234 - INFO - === Starting INCREMENTAL sync for database: SampleDB20 ===
2025-10-01 15:44:23,236 - INFO - Cleaned up system table: localhostSQL2019_Second_SampleDB20.sys_trace_xe_action_map
2025-10-01 15:44:23,245 - INFO - === Starting INCREMENTAL sync for database: SampleDB20 ===
2025-10-01 15:44:23,624 - INFO - [INCR SYNC] dbo.Customers: row_count=5, sync_col=CustomerID, last_value=None
2025-10-01 15:44:23,624 - INFO - [INCR SYNC] dbo.Customers: row_count=5, sync_col=CustomerID, last_value=None
2025-10-01 15:44:23,807 - INFO - Schema 'localhostSQL2019_Second_SampleDB20' created/verified successfully
2025-10-01 15:44:23,808 - INFO - Schema 'localhostSQL2019_Second_SampleDB20' created/verified successfully
2025-10-01 15:44:23,822 - INFO - Last value is None for dbo.Customers, using hash-based deduplication
2025-10-01 15:44:23,822 - INFO - Last value is None for dbo.Customers, using hash-based deduplication
2025-10-01 15:44:23,835 - INFO - No new rows found for dbo.Customers
2025-10-01 15:44:23,837 - INFO - No new rows found for dbo.Customers
2025-10-01 15:44:24,152 - INFO - [INCR SYNC] sys.trace_xe_action_map: row_count=22, sync_col=None, last_value=None
2025-10-01 15:44:24,156 - INFO - [INCR SYNC] sys.trace_xe_action_map: row_count=22, sync_col=None, last_value=None
2025-10-01 15:44:24,441 - INFO - [INCR SYNC] sys.trace_xe_event_map: row_count=139, sync_col=None, last_value=None
2025-10-01 15:44:24,441 - INFO - === INCREMENTAL sync completed for SampleDB20, 3/3 tables processed ===
2025-10-01 15:44:24,441 - INFO - [INCR SYNC] sys.trace_xe_event_map: row_count=139, sync_col=None, last_value=None
2025-10-01 15:44:24,443 - INFO - === INCREMENTAL sync completed for SampleDB20, 3/3 tables processed ===
2025-10-01 15:44:24,443 - INFO - MSSQLSERVER/SampleDB20: processed 3 tables
2025-10-01 15:44:24,444 - INFO - MSSQLSERVER/SampleDB20: processed 3 tables
2025-10-01 15:44:24,447 - INFO - Cleaned up system table: localhostSQL2019_Second_SampleDB21.sys_trace_xe_event_map
2025-10-01 15:44:24,448 - INFO - Cleaned up system table: localhostSQL2019_Second_SampleDB21.sys_trace_xe_event_map
2025-10-01 15:44:24,448 - INFO - Cleaned up system table: localhostSQL2019_Second_SampleDB21.sys_trace_xe_action_map
2025-10-01 15:44:24,449 - INFO - Cleaned up system table: localhostSQL2019_Second_SampleDB21.sys_trace_xe_action_map
2025-10-01 15:44:24,458 - INFO - === Starting INCREMENTAL sync for database: SampleDB21 ===
2025-10-01 15:44:24,458 - INFO - === Starting INCREMENTAL sync for database: SampleDB21 ===
2025-10-01 15:44:24,930 - INFO - [INCR SYNC] dbo.Customers: row_count=5, sync_col=CustomerID, last_value=None
2025-10-01 15:44:24,930 - INFO - [INCR SYNC] dbo.Customers: row_count=5, sync_col=CustomerID, last_value=None
2025-10-01 15:44:25,148 - INFO - Schema 'localhostSQL2019_Second_SampleDB21' created/verified successfully
2025-10-01 15:44:25,152 - INFO - Schema 'localhostSQL2019_Second_SampleDB21' created/verified successfully
2025-10-01 15:44:25,158 - INFO - Last value is None for dbo.Customers, using hash-based deduplication
2025-10-01 15:44:25,162 - INFO - Last value is None for dbo.Customers, using hash-based deduplication
2025-10-01 15:44:25,169 - INFO - No new rows found for dbo.Customers
2025-10-01 15:44:25,170 - INFO - No new rows found for dbo.Customers
2025-10-01 15:44:25,418 - INFO - [INCR SYNC] sys.trace_xe_action_map: row_count=22, sync_col=None, last_value=None
2025-10-01 15:44:25,427 - INFO - [INCR SYNC] sys.trace_xe_action_map: row_count=22, sync_col=None, last_value=None
2025-10-01 15:44:25,705 - INFO - [INCR SYNC] sys.trace_xe_event_map: row_count=139, sync_col=None, last_value=None
2025-10-01 15:44:25,706 - INFO - === INCREMENTAL sync completed for SampleDB21, 3/3 tables processed ===
2025-10-01 15:44:25,708 - INFO - MSSQLSERVER/SampleDB21: processed 3 tables
2025-10-01 15:44:25,708 - INFO - [INCR SYNC] sys.trace_xe_event_map: row_count=139, sync_col=None, last_value=None
2025-10-01 15:44:25,708 - INFO - === INCREMENTAL sync completed for SampleDB21, 3/3 tables processed ===
2025-10-01 15:44:25,709 - INFO - MSSQLSERVER/SampleDB21: processed 3 tables
2025-10-01 15:44:25,710 - INFO - Cleaned up system table: localhostSQL2019_Second_SampleDB3.sys_trace_xe_event_map
2025-10-01 15:44:25,711 - INFO - Cleaned up system table: localhostSQL2019_Second_SampleDB3.sys_trace_xe_action_map
2025-10-01 15:44:25,712 - INFO - Cleaned up system table: localhostSQL2019_Second_SampleDB3.sys_trace_xe_event_map
2025-10-01 15:44:25,713 - INFO - Cleaned up system table: localhostSQL2019_Second_SampleDB3.sys_trace_xe_action_map
2025-10-01 15:44:25,717 - INFO - === Starting INCREMENTAL sync for database: SampleDB3 ===
2025-10-01 15:44:25,720 - INFO - === Starting INCREMENTAL sync for database: SampleDB3 ===
2025-10-01 15:44:26,135 - INFO - [INCR SYNC] dbo.Employees: row_count=5, sync_col=EmployeeID, last_value=None
2025-10-01 15:44:26,137 - INFO - [INCR SYNC] dbo.Employees: row_count=5, sync_col=EmployeeID, last_value=None
2025-10-01 15:44:26,291 - INFO - Schema 'localhostSQL2019_Second_SampleDB3' created/verified successfully
2025-10-01 15:44:26,294 - INFO - Schema 'localhostSQL2019_Second_SampleDB3' created/verified successfully
2025-10-01 15:44:26,302 - INFO - Last value is None for dbo.Employees, using hash-based deduplication
2025-10-01 15:44:26,313 - INFO - No new rows found for dbo.Employees
2025-10-01 15:44:26,401 - INFO - Last value is None for dbo.Employees, using hash-based deduplication
2025-10-01 15:44:26,417 - INFO - No new rows found for dbo.Employees
2025-10-01 15:44:26,521 - INFO - [INCR SYNC] sys.trace_xe_action_map: row_count=22, sync_col=None, last_value=None
2025-10-01 15:44:26,561 - INFO - [INCR SYNC] sys.trace_xe_action_map: row_count=22, sync_col=None, last_value=None
2025-10-01 15:44:26,722 - INFO - [INCR SYNC] sys.trace_xe_event_map: row_count=139, sync_col=None, last_value=None
2025-10-01 15:44:26,723 - INFO - === INCREMENTAL sync completed for SampleDB3, 3/3 tables processed ===
2025-10-01 15:44:26,725 - INFO - MSSQLSERVER/SampleDB3: processed 3 tables
2025-10-01 15:44:26,726 - INFO - [INCR SYNC] sys.trace_xe_event_map: row_count=139, sync_col=None, last_value=None
2025-10-01 15:44:26,727 - INFO - Completed MSSQLSERVER
2025-10-01 15:44:26,727 - INFO - === INCREMENTAL sync completed for SampleDB3, 3/3 tables processed ===
2025-10-01 15:44:26,729 - INFO - MSSQLSERVER/SampleDB3: processed 3 tables
2025-10-01 15:44:26,731 - INFO - Completed MSSQLSERVER
2025-10-01 15:51:33,247 - INFO -  * Detected change in 'C:\\Users\\SaadSayyed\\Desktop\\nitin_sir_7\\nitin_sir5\\app.py', reloading
2025-10-01 15:51:33,618 - INFO -  * Restarting with stat
2025-10-01 15:51:35,509 - INFO - [INIT] Initializing Flask application...
2025-10-01 15:51:35,510 - INFO - [CONFIG] Loading configuration...
2025-10-01 15:51:35,510 - INFO - [AUTH] Authentication system ready
2025-10-01 15:51:35,511 - INFO - [DATABASE] Database connections configured
2025-10-01 15:51:35,511 - INFO - [SCHEDULER] Scheduler system active
2025-10-01 15:51:35,511 - INFO - [STARTUP] Application startup complete!
2025-10-01 15:51:35,533 - WARNING -  * Debugger is active!
2025-10-01 15:51:35,536 - INFO -  * Debugger PIN: 597-331-673
2025-10-03 12:34:16,197 - INFO - [INIT] Initializing Flask application...
2025-10-03 12:34:16,198 - INFO - [CONFIG] Loading configuration...
2025-10-03 12:34:16,198 - INFO - [AUTH] Authentication system ready
2025-10-03 12:34:16,198 - INFO - [DATABASE] Database connections configured
2025-10-03 12:34:16,198 - INFO - [SCHEDULER] Scheduler system active
2025-10-03 12:34:16,199 - INFO - [STARTUP] Application startup complete!
2025-10-03 12:34:16,222 - INFO - [31m[1mWARNING: This is a development server. Do not use it in a production deployment. Use a production WSGI server instead.[0m
 * Running on http://127.0.0.1:5000
2025-10-03 12:34:16,222 - INFO - [33mPress CTRL+C to quit[0m
2025-10-03 12:34:16,224 - INFO -  * Restarting with stat
2025-10-03 12:34:17,462 - INFO - [INIT] Initializing Flask application...
2025-10-03 12:34:17,462 - INFO - [CONFIG] Loading configuration...
2025-10-03 12:34:17,463 - INFO - [AUTH] Authentication system ready
2025-10-03 12:34:17,463 - INFO - [DATABASE] Database connections configured
2025-10-03 12:34:17,463 - INFO - [SCHEDULER] Scheduler system active
2025-10-03 12:34:17,463 - INFO - [STARTUP] Application startup complete!
2025-10-03 12:34:17,480 - WARNING -  * Debugger is active!
2025-10-03 12:34:17,485 - INFO -  * Debugger PIN: 149-313-464
2025-10-03 12:34:28,427 - INFO - [REQ] GET / - 127.0.0.1
2025-10-03 12:34:28,428 - INFO - [DEBUG] Checking auth for / - Session: {}
2025-10-03 12:34:28,429 - WARNING - [AUTH] BLOCKED unauthenticated access to / from 127.0.0.1
2025-10-03 12:34:28,430 - WARNING - [AUTH] Session contents: {}
2025-10-03 12:34:28,431 - INFO - [RESP] GET / - 302
2025-10-03 12:34:28,435 - INFO - 127.0.0.1 - - [03/Oct/2025 12:34:28] "[32mGET / HTTP/1.1[0m" 302 -
2025-10-03 12:34:28,448 - INFO - [REQ] GET /login - 127.0.0.1
2025-10-03 12:34:28,575 - INFO - [RESP] GET /login - 200
2025-10-03 12:34:28,576 - INFO - 127.0.0.1 - - [03/Oct/2025 12:34:28] "GET /login HTTP/1.1" 200 -
2025-10-03 12:34:29,782 - INFO - [REQ] GET / - 127.0.0.1
2025-10-03 12:34:29,783 - INFO - [DEBUG] Checking auth for / - Session: {'_flashes': [('warning', 'Please log in to access this page')]}
2025-10-03 12:34:29,783 - WARNING - [AUTH] BLOCKED unauthenticated access to / from 127.0.0.1
2025-10-03 12:34:29,783 - WARNING - [AUTH] Session contents: {'_flashes': [('warning', 'Please log in to access this page')]}
2025-10-03 12:34:29,785 - INFO - [RESP] GET / - 302
2025-10-03 12:34:29,786 - INFO - 127.0.0.1 - - [03/Oct/2025 12:34:29] "[32mGET / HTTP/1.1[0m" 302 -
2025-10-03 12:34:29,792 - INFO - [REQ] GET /login - 127.0.0.1
2025-10-03 12:34:29,793 - INFO - [RESP] GET /login - 200
2025-10-03 12:34:29,794 - INFO - 127.0.0.1 - - [03/Oct/2025 12:34:29] "GET /login HTTP/1.1" 200 -
2025-10-03 12:34:37,035 - INFO - [REQ] POST /login - 127.0.0.1
2025-10-03 12:34:37,609 - INFO - [LOGIN] Successful login: admin (admin) from 127.0.0.1
2025-10-03 12:34:37,610 - INFO - [RESP] POST /login - 302
2025-10-03 12:34:37,613 - INFO - 127.0.0.1 - - [03/Oct/2025 12:34:37] "[32mPOST /login HTTP/1.1[0m" 302 -
2025-10-03 12:34:37,627 - INFO - [REQ] GET / - 127.0.0.1
2025-10-03 12:34:37,627 - INFO - [DEBUG] Checking auth for / - Session: {'_flashes': [('warning', 'Please log in to access this page'), ('success', 'Welcome, admin!')], '_permanent': True, 'role': 'admin', 'session_ip': '127.0.0.1', 'session_start_time': 1759475077.609793, 'username': 'admin'}
2025-10-03 12:34:37,629 - INFO - [AUTH] Authenticated access: admin (admin) to /
2025-10-03 12:34:37,630 - INFO - [HOME] Homepage accessed by user: admin
2025-10-03 12:34:37,637 - INFO - [INFO] Loaded 2 SQL servers for display
2025-10-03 12:34:37,822 - INFO - [RESP] GET / - 200
2025-10-03 12:34:37,824 - INFO - 127.0.0.1 - - [03/Oct/2025 12:34:37] "GET / HTTP/1.1" 200 -
2025-10-03 12:34:37,866 - INFO - [REQ] GET /static/actin-logo.png - 127.0.0.1
2025-10-03 12:34:38,077 - INFO - [RESP] GET /static/actin-logo.png - 304
2025-10-03 12:34:38,079 - INFO - 127.0.0.1 - - [03/Oct/2025 12:34:38] "[36mGET /static/actin-logo.png HTTP/1.1[0m" 304 -
2025-10-03 12:35:38,080 - INFO - [REQ] GET /sync-summary - 127.0.0.1
2025-10-03 12:35:38,082 - INFO - [DEBUG] Checking auth for /sync-summary - Session: {'_flashes': [('warning', 'Please log in to access this page'), ('success', 'Welcome, admin!')], '_permanent': True, 'role': 'admin', 'session_ip': '127.0.0.1', 'session_start_time': 1759475077.609793, 'username': 'admin'}
2025-10-03 12:35:38,083 - INFO - [AUTH] Authenticated access: admin (admin) to /sync-summary
2025-10-03 12:35:40,115 - INFO - [RESP] GET /sync-summary - 200
2025-10-03 12:35:40,116 - INFO - 127.0.0.1 - - [03/Oct/2025 12:35:40] "GET /sync-summary HTTP/1.1" 200 -
2025-10-03 12:35:40,137 - INFO - [REQ] GET /static/actin-logo.png - 127.0.0.1
2025-10-03 12:35:40,138 - INFO - [RESP] GET /static/actin-logo.png - 304
2025-10-03 12:35:40,139 - INFO - 127.0.0.1 - - [03/Oct/2025 12:35:40] "[36mGET /static/actin-logo.png HTTP/1.1[0m" 304 -
2025-10-03 12:35:43,250 - INFO - [REQ] GET /view-schedules - 127.0.0.1
2025-10-03 12:35:43,251 - INFO - [DEBUG] Checking auth for /view-schedules - Session: {'_flashes': [('warning', 'Please log in to access this page'), ('success', 'Welcome, admin!')], '_permanent': True, 'role': 'admin', 'session_ip': '127.0.0.1', 'session_start_time': 1759475077.609793, 'username': 'admin'}
2025-10-03 12:35:43,251 - INFO - [AUTH] Authenticated access: admin (admin) to /view-schedules
2025-10-03 12:35:43,381 - INFO - [RESP] GET /view-schedules - 200
2025-10-03 12:35:43,383 - INFO - 127.0.0.1 - - [03/Oct/2025 12:35:43] "GET /view-schedules HTTP/1.1" 200 -
2025-10-03 12:35:43,405 - INFO - [REQ] GET /static/actin-logo.png - 127.0.0.1
2025-10-03 12:35:43,407 - INFO - [RESP] GET /static/actin-logo.png - 304
2025-10-03 12:35:43,408 - INFO - 127.0.0.1 - - [03/Oct/2025 12:35:43] "[36mGET /static/actin-logo.png HTTP/1.1[0m" 304 -
2025-10-03 12:35:43,578 - INFO - [REQ] GET /api/job-statuses - 127.0.0.1
2025-10-03 12:35:43,579 - INFO - [DEBUG] Checking auth for /api/job-statuses - Session: {'_flashes': [('warning', 'Please log in to access this page'), ('success', 'Welcome, admin!')], '_permanent': True, 'role': 'admin', 'session_ip': '127.0.0.1', 'session_start_time': 1759475077.609793, 'username': 'admin'}
2025-10-03 12:35:43,580 - INFO - [AUTH] Authenticated access: admin (admin) to /api/job-statuses
2025-10-03 12:35:43,581 - INFO - [RESP] GET /api/job-statuses - 404
2025-10-03 12:35:43,582 - INFO - 127.0.0.1 - - [03/Oct/2025 12:35:43] "[33mGET /api/job-statuses HTTP/1.1[0m" 404 -
2025-10-03 12:35:44,788 - INFO - [REQ] GET /dashboard - 127.0.0.1
2025-10-03 12:35:44,789 - INFO - [DEBUG] Checking auth for /dashboard - Session: {'_flashes': [('warning', 'Please log in to access this page'), ('success', 'Welcome, admin!')], '_permanent': True, 'role': 'admin', 'session_ip': '127.0.0.1', 'session_start_time': 1759475077.609793, 'username': 'admin'}
2025-10-03 12:35:44,789 - INFO - [AUTH] Authenticated access: admin (admin) to /dashboard
2025-10-03 12:35:45,233 - INFO - [RESP] GET /dashboard - 200
2025-10-03 12:35:45,235 - INFO - 127.0.0.1 - - [03/Oct/2025 12:35:45] "GET /dashboard HTTP/1.1" 200 -
2025-10-03 12:35:45,267 - INFO - [REQ] GET /static/actin-logo.png - 127.0.0.1
2025-10-03 12:35:45,270 - INFO - [RESP] GET /static/actin-logo.png - 304
2025-10-03 12:35:45,275 - INFO - 127.0.0.1 - - [03/Oct/2025 12:35:45] "[36mGET /static/actin-logo.png HTTP/1.1[0m" 304 -
2025-10-03 12:35:46,519 - INFO - [REQ] GET /schedule - 127.0.0.1
2025-10-03 12:35:46,520 - INFO - [DEBUG] Checking auth for /schedule - Session: {'_flashes': [('warning', 'Please log in to access this page'), ('success', 'Welcome, admin!')], '_permanent': True, 'role': 'admin', 'session_ip': '127.0.0.1', 'session_start_time': 1759475077.609793, 'username': 'admin'}
2025-10-03 12:35:46,521 - INFO - [AUTH] Authenticated access: admin (admin) to /schedule
2025-10-03 12:35:46,664 - INFO - [RESP] GET /schedule - 200
2025-10-03 12:35:46,665 - INFO - 127.0.0.1 - - [03/Oct/2025 12:35:46] "GET /schedule HTTP/1.1" 200 -
2025-10-03 12:35:46,684 - INFO - [REQ] GET /static/actin-logo.png - 127.0.0.1
2025-10-03 12:35:46,686 - INFO - [RESP] GET /static/actin-logo.png - 304
2025-10-03 12:35:46,687 - INFO - 127.0.0.1 - - [03/Oct/2025 12:35:46] "[36mGET /static/actin-logo.png HTTP/1.1[0m" 304 -
2025-10-03 12:35:47,681 - INFO - [REQ] GET /logs - 127.0.0.1
2025-10-03 12:35:47,682 - INFO - [DEBUG] Checking auth for /logs - Session: {'_flashes': [('warning', 'Please log in to access this page'), ('success', 'Welcome, admin!')], '_permanent': True, 'role': 'admin', 'session_ip': '127.0.0.1', 'session_start_time': 1759475077.609793, 'username': 'admin'}
2025-10-03 12:35:47,684 - INFO - [AUTH] Authenticated access: admin (admin) to /logs
2025-10-03 12:35:51,295 - INFO - [RESP] GET /logs - 200
2025-10-03 12:35:51,296 - INFO - 127.0.0.1 - - [03/Oct/2025 12:35:51] "GET /logs HTTP/1.1" 200 -
2025-10-03 12:35:51,338 - INFO - [REQ] GET /static/actin-logo.png - 127.0.0.1
2025-10-03 12:35:51,346 - INFO - [RESP] GET /static/actin-logo.png - 304
2025-10-03 12:35:51,349 - INFO - 127.0.0.1 - - [03/Oct/2025 12:35:51] "[36mGET /static/actin-logo.png HTTP/1.1[0m" 304 -
2025-10-06 10:35:12,633 - INFO - [INIT] Initializing Flask application...
2025-10-06 10:35:12,634 - INFO - [CONFIG] Loading configuration...
2025-10-06 10:35:12,634 - INFO - [AUTH] Authentication system ready
2025-10-06 10:35:12,634 - INFO - [DATABASE] Database connections configured
2025-10-06 10:35:12,634 - INFO - [SCHEDULER] Scheduler system active
2025-10-06 10:35:12,635 - INFO - [STARTUP] Application startup complete!
2025-10-06 10:35:12,672 - INFO - [31m[1mWARNING: This is a development server. Do not use it in a production deployment. Use a production WSGI server instead.[0m
 * Running on http://127.0.0.1:5000
2025-10-06 10:35:12,673 - INFO - [33mPress CTRL+C to quit[0m
2025-10-06 10:35:12,675 - INFO -  * Restarting with stat
2025-10-06 10:35:13,671 - INFO - [INIT] Initializing Flask application...
2025-10-06 10:35:13,672 - INFO - [CONFIG] Loading configuration...
2025-10-06 10:35:13,672 - INFO - [AUTH] Authentication system ready
2025-10-06 10:35:13,672 - INFO - [DATABASE] Database connections configured
2025-10-06 10:35:13,673 - INFO - [SCHEDULER] Scheduler system active
2025-10-06 10:35:13,673 - INFO - [STARTUP] Application startup complete!
2025-10-06 10:35:13,684 - WARNING -  * Debugger is active!
2025-10-06 10:35:13,686 - INFO -  * Debugger PIN: 149-313-464
2025-10-06 10:35:15,877 - INFO - [REQ] GET / - 127.0.0.1
2025-10-06 10:35:15,877 - INFO - [DEBUG] Checking auth for / - Session: {}
2025-10-06 10:35:15,878 - WARNING - [AUTH] BLOCKED unauthenticated access to / from 127.0.0.1
2025-10-06 10:35:15,879 - WARNING - [AUTH] Session contents: {}
2025-10-06 10:35:15,880 - INFO - [RESP] GET / - 302
2025-10-06 10:35:15,882 - INFO - 127.0.0.1 - - [06/Oct/2025 10:35:15] "[32mGET / HTTP/1.1[0m" 302 -
2025-10-06 10:35:15,892 - INFO - [REQ] GET /login - 127.0.0.1
2025-10-06 10:35:15,928 - INFO - [RESP] GET /login - 200
2025-10-06 10:35:15,929 - INFO - 127.0.0.1 - - [06/Oct/2025 10:35:15] "GET /login HTTP/1.1" 200 -
2025-10-06 10:35:25,158 - INFO - [REQ] POST /login - 127.0.0.1
2025-10-06 10:35:25,597 - INFO - [LOGIN] Successful login: admin (admin) from 127.0.0.1
2025-10-06 10:35:25,599 - INFO - [RESP] POST /login - 302
2025-10-06 10:35:25,600 - INFO - 127.0.0.1 - - [06/Oct/2025 10:35:25] "[32mPOST /login HTTP/1.1[0m" 302 -
2025-10-06 10:35:25,606 - INFO - [REQ] GET / - 127.0.0.1
2025-10-06 10:35:25,607 - INFO - [DEBUG] Checking auth for / - Session: {'_flashes': [('warning', 'Please log in to access this page'), ('success', 'Welcome, admin!')], '_permanent': True, 'role': 'admin', 'session_ip': '127.0.0.1', 'session_start_time': 1759727125.597157, 'username': 'admin'}
2025-10-06 10:35:25,609 - INFO - [AUTH] Authenticated access: admin (admin) to /
2025-10-06 10:35:25,609 - INFO - [HOME] Homepage accessed by user: admin
2025-10-06 10:35:25,613 - INFO - [INFO] Loaded 2 SQL servers for display
2025-10-06 10:35:25,708 - INFO - [RESP] GET / - 200
2025-10-06 10:35:25,710 - INFO - 127.0.0.1 - - [06/Oct/2025 10:35:25] "GET / HTTP/1.1" 200 -
2025-10-06 10:35:25,732 - INFO - [REQ] GET /static/actin-logo.png - 127.0.0.1
2025-10-06 10:35:25,860 - INFO - [RESP] GET /static/actin-logo.png - 304
2025-10-06 10:35:25,862 - INFO - 127.0.0.1 - - [06/Oct/2025 10:35:25] "[36mGET /static/actin-logo.png HTTP/1.1[0m" 304 -
2025-10-06 10:35:29,399 - INFO - [REQ] GET /add-server - 127.0.0.1
2025-10-06 10:35:29,400 - INFO - [DEBUG] Checking auth for /add-server - Session: {'_flashes': [('warning', 'Please log in to access this page'), ('success', 'Welcome, admin!')], '_permanent': True, 'role': 'admin', 'session_ip': '127.0.0.1', 'session_start_time': 1759727125.597157, 'username': 'admin'}
2025-10-06 10:35:29,402 - INFO - [AUTH] Authenticated access: admin (admin) to /add-server
2025-10-06 10:35:29,496 - INFO - [RESP] GET /add-server - 200
2025-10-06 10:35:29,498 - INFO - 127.0.0.1 - - [06/Oct/2025 10:35:29] "GET /add-server HTTP/1.1" 200 -
2025-10-06 10:35:29,534 - INFO - [REQ] GET /static/actin-logo.png - 127.0.0.1
2025-10-06 10:35:29,538 - INFO - [RESP] GET /static/actin-logo.png - 304
2025-10-06 10:35:29,542 - INFO - 127.0.0.1 - - [06/Oct/2025 10:35:29] "[36mGET /static/actin-logo.png HTTP/1.1[0m" 304 -
2025-10-06 10:36:42,028 - INFO - [REQ] GET /add-server - 127.0.0.1
2025-10-06 10:36:42,029 - INFO - [DEBUG] Checking auth for /add-server - Session: {'_flashes': [('warning', 'Please log in to access this page'), ('success', 'Welcome, admin!')], '_permanent': True, 'role': 'admin', 'session_ip': '127.0.0.1', 'session_start_time': 1759727125.597157, 'username': 'admin'}
2025-10-06 10:36:42,029 - INFO - [AUTH] Authenticated access: admin (admin) to /add-server
2025-10-06 10:36:42,089 - INFO - [RESP] GET /add-server - 200
2025-10-06 10:36:42,090 - INFO - 127.0.0.1 - - [06/Oct/2025 10:36:42] "GET /add-server HTTP/1.1" 200 -
2025-10-06 10:36:42,106 - INFO - [REQ] GET /static/actin-logo.png - 127.0.0.1
2025-10-06 10:36:42,108 - INFO - [RESP] GET /static/actin-logo.png - 304
2025-10-06 10:36:42,109 - INFO - 127.0.0.1 - - [06/Oct/2025 10:36:42] "[36mGET /static/actin-logo.png HTTP/1.1[0m" 304 -
2025-10-06 10:36:58,988 - INFO - [REQ] POST /add-server - 127.0.0.1
2025-10-06 10:36:58,988 - INFO - [DEBUG] Checking auth for /add-server - Session: {'_flashes': [('warning', 'Please log in to access this page'), ('success', 'Welcome, admin!')], '_permanent': True, 'role': 'admin', 'session_ip': '127.0.0.1', 'session_start_time': 1759727125.597157, 'username': 'admin'}
2025-10-06 10:36:58,990 - INFO - [AUTH] Authenticated access: admin (admin) to /add-server
2025-10-06 10:36:58,999 - INFO - [RESP] POST /add-server - 302
2025-10-06 10:36:59,000 - INFO - 127.0.0.1 - - [06/Oct/2025 10:36:59] "[32mPOST /add-server HTTP/1.1[0m" 302 -
2025-10-06 10:36:59,004 - INFO - [REQ] GET / - 127.0.0.1
2025-10-06 10:36:59,385 - INFO - [AUTH] Authenticated access: admin (admin) to /
2025-10-06 10:36:59,387 - INFO - [HOME] Homepage accessed by user: admin
2025-10-06 10:36:59,399 - INFO - [INFO] Loaded 3 SQL servers for display
2025-10-06 10:36:59,401 - INFO - [RESP] GET / - 200
2025-10-06 10:36:59,403 - INFO - 127.0.0.1 - - [06/Oct/2025 10:36:59] "GET / HTTP/1.1" 200 -
2025-10-06 10:36:59,432 - INFO - [REQ] GET /static/actin-logo.png - 127.0.0.1
2025-10-06 10:36:59,433 - INFO - [RESP] GET /static/actin-logo.png - 304
2025-10-06 10:36:59,435 - INFO - 127.0.0.1 - - [06/Oct/2025 10:36:59] "[36mGET /static/actin-logo.png HTTP/1.1[0m" 304 -
2025-10-06 10:37:03,287 - INFO - [REQ] GET /server/server3 - 127.0.0.1
2025-10-06 10:37:03,294 - INFO - [AUTH] Authenticated access: admin (admin) to /server/server3
2025-10-06 10:37:18,515 - INFO - [RESP] GET /server/server3 - 302
2025-10-06 10:37:18,517 - INFO - 127.0.0.1 - - [06/Oct/2025 10:37:18] "[32mGET /server/server3 HTTP/1.1[0m" 302 -
2025-10-06 10:37:18,524 - INFO - [REQ] GET / - 127.0.0.1
2025-10-06 10:37:18,540 - INFO - [AUTH] Authenticated access: admin (admin) to /
2025-10-06 10:37:18,541 - INFO - [HOME] Homepage accessed by user: admin
2025-10-06 10:37:18,550 - INFO - [INFO] Loaded 3 SQL servers for display
2025-10-06 10:37:18,552 - INFO - [RESP] GET / - 200
2025-10-06 10:37:18,555 - INFO - 127.0.0.1 - - [06/Oct/2025 10:37:18] "GET / HTTP/1.1" 200 -
2025-10-06 10:37:18,577 - INFO - [REQ] GET /static/actin-logo.png - 127.0.0.1
2025-10-06 10:37:18,580 - INFO - [RESP] GET /static/actin-logo.png - 304
2025-10-06 10:37:18,584 - INFO - 127.0.0.1 - - [06/Oct/2025 10:37:18] "[36mGET /static/actin-logo.png HTTP/1.1[0m" 304 -
2025-10-06 10:37:19,119 - INFO - [REQ] GET /edit-server/server3 - 127.0.0.1
2025-10-06 10:37:19,126 - INFO - [AUTH] Authenticated access: admin (admin) to /edit-server/server3
2025-10-06 10:37:19,226 - INFO - [RESP] GET /edit-server/server3 - 200
2025-10-06 10:37:19,228 - INFO - 127.0.0.1 - - [06/Oct/2025 10:37:19] "GET /edit-server/server3 HTTP/1.1" 200 -
2025-10-06 10:37:19,261 - INFO - [REQ] GET /static/actin-logo.png - 127.0.0.1
2025-10-06 10:37:19,266 - INFO - [RESP] GET /static/actin-logo.png - 304
2025-10-06 10:37:19,272 - INFO - 127.0.0.1 - - [06/Oct/2025 10:37:19] "[36mGET /static/actin-logo.png HTTP/1.1[0m" 304 -
2025-10-06 10:37:28,508 - INFO - [REQ] POST /edit-server/server3 - 127.0.0.1
2025-10-06 10:37:28,528 - INFO - [AUTH] Authenticated access: admin (admin) to /edit-server/server3
2025-10-06 10:37:28,540 - INFO - [RESP] POST /edit-server/server3 - 302
2025-10-06 10:37:28,543 - INFO - 127.0.0.1 - - [06/Oct/2025 10:37:28] "[32mPOST /edit-server/server3 HTTP/1.1[0m" 302 -
2025-10-06 10:37:28,550 - INFO - [REQ] GET / - 127.0.0.1
2025-10-06 10:37:28,563 - INFO - [AUTH] Authenticated access: admin (admin) to /
2025-10-06 10:37:28,564 - INFO - [HOME] Homepage accessed by user: admin
2025-10-06 10:37:28,593 - INFO - [INFO] Loaded 3 SQL servers for display
2025-10-06 10:37:28,595 - INFO - [RESP] GET / - 200
2025-10-06 10:37:28,596 - INFO - 127.0.0.1 - - [06/Oct/2025 10:37:28] "GET / HTTP/1.1" 200 -
2025-10-06 10:37:28,622 - INFO - [REQ] GET /static/actin-logo.png - 127.0.0.1
2025-10-06 10:37:28,625 - INFO - [RESP] GET /static/actin-logo.png - 304
2025-10-06 10:37:28,627 - INFO - 127.0.0.1 - - [06/Oct/2025 10:37:28] "[36mGET /static/actin-logo.png HTTP/1.1[0m" 304 -
2025-10-06 10:37:29,977 - INFO - [REQ] GET /server/server3 - 127.0.0.1
2025-10-06 10:37:29,998 - INFO - [AUTH] Authenticated access: admin (admin) to /server/server3
2025-10-06 10:37:33,071 - INFO - [REQ] GET /server/server1 - 127.0.0.1
2025-10-06 10:37:33,083 - INFO - [AUTH] Authenticated access: admin (admin) to /server/server1
2025-10-06 10:37:33,454 - INFO - [RESP] GET /server/server1 - 200
2025-10-06 10:37:33,455 - INFO - 127.0.0.1 - - [06/Oct/2025 10:37:33] "GET /server/server1 HTTP/1.1" 200 -
2025-10-06 10:37:33,473 - INFO - [REQ] GET /static/actin-logo.png - 127.0.0.1
2025-10-06 10:37:33,474 - INFO - [RESP] GET /static/actin-logo.png - 304
2025-10-06 10:37:33,476 - INFO - 127.0.0.1 - - [06/Oct/2025 10:37:33] "[36mGET /static/actin-logo.png HTTP/1.1[0m" 304 -
2025-10-06 10:37:35,614 - INFO - [REQ] GET /server/MSSQLSERVER - 127.0.0.1
2025-10-06 10:37:35,628 - INFO - [AUTH] Authenticated access: admin (admin) to /server/MSSQLSERVER
2025-10-06 10:37:36,006 - INFO - [RESP] GET /server/MSSQLSERVER - 200
2025-10-06 10:37:36,008 - INFO - 127.0.0.1 - - [06/Oct/2025 10:37:36] "GET /server/MSSQLSERVER HTTP/1.1" 200 -
2025-10-06 10:37:36,023 - INFO - [REQ] GET /static/actin-logo.png - 127.0.0.1
2025-10-06 10:37:36,024 - INFO - [RESP] GET /static/actin-logo.png - 304
2025-10-06 10:37:36,026 - INFO - 127.0.0.1 - - [06/Oct/2025 10:37:36] "[36mGET /static/actin-logo.png HTTP/1.1[0m" 304 -
2025-10-06 10:37:38,025 - INFO - [REQ] GET /server/server3 - 127.0.0.1
2025-10-06 10:37:38,050 - INFO - [AUTH] Authenticated access: admin (admin) to /server/server3
2025-10-06 10:37:40,748 - INFO - [REQ] GET /edit-server/server3 - 127.0.0.1
2025-10-06 10:37:40,760 - INFO - [AUTH] Authenticated access: admin (admin) to /edit-server/server3
2025-10-06 10:37:40,832 - INFO - [RESP] GET /edit-server/server3 - 200
2025-10-06 10:37:40,834 - INFO - 127.0.0.1 - - [06/Oct/2025 10:37:40] "GET /edit-server/server3 HTTP/1.1" 200 -
2025-10-06 10:37:40,848 - INFO - [REQ] GET /static/actin-logo.png - 127.0.0.1
2025-10-06 10:37:40,848 - INFO - [RESP] GET /static/actin-logo.png - 304
2025-10-06 10:37:40,851 - INFO - 127.0.0.1 - - [06/Oct/2025 10:37:40] "[36mGET /static/actin-logo.png HTTP/1.1[0m" 304 -
2025-10-06 10:37:45,120 - INFO - [RESP] GET /server/server3 - 302
2025-10-06 10:37:45,122 - INFO - 127.0.0.1 - - [06/Oct/2025 10:37:45] "[32mGET /server/server3 HTTP/1.1[0m" 302 -
2025-10-06 10:37:52,420 - INFO - [REQ] POST /edit-server/server3 - 127.0.0.1
2025-10-06 10:37:52,434 - INFO - [AUTH] Authenticated access: admin (admin) to /edit-server/server3
2025-10-06 10:37:52,449 - INFO - [RESP] POST /edit-server/server3 - 302
2025-10-06 10:37:52,452 - INFO - 127.0.0.1 - - [06/Oct/2025 10:37:52] "[32mPOST /edit-server/server3 HTTP/1.1[0m" 302 -
2025-10-06 10:37:52,458 - INFO - [REQ] GET / - 127.0.0.1
2025-10-06 10:37:52,475 - INFO - [AUTH] Authenticated access: admin (admin) to /
2025-10-06 10:37:52,477 - INFO - [HOME] Homepage accessed by user: admin
2025-10-06 10:37:52,490 - INFO - [INFO] Loaded 3 SQL servers for display
2025-10-06 10:37:52,494 - INFO - [RESP] GET / - 200
2025-10-06 10:37:52,502 - INFO - 127.0.0.1 - - [06/Oct/2025 10:37:52] "GET / HTTP/1.1" 200 -
2025-10-06 10:37:52,558 - INFO - [REQ] GET /static/actin-logo.png - 127.0.0.1
2025-10-06 10:37:52,564 - INFO - [RESP] GET /static/actin-logo.png - 304
2025-10-06 10:37:52,567 - INFO - 127.0.0.1 - - [06/Oct/2025 10:37:52] "[36mGET /static/actin-logo.png HTTP/1.1[0m" 304 -
2025-10-06 10:37:53,174 - INFO - [RESP] GET /server/server3 - 302
2025-10-06 10:37:53,176 - INFO - 127.0.0.1 - - [06/Oct/2025 10:37:53] "[32mGET /server/server3 HTTP/1.1[0m" 302 -
2025-10-06 10:37:53,835 - INFO - [REQ] GET /server/server3 - 127.0.0.1
2025-10-06 10:37:53,849 - INFO - [AUTH] Authenticated access: admin (admin) to /server/server3
2025-10-06 10:38:08,979 - INFO - [RESP] GET /server/server3 - 302
2025-10-06 10:38:08,983 - INFO - 127.0.0.1 - - [06/Oct/2025 10:38:08] "[32mGET /server/server3 HTTP/1.1[0m" 302 -
2025-10-06 10:38:08,992 - INFO - [REQ] GET / - 127.0.0.1
2025-10-06 10:38:09,003 - INFO - [AUTH] Authenticated access: admin (admin) to /
2025-10-06 10:38:09,007 - INFO - [HOME] Homepage accessed by user: admin
2025-10-06 10:38:09,013 - INFO - [INFO] Loaded 3 SQL servers for display
2025-10-06 10:38:09,015 - INFO - [RESP] GET / - 200
2025-10-06 10:38:09,016 - INFO - 127.0.0.1 - - [06/Oct/2025 10:38:09] "GET / HTTP/1.1" 200 -
2025-10-06 10:38:09,031 - INFO - [REQ] GET /static/actin-logo.png - 127.0.0.1
2025-10-06 10:38:09,033 - INFO - [RESP] GET /static/actin-logo.png - 304
2025-10-06 10:38:09,035 - INFO - 127.0.0.1 - - [06/Oct/2025 10:38:09] "[36mGET /static/actin-logo.png HTTP/1.1[0m" 304 -
2025-10-06 17:34:51,283 - INFO - [INIT] Initializing Flask application...
2025-10-06 17:34:51,283 - INFO - [CONFIG] Loading configuration...
2025-10-06 17:34:51,284 - INFO - [AUTH] Authentication system ready
2025-10-06 17:34:51,284 - INFO - [DATABASE] Database connections configured
2025-10-06 17:34:51,285 - INFO - [SCHEDULER] Scheduler system active
2025-10-06 17:34:51,285 - INFO - [STARTUP] Application startup complete!
2025-10-06 17:34:51,307 - INFO - [31m[1mWARNING: This is a development server. Do not use it in a production deployment. Use a production WSGI server instead.[0m
 * Running on http://127.0.0.1:5000
2025-10-06 17:34:51,308 - INFO - [33mPress CTRL+C to quit[0m
2025-10-06 17:34:51,310 - INFO -  * Restarting with stat
2025-10-06 17:34:52,379 - INFO - [INIT] Initializing Flask application...
2025-10-06 17:34:52,380 - INFO - [CONFIG] Loading configuration...
2025-10-06 17:34:52,380 - INFO - [AUTH] Authentication system ready
2025-10-06 17:34:52,380 - INFO - [DATABASE] Database connections configured
2025-10-06 17:34:52,381 - INFO - [SCHEDULER] Scheduler system active
2025-10-06 17:34:52,382 - INFO - [STARTUP] Application startup complete!
2025-10-06 17:34:52,394 - WARNING -  * Debugger is active!
2025-10-06 17:34:52,396 - INFO -  * Debugger PIN: 499-062-501
2025-10-06 17:35:05,514 - INFO - [REQ] GET / - 127.0.0.1
2025-10-06 17:35:05,514 - INFO - [DEBUG] Checking auth for / - Session: {}
2025-10-06 17:35:05,515 - WARNING - [AUTH] BLOCKED unauthenticated access to / from 127.0.0.1
2025-10-06 17:35:05,515 - WARNING - [AUTH] Session contents: {}
2025-10-06 17:35:05,516 - INFO - [RESP] GET / - 302
2025-10-06 17:35:05,517 - INFO - 127.0.0.1 - - [06/Oct/2025 17:35:05] "[32mGET / HTTP/1.1[0m" 302 -
2025-10-06 17:35:05,522 - INFO - [REQ] GET /login - 127.0.0.1
2025-10-06 17:35:05,526 - INFO - [RESP] GET /login - 200
2025-10-06 17:35:05,527 - INFO - 127.0.0.1 - - [06/Oct/2025 17:35:05] "GET /login HTTP/1.1" 200 -
2025-10-06 17:35:05,874 - INFO - [REQ] GET /favicon.ico - 127.0.0.1
2025-10-06 17:35:05,875 - INFO - [DEBUG] Checking auth for /favicon.ico - Session: {'_flashes': [('warning', 'Please log in to access this page')]}
2025-10-06 17:35:05,876 - WARNING - [AUTH] BLOCKED unauthenticated access to /favicon.ico from 127.0.0.1
2025-10-06 17:35:05,876 - WARNING - [AUTH] Session contents: {'_flashes': [('warning', 'Please log in to access this page')]}
2025-10-06 17:35:05,877 - INFO - [RESP] GET /favicon.ico - 302
2025-10-06 17:35:05,879 - INFO - 127.0.0.1 - - [06/Oct/2025 17:35:05] "[32mGET /favicon.ico HTTP/1.1[0m" 302 -
2025-10-06 17:35:05,885 - INFO - [REQ] GET /login - 127.0.0.1
2025-10-06 17:35:05,886 - INFO - [RESP] GET /login - 200
2025-10-06 17:35:05,888 - INFO - 127.0.0.1 - - [06/Oct/2025 17:35:05] "GET /login HTTP/1.1" 200 -
2025-10-06 17:35:09,831 - INFO - [REQ] POST /login - 127.0.0.1
2025-10-06 17:35:10,327 - INFO - [LOGIN] Successful login: admin (admin) from 127.0.0.1
2025-10-06 17:35:10,328 - INFO - [RESP] POST /login - 302
2025-10-06 17:35:10,329 - INFO - 127.0.0.1 - - [06/Oct/2025 17:35:10] "[32mPOST /login HTTP/1.1[0m" 302 -
2025-10-06 17:35:10,333 - INFO - [REQ] GET / - 127.0.0.1
2025-10-06 17:35:10,333 - INFO - [DEBUG] Checking auth for / - Session: {'_flashes': [('warning', 'Please log in to access this page'), ('success', 'Welcome, admin!')], '_permanent': True, 'role': 'admin', 'session_ip': '127.0.0.1', 'session_start_time': 1759752310.327063, 'username': 'admin'}
2025-10-06 17:35:10,334 - INFO - [AUTH] Authenticated access: admin (admin) to /
2025-10-06 17:35:10,335 - INFO - [HOME] Homepage accessed by user: admin
2025-10-06 17:35:10,341 - INFO - [INFO] Loaded 3 SQL servers for display
2025-10-06 17:35:10,376 - INFO - [RESP] GET / - 200
2025-10-06 17:35:10,377 - INFO - 127.0.0.1 - - [06/Oct/2025 17:35:10] "GET / HTTP/1.1" 200 -
2025-10-06 17:35:10,400 - INFO - [REQ] GET /static/actin-logo.png - 127.0.0.1
2025-10-06 17:35:10,548 - INFO - [RESP] GET /static/actin-logo.png - 304
2025-10-06 17:35:10,551 - INFO - 127.0.0.1 - - [06/Oct/2025 17:35:10] "[36mGET /static/actin-logo.png HTTP/1.1[0m" 304 -
2025-10-06 17:35:10,566 - INFO - [REQ] GET /favicon.ico - 127.0.0.1
2025-10-06 17:35:10,567 - INFO - [DEBUG] Checking auth for /favicon.ico - Session: {'_flashes': [('warning', 'Please log in to access this page'), ('success', 'Welcome, admin!')], '_permanent': True, 'role': 'admin', 'session_ip': '127.0.0.1', 'session_start_time': 1759752310.327063, 'username': 'admin'}
2025-10-06 17:35:10,568 - INFO - [AUTH] Authenticated access: admin (admin) to /favicon.ico
2025-10-06 17:35:10,570 - INFO - [RESP] GET /favicon.ico - 404
2025-10-06 17:35:10,574 - INFO - 127.0.0.1 - - [06/Oct/2025 17:35:10] "[33mGET /favicon.ico HTTP/1.1[0m" 404 -
2025-10-06 17:35:15,414 - INFO - [REQ] POST /delete-server/MSSQLSERVER - 127.0.0.1
2025-10-06 17:35:15,415 - INFO - [DEBUG] Checking auth for /delete-server/MSSQLSERVER - Session: {'_flashes': [('warning', 'Please log in to access this page'), ('success', 'Welcome, admin!')], '_permanent': True, 'role': 'admin', 'session_ip': '127.0.0.1', 'session_start_time': 1759752310.327063, 'username': 'admin'}
2025-10-06 17:35:15,415 - INFO - [AUTH] Authenticated access: admin (admin) to /delete-server/MSSQLSERVER
2025-10-06 17:35:15,423 - INFO - [RESP] POST /delete-server/MSSQLSERVER - 302
2025-10-06 17:35:15,425 - INFO - 127.0.0.1 - - [06/Oct/2025 17:35:15] "[32mPOST /delete-server/MSSQLSERVER HTTP/1.1[0m" 302 -
2025-10-06 17:35:15,431 - INFO - [REQ] GET / - 127.0.0.1
2025-10-06 17:35:15,588 - INFO - [AUTH] Authenticated access: admin (admin) to /
2025-10-06 17:35:15,590 - INFO - [HOME] Homepage accessed by user: admin
2025-10-06 17:35:15,626 - INFO - [INFO] Loaded 2 SQL servers for display
2025-10-06 17:35:15,628 - INFO - [RESP] GET / - 200
2025-10-06 17:35:15,631 - INFO - 127.0.0.1 - - [06/Oct/2025 17:35:15] "GET / HTTP/1.1" 200 -
2025-10-06 17:35:15,659 - INFO - [REQ] GET /static/actin-logo.png - 127.0.0.1
2025-10-06 17:35:15,661 - INFO - [RESP] GET /static/actin-logo.png - 304
2025-10-06 17:35:15,663 - INFO - 127.0.0.1 - - [06/Oct/2025 17:35:15] "[36mGET /static/actin-logo.png HTTP/1.1[0m" 304 -
2025-10-06 17:35:17,723 - INFO - [REQ] POST /delete-server/server1 - 127.0.0.1
2025-10-06 17:35:17,738 - INFO - [AUTH] Authenticated access: admin (admin) to /delete-server/server1
2025-10-06 17:35:17,749 - INFO - [RESP] POST /delete-server/server1 - 302
2025-10-06 17:35:17,751 - INFO - 127.0.0.1 - - [06/Oct/2025 17:35:17] "[32mPOST /delete-server/server1 HTTP/1.1[0m" 302 -
2025-10-06 17:35:17,755 - INFO - [REQ] GET / - 127.0.0.1
2025-10-06 17:35:17,764 - INFO - [AUTH] Authenticated access: admin (admin) to /
2025-10-06 17:35:17,764 - INFO - [HOME] Homepage accessed by user: admin
2025-10-06 17:35:17,789 - INFO - [INFO] Loaded 1 SQL servers for display
2025-10-06 17:35:17,791 - INFO - [RESP] GET / - 200
2025-10-06 17:35:17,792 - INFO - 127.0.0.1 - - [06/Oct/2025 17:35:17] "GET / HTTP/1.1" 200 -
2025-10-06 17:35:17,807 - INFO - [REQ] GET /static/actin-logo.png - 127.0.0.1
2025-10-06 17:35:17,810 - INFO - [RESP] GET /static/actin-logo.png - 304
2025-10-06 17:35:17,811 - INFO - 127.0.0.1 - - [06/Oct/2025 17:35:17] "[36mGET /static/actin-logo.png HTTP/1.1[0m" 304 -
2025-10-06 17:35:19,829 - INFO - [REQ] POST /delete-server/server3 - 127.0.0.1
2025-10-06 17:35:19,845 - INFO - [AUTH] Authenticated access: admin (admin) to /delete-server/server3
2025-10-06 17:35:19,851 - INFO - [RESP] POST /delete-server/server3 - 302
2025-10-06 17:35:19,854 - INFO - 127.0.0.1 - - [06/Oct/2025 17:35:19] "[32mPOST /delete-server/server3 HTTP/1.1[0m" 302 -
2025-10-06 17:35:19,858 - INFO - [REQ] GET / - 127.0.0.1
2025-10-06 17:35:19,866 - INFO - [AUTH] Authenticated access: admin (admin) to /
2025-10-06 17:35:19,869 - INFO - [HOME] Homepage accessed by user: admin
2025-10-06 17:35:19,893 - INFO - [INFO] Loaded 0 SQL servers for display
2025-10-06 17:35:19,898 - INFO - [RESP] GET / - 200
2025-10-06 17:35:19,903 - INFO - 127.0.0.1 - - [06/Oct/2025 17:35:19] "GET / HTTP/1.1" 200 -
2025-10-06 17:35:19,921 - INFO - [REQ] GET /static/actin-logo.png - 127.0.0.1
2025-10-06 17:35:19,924 - INFO - [RESP] GET /static/actin-logo.png - 304
2025-10-06 17:35:19,928 - INFO - 127.0.0.1 - - [06/Oct/2025 17:35:19] "[36mGET /static/actin-logo.png HTTP/1.1[0m" 304 -
2025-10-06 17:35:38,471 - INFO - [REQ] GET /add-server - 127.0.0.1
2025-10-06 17:35:38,484 - INFO - [AUTH] Authenticated access: admin (admin) to /add-server
2025-10-06 17:35:38,552 - INFO - [RESP] GET /add-server - 200
2025-10-06 17:35:38,553 - INFO - 127.0.0.1 - - [06/Oct/2025 17:35:38] "GET /add-server HTTP/1.1" 200 -
2025-10-06 17:35:38,592 - INFO - [REQ] GET /static/actin-logo.png - 127.0.0.1
2025-10-06 17:35:38,595 - INFO - [RESP] GET /static/actin-logo.png - 304
2025-10-06 17:35:38,599 - INFO - 127.0.0.1 - - [06/Oct/2025 17:35:38] "[36mGET /static/actin-logo.png HTTP/1.1[0m" 304 -
2025-10-06 17:37:17,270 - INFO - [REQ] GET /add-server - 127.0.0.1
2025-10-06 17:37:17,277 - INFO - [AUTH] Authenticated access: admin (admin) to /add-server
2025-10-06 17:37:17,333 - INFO - [RESP] GET /add-server - 200
2025-10-06 17:37:17,334 - INFO - 127.0.0.1 - - [06/Oct/2025 17:37:17] "GET /add-server HTTP/1.1" 200 -
2025-10-06 17:37:17,350 - INFO - [REQ] GET /static/actin-logo.png - 127.0.0.1
2025-10-06 17:37:17,352 - INFO - [RESP] GET /static/actin-logo.png - 304
2025-10-06 17:37:17,353 - INFO - 127.0.0.1 - - [06/Oct/2025 17:37:17] "[36mGET /static/actin-logo.png HTTP/1.1[0m" 304 -
2025-10-06 17:37:31,743 - INFO - [REQ] POST /add-server - 127.0.0.1
2025-10-06 17:37:31,759 - INFO - [AUTH] Authenticated access: admin (admin) to /add-server
2025-10-06 17:37:31,766 - INFO - [RESP] POST /add-server - 302
2025-10-06 17:37:31,768 - INFO - 127.0.0.1 - - [06/Oct/2025 17:37:31] "[32mPOST /add-server HTTP/1.1[0m" 302 -
2025-10-06 17:37:31,775 - INFO - [REQ] GET / - 127.0.0.1
2025-10-06 17:37:31,782 - INFO - [AUTH] Authenticated access: admin (admin) to /
2025-10-06 17:37:31,783 - INFO - [HOME] Homepage accessed by user: admin
2025-10-06 17:37:31,815 - INFO - [INFO] Loaded 1 SQL servers for display
2025-10-06 17:37:31,817 - INFO - [RESP] GET / - 200
2025-10-06 17:37:31,818 - INFO - 127.0.0.1 - - [06/Oct/2025 17:37:31] "GET / HTTP/1.1" 200 -
2025-10-06 17:37:31,845 - INFO - [REQ] GET /static/actin-logo.png - 127.0.0.1
2025-10-06 17:37:31,846 - INFO - [RESP] GET /static/actin-logo.png - 304
2025-10-06 17:37:31,847 - INFO - 127.0.0.1 - - [06/Oct/2025 17:37:31] "[36mGET /static/actin-logo.png HTTP/1.1[0m" 304 -
2025-10-06 17:37:33,223 - INFO - [REQ] GET /server/server1 - 127.0.0.1
2025-10-06 17:37:33,231 - INFO - [AUTH] Authenticated access: admin (admin) to /server/server1
2025-10-06 17:37:33,937 - INFO - [RESP] GET /server/server1 - 200
2025-10-06 17:37:33,941 - INFO - 127.0.0.1 - - [06/Oct/2025 17:37:33] "GET /server/server1 HTTP/1.1" 200 -
2025-10-06 17:37:33,960 - INFO - [REQ] GET /static/actin-logo.png - 127.0.0.1
2025-10-06 17:37:33,962 - INFO - [RESP] GET /static/actin-logo.png - 304
2025-10-06 17:37:33,963 - INFO - 127.0.0.1 - - [06/Oct/2025 17:37:33] "[36mGET /static/actin-logo.png HTTP/1.1[0m" 304 -
2025-10-06 17:37:37,932 - INFO - [REQ] GET / - 127.0.0.1
2025-10-06 17:37:37,947 - INFO - [AUTH] Authenticated access: admin (admin) to /
2025-10-06 17:37:37,947 - INFO - [HOME] Homepage accessed by user: admin
2025-10-06 17:37:37,950 - INFO - [INFO] Loaded 1 SQL servers for display
2025-10-06 17:37:37,953 - INFO - [RESP] GET / - 200
2025-10-06 17:37:37,956 - INFO - 127.0.0.1 - - [06/Oct/2025 17:37:37] "GET / HTTP/1.1" 200 -
2025-10-06 17:37:37,972 - INFO - [REQ] GET /static/actin-logo.png - 127.0.0.1
2025-10-06 17:37:37,976 - INFO - [RESP] GET /static/actin-logo.png - 304
2025-10-06 17:37:37,978 - INFO - 127.0.0.1 - - [06/Oct/2025 17:37:37] "[36mGET /static/actin-logo.png HTTP/1.1[0m" 304 -
2025-10-06 17:37:39,781 - INFO - [REQ] GET /sync/server1 - 127.0.0.1
2025-10-06 17:37:39,795 - INFO - [AUTH] Authenticated access: admin (admin) to /sync/server1
2025-10-06 17:37:40,045 - INFO - Sync tracking table created/verified
2025-10-06 17:37:40,068 - INFO - Connected to SQL Server: 192.168.18.51
2025-10-06 17:37:40,095 - INFO - Found 6 databases on 192.168.18.51
2025-10-06 17:37:40,100 - INFO - Cleaned up system table: 1921681851_hel.sys_trace_xe_event_map
2025-10-06 17:37:40,103 - INFO - Cleaned up system table: 1921681851_hel.sys_trace_xe_action_map
2025-10-06 17:37:40,475 - INFO - === Starting FULL sync for database: hel ===
2025-10-06 17:37:41,092 - INFO - [FULL SYNC] Processing dbo.hel2et
2025-10-06 17:37:41,341 - INFO - Schema '1921681851_hel' created/verified successfully
2025-10-06 17:37:41,412 - INFO - Created table '1921681851_hel.dbo_hel2et' with proper data types
2025-10-06 17:37:41,480 - WARNING - Could not get PK info for dbo.hel2et: 'pyodbc.Cursor' object has no attribute 'cursor'
2025-10-06 17:37:41,480 - WARNING - Could not get timestamp column for dbo.hel2et: 'pyodbc.Cursor' object has no attribute 'cursor'
2025-10-06 17:37:41,481 - WARNING - Could not get unique identifier column for dbo.hel2et: 'pyodbc.Cursor' object has no attribute 'cursor'
2025-10-06 17:37:41,492 - INFO - [FULL SYNC] Processing dbo.helmet
2025-10-06 17:37:41,575 - INFO - Schema '1921681851_hel' created/verified successfully
2025-10-06 17:37:41,592 - INFO - Created table '1921681851_hel.dbo_helmet' with proper data types
2025-10-06 17:37:41,679 - WARNING - Could not get PK info for dbo.helmet: 'pyodbc.Cursor' object has no attribute 'cursor'
2025-10-06 17:37:41,680 - WARNING - Could not get timestamp column for dbo.helmet: 'pyodbc.Cursor' object has no attribute 'cursor'
2025-10-06 17:37:41,682 - WARNING - Could not get unique identifier column for dbo.helmet: 'pyodbc.Cursor' object has no attribute 'cursor'
2025-10-06 17:37:41,692 - INFO - [FULL SYNC] Processing dbo.stock_items1
2025-10-06 17:37:41,803 - INFO - Schema '1921681851_hel' created/verified successfully
2025-10-06 17:37:41,814 - INFO - Created table '1921681851_hel.dbo_stock_items1' with proper data types
2025-10-06 17:37:41,870 - WARNING - Could not get PK info for dbo.stock_items1: 'pyodbc.Cursor' object has no attribute 'cursor'
2025-10-06 17:37:41,872 - WARNING - Could not get timestamp column for dbo.stock_items1: 'pyodbc.Cursor' object has no attribute 'cursor'
2025-10-06 17:37:41,872 - WARNING - Could not get unique identifier column for dbo.stock_items1: 'pyodbc.Cursor' object has no attribute 'cursor'
2025-10-06 17:37:41,877 - INFO - [FULL SYNC] Processing dbo.stock_items2
2025-10-06 17:37:41,954 - INFO - Schema '1921681851_hel' created/verified successfully
2025-10-06 17:37:41,969 - INFO - Created table '1921681851_hel.dbo_stock_items2' with proper data types
2025-10-06 17:37:42,071 - WARNING - Could not get PK info for dbo.stock_items2: 'pyodbc.Cursor' object has no attribute 'cursor'
2025-10-06 17:37:42,071 - WARNING - Could not get timestamp column for dbo.stock_items2: 'pyodbc.Cursor' object has no attribute 'cursor'
2025-10-06 17:37:42,073 - WARNING - Could not get unique identifier column for dbo.stock_items2: 'pyodbc.Cursor' object has no attribute 'cursor'
2025-10-06 17:37:42,074 - INFO - [FULL SYNC] Processing dbo.stock_items3
2025-10-06 17:37:42,167 - INFO - Schema '1921681851_hel' created/verified successfully
2025-10-06 17:37:42,177 - INFO - Created table '1921681851_hel.dbo_stock_items3' with proper data types
2025-10-06 17:37:42,235 - WARNING - Could not get PK info for dbo.stock_items3: 'pyodbc.Cursor' object has no attribute 'cursor'
2025-10-06 17:37:42,236 - WARNING - Could not get timestamp column for dbo.stock_items3: 'pyodbc.Cursor' object has no attribute 'cursor'
2025-10-06 17:37:42,237 - WARNING - Could not get unique identifier column for dbo.stock_items3: 'pyodbc.Cursor' object has no attribute 'cursor'
2025-10-06 17:37:42,242 - INFO - [FULL SYNC] Processing dbo.stock_items4
2025-10-06 17:37:42,321 - INFO - Schema '1921681851_hel' created/verified successfully
2025-10-06 17:37:42,335 - INFO - Created table '1921681851_hel.dbo_stock_items4' with proper data types
2025-10-06 17:37:42,398 - WARNING - Could not get PK info for dbo.stock_items4: 'pyodbc.Cursor' object has no attribute 'cursor'
2025-10-06 17:37:42,399 - WARNING - Could not get timestamp column for dbo.stock_items4: 'pyodbc.Cursor' object has no attribute 'cursor'
2025-10-06 17:37:42,400 - WARNING - Could not get unique identifier column for dbo.stock_items4: 'pyodbc.Cursor' object has no attribute 'cursor'
2025-10-06 17:37:42,405 - INFO - [FULL SYNC] Processing dbo.stock_items5
2025-10-06 17:37:42,494 - INFO - Schema '1921681851_hel' created/verified successfully
2025-10-06 17:37:42,509 - INFO - Created table '1921681851_hel.dbo_stock_items5' with proper data types
2025-10-06 17:37:42,561 - WARNING - Could not get PK info for dbo.stock_items5: 'pyodbc.Cursor' object has no attribute 'cursor'
2025-10-06 17:37:42,563 - WARNING - Could not get timestamp column for dbo.stock_items5: 'pyodbc.Cursor' object has no attribute 'cursor'
2025-10-06 17:37:42,563 - WARNING - Could not get unique identifier column for dbo.stock_items5: 'pyodbc.Cursor' object has no attribute 'cursor'
2025-10-06 17:37:42,565 - INFO - [FULL SYNC] Processing dbo.stock_items6
2025-10-06 17:37:42,642 - INFO - Schema '1921681851_hel' created/verified successfully
2025-10-06 17:37:42,650 - INFO - Created table '1921681851_hel.dbo_stock_items6' with proper data types
2025-10-06 17:37:42,694 - WARNING - Could not get PK info for dbo.stock_items6: 'pyodbc.Cursor' object has no attribute 'cursor'
2025-10-06 17:37:42,695 - WARNING - Could not get timestamp column for dbo.stock_items6: 'pyodbc.Cursor' object has no attribute 'cursor'
2025-10-06 17:37:42,695 - WARNING - Could not get unique identifier column for dbo.stock_items6: 'pyodbc.Cursor' object has no attribute 'cursor'
2025-10-06 17:37:42,700 - INFO - [FULL SYNC] Processing sys.trace_xe_action_map
2025-10-06 17:37:42,700 - INFO - [FULL SYNC] Processing sys.trace_xe_event_map
2025-10-06 17:37:42,702 - INFO - === FULL sync completed for hel, 10/10 tables processed ===
2025-10-06 17:37:42,707 - INFO - server1/hel: processed 10 tables
2025-10-06 17:37:42,749 - INFO - Cleaned up system table: 1921681851_saad1.sys_trace_xe_event_map
2025-10-06 17:37:42,752 - INFO - Cleaned up system table: 1921681851_saad1.sys_trace_xe_action_map
2025-10-06 17:37:42,892 - INFO - === Starting FULL sync for database: saad1 ===
2025-10-06 17:37:43,462 - INFO - [FULL SYNC] Processing dbo.stock_items6
2025-10-06 17:37:43,607 - INFO - Schema '1921681851_saad1' created/verified successfully
2025-10-06 17:37:43,629 - INFO - Created table '1921681851_saad1.dbo_stock_items6' with proper data types
2025-10-06 17:37:43,697 - WARNING - Could not get PK info for dbo.stock_items6: 'pyodbc.Cursor' object has no attribute 'cursor'
2025-10-06 17:37:43,698 - WARNING - Could not get timestamp column for dbo.stock_items6: 'pyodbc.Cursor' object has no attribute 'cursor'
2025-10-06 17:37:43,699 - WARNING - Could not get unique identifier column for dbo.stock_items6: 'pyodbc.Cursor' object has no attribute 'cursor'
2025-10-06 17:37:43,704 - INFO - [FULL SYNC] Processing sys.trace_xe_action_map
2025-10-06 17:37:43,705 - INFO - [FULL SYNC] Processing sys.trace_xe_event_map
2025-10-06 17:37:43,706 - INFO - === FULL sync completed for saad1, 3/3 tables processed ===
2025-10-06 17:37:43,710 - INFO - server1/saad1: processed 3 tables
2025-10-06 17:37:43,735 - INFO - Cleaned up system table: 1921681851_SampleDB3.sys_trace_xe_event_map
2025-10-06 17:37:43,738 - INFO - Cleaned up system table: 1921681851_SampleDB3.sys_trace_xe_action_map
2025-10-06 17:37:43,965 - INFO - === Starting FULL sync for database: SampleDB3 ===
2025-10-06 17:37:44,326 - INFO - [FULL SYNC] Processing dbo.Employees
2025-10-06 17:37:44,423 - INFO - Schema '1921681851_SampleDB3' created/verified successfully
2025-10-06 17:37:44,439 - INFO - Created table '1921681851_SampleDB3.dbo_Employees' with proper data types
2025-10-06 17:37:44,489 - WARNING - Could not get PK info for dbo.Employees: 'pyodbc.Cursor' object has no attribute 'cursor'
2025-10-06 17:37:44,490 - WARNING - Could not get timestamp column for dbo.Employees: 'pyodbc.Cursor' object has no attribute 'cursor'
2025-10-06 17:37:44,492 - WARNING - Could not get unique identifier column for dbo.Employees: 'pyodbc.Cursor' object has no attribute 'cursor'
2025-10-06 17:37:44,497 - INFO - [FULL SYNC] Processing sys.trace_xe_action_map
2025-10-06 17:37:44,498 - INFO - [FULL SYNC] Processing sys.trace_xe_event_map
2025-10-06 17:37:44,500 - INFO - === FULL sync completed for SampleDB3, 3/3 tables processed ===
2025-10-06 17:37:44,505 - INFO - server1/SampleDB3: processed 3 tables
2025-10-06 17:37:44,535 - INFO - Cleaned up system table: 1921681851_SampleDB4.sys_trace_xe_event_map
2025-10-06 17:37:44,537 - INFO - Cleaned up system table: 1921681851_SampleDB4.sys_trace_xe_action_map
2025-10-06 17:37:44,728 - INFO - === Starting FULL sync for database: SampleDB4 ===
2025-10-06 17:37:45,183 - INFO - [FULL SYNC] Processing dbo.Employees
2025-10-06 17:37:45,336 - INFO - Schema '1921681851_SampleDB4' created/verified successfully
2025-10-06 17:37:45,358 - INFO - Created table '1921681851_SampleDB4.dbo_Employees' with proper data types
2025-10-06 17:37:45,434 - WARNING - Could not get PK info for dbo.Employees: 'pyodbc.Cursor' object has no attribute 'cursor'
2025-10-06 17:37:45,434 - WARNING - Could not get timestamp column for dbo.Employees: 'pyodbc.Cursor' object has no attribute 'cursor'
2025-10-06 17:37:45,435 - WARNING - Could not get unique identifier column for dbo.Employees: 'pyodbc.Cursor' object has no attribute 'cursor'
2025-10-06 17:37:45,441 - INFO - [FULL SYNC] Processing sys.trace_xe_action_map
2025-10-06 17:37:45,443 - INFO - [FULL SYNC] Processing sys.trace_xe_event_map
2025-10-06 17:37:45,444 - INFO - === FULL sync completed for SampleDB4, 3/3 tables processed ===
2025-10-06 17:37:45,447 - INFO - server1/SampleDB4: processed 3 tables
2025-10-06 17:37:45,469 - INFO - Cleaned up system table: 1921681851_SampleDB5.sys_trace_xe_event_map
2025-10-06 17:37:45,472 - INFO - Cleaned up system table: 1921681851_SampleDB5.sys_trace_xe_action_map
2025-10-06 17:37:45,706 - INFO - === Starting FULL sync for database: SampleDB5 ===
2025-10-06 17:37:46,183 - INFO - [FULL SYNC] Processing dbo.Employees
2025-10-06 17:37:46,303 - INFO - Schema '1921681851_SampleDB5' created/verified successfully
2025-10-06 17:37:46,319 - INFO - Created table '1921681851_SampleDB5.dbo_Employees' with proper data types
2025-10-06 17:37:46,381 - WARNING - Could not get PK info for dbo.Employees: 'pyodbc.Cursor' object has no attribute 'cursor'
2025-10-06 17:37:46,381 - WARNING - Could not get timestamp column for dbo.Employees: 'pyodbc.Cursor' object has no attribute 'cursor'
2025-10-06 17:37:46,383 - WARNING - Could not get unique identifier column for dbo.Employees: 'pyodbc.Cursor' object has no attribute 'cursor'
2025-10-06 17:37:46,387 - INFO - [FULL SYNC] Processing sys.trace_xe_action_map
2025-10-06 17:37:46,388 - INFO - [FULL SYNC] Processing sys.trace_xe_event_map
2025-10-06 17:37:46,390 - INFO - === FULL sync completed for SampleDB5, 3/3 tables processed ===
2025-10-06 17:37:46,393 - INFO - server1/SampleDB5: processed 3 tables
2025-10-06 17:37:46,423 - INFO - Cleaned up system table: 1921681851_Vikas.sys_trace_xe_event_map
2025-10-06 17:37:46,426 - INFO - Cleaned up system table: 1921681851_Vikas.sys_trace_xe_action_map
2025-10-06 17:37:46,548 - INFO - === Starting FULL sync for database: Vikas ===
2025-10-06 17:37:46,951 - INFO - [FULL SYNC] Processing dbo.stock_items6
2025-10-06 17:37:47,060 - INFO - Schema '1921681851_Vikas' created/verified successfully
2025-10-06 17:37:47,077 - INFO - Created table '1921681851_Vikas.dbo_stock_items6' with proper data types
2025-10-06 17:37:47,123 - WARNING - Could not get PK info for dbo.stock_items6: 'pyodbc.Cursor' object has no attribute 'cursor'
2025-10-06 17:37:47,124 - WARNING - Could not get timestamp column for dbo.stock_items6: 'pyodbc.Cursor' object has no attribute 'cursor'
2025-10-06 17:37:47,126 - WARNING - Could not get unique identifier column for dbo.stock_items6: 'pyodbc.Cursor' object has no attribute 'cursor'
2025-10-06 17:37:47,131 - INFO - [FULL SYNC] Processing dbo.Table_1
2025-10-06 17:37:47,222 - INFO - Schema '1921681851_Vikas' created/verified successfully
2025-10-06 17:37:47,237 - INFO - Created table '1921681851_Vikas.dbo_Table_1' with proper data types
2025-10-06 17:37:47,281 - INFO - Table dbo.Table_1 is empty, but schema created in PostgreSQL
2025-10-06 17:37:47,283 - INFO - [FULL SYNC] Processing sys.trace_xe_action_map
2025-10-06 17:37:47,285 - INFO - [FULL SYNC] Processing sys.trace_xe_event_map
2025-10-06 17:37:47,287 - INFO - === FULL sync completed for Vikas, 4/4 tables processed ===
2025-10-06 17:37:47,290 - INFO - server1/Vikas: processed 4 tables
2025-10-06 17:37:47,312 - INFO - Completed server1
2025-10-06 17:37:47,414 - INFO - [RESP] GET /sync/server1 - 302
2025-10-06 17:37:47,417 - INFO - 127.0.0.1 - - [06/Oct/2025 17:37:47] "[32mGET /sync/server1 HTTP/1.1[0m" 302 -
2025-10-06 17:37:47,428 - INFO - [REQ] GET / - 127.0.0.1
2025-10-06 17:37:47,438 - INFO - [AUTH] Authenticated access: admin (admin) to /
2025-10-06 17:37:47,439 - INFO - [HOME] Homepage accessed by user: admin
2025-10-06 17:37:47,442 - INFO - [INFO] Loaded 1 SQL servers for display
2025-10-06 17:37:47,444 - INFO - [RESP] GET / - 200
2025-10-06 17:37:47,445 - INFO - 127.0.0.1 - - [06/Oct/2025 17:37:47] "GET / HTTP/1.1" 200 -
2025-10-06 17:44:51,600 - INFO - Sync tracking table created/verified
2025-10-06 17:44:51,715 - INFO - Connected to SQL Server: localhost\SQL2019_Second
2025-10-06 17:44:51,803 - INFO - Found 9 databases on localhost\SQL2019_Second
2025-10-06 17:44:51,804 - INFO - Cleaned up system table: localhostSQL2019_Second_newdb.sys_trace_xe_event_map
2025-10-06 17:44:51,805 - INFO - Cleaned up system table: localhostSQL2019_Second_newdb.sys_trace_xe_action_map
2025-10-06 17:44:51,886 - INFO - === Starting INCREMENTAL sync for database: newdb ===
2025-10-06 17:44:52,326 - INFO - [INCR SYNC] sys.trace_xe_action_map: row_count=22, sync_col=None, last_value=None
2025-10-06 17:44:52,509 - INFO - [INCR SYNC] sys.trace_xe_event_map: row_count=139, sync_col=None, last_value=None
2025-10-06 17:44:52,510 - INFO - === INCREMENTAL sync completed for newdb, 2/2 tables processed ===
2025-10-06 17:44:52,516 - INFO - MSSQLSERVER/newdb: processed 2 tables
2025-10-06 17:44:52,518 - INFO - Cleaned up system table: localhostSQL2019_Second_Saad1.sys_trace_xe_event_map
2025-10-06 17:44:52,519 - INFO - Cleaned up system table: localhostSQL2019_Second_Saad1.sys_trace_xe_action_map
2025-10-06 17:44:52,557 - INFO - === Starting INCREMENTAL sync for database: Saad1 ===
2025-10-06 17:44:52,619 - INFO - Sync tracking table created/verified
2025-10-06 17:44:52,644 - INFO - Connected to SQL Server: localhost\SQL2019_Second
2025-10-06 17:44:52,647 - INFO - Found 9 databases on localhost\SQL2019_Second
2025-10-06 17:44:52,651 - INFO - Cleaned up system table: localhostSQL2019_Second_newdb.sys_trace_xe_event_map
2025-10-06 17:44:52,653 - INFO - Cleaned up system table: localhostSQL2019_Second_newdb.sys_trace_xe_action_map
2025-10-06 17:44:52,666 - INFO - === Starting INCREMENTAL sync for database: newdb ===
2025-10-06 17:44:52,678 - INFO - [INCR SYNC] sys.trace_xe_action_map: row_count=22, sync_col=None, last_value=None
2025-10-06 17:44:52,682 - INFO - [INCR SYNC] sys.trace_xe_event_map: row_count=139, sync_col=None, last_value=None
2025-10-06 17:44:52,684 - INFO - === INCREMENTAL sync completed for newdb, 2/2 tables processed ===
2025-10-06 17:44:52,687 - INFO - MSSQLSERVER/newdb: processed 2 tables
2025-10-06 17:44:52,689 - INFO - Cleaned up system table: localhostSQL2019_Second_Saad1.sys_trace_xe_event_map
2025-10-06 17:44:52,690 - INFO - Cleaned up system table: localhostSQL2019_Second_Saad1.sys_trace_xe_action_map
2025-10-06 17:44:52,701 - INFO - === Starting INCREMENTAL sync for database: Saad1 ===
2025-10-06 17:44:52,871 - INFO - [INCR SYNC] dbo.Employees: row_count=0, sync_col=EmployeeID, last_value=None
2025-10-06 17:44:52,897 - INFO - [INCR SYNC] dbo.Employees: row_count=0, sync_col=EmployeeID, last_value=None
2025-10-06 17:44:53,113 - INFO - Schema 'localhostSQL2019_Second_Saad1' created/verified successfully
2025-10-06 17:44:53,117 - INFO - Schema 'localhostSQL2019_Second_Saad1' created/verified successfully
2025-10-06 17:44:53,161 - INFO - Last value is None for dbo.Employees, using hash-based deduplication
2025-10-06 17:44:53,161 - INFO - Last value is None for dbo.Employees, using hash-based deduplication
2025-10-06 17:44:53,167 - INFO - Table dbo.Employees is empty, but schema ensured in PostgreSQL
2025-10-06 17:44:53,168 - INFO - Table dbo.Employees is empty, but schema ensured in PostgreSQL
2025-10-06 17:44:53,344 - INFO - [INCR SYNC] sys.trace_xe_action_map: row_count=22, sync_col=None, last_value=None
2025-10-06 17:44:53,344 - INFO - [INCR SYNC] sys.trace_xe_action_map: row_count=22, sync_col=None, last_value=None
2025-10-06 17:44:53,521 - INFO - [INCR SYNC] sys.trace_xe_event_map: row_count=139, sync_col=None, last_value=None
2025-10-06 17:44:53,523 - INFO - === INCREMENTAL sync completed for Saad1, 3/3 tables processed ===
2025-10-06 17:44:53,523 - INFO - [INCR SYNC] sys.trace_xe_event_map: row_count=139, sync_col=None, last_value=None
2025-10-06 17:44:53,524 - INFO - === INCREMENTAL sync completed for Saad1, 3/3 tables processed ===
2025-10-06 17:44:53,526 - INFO - MSSQLSERVER/Saad1: processed 3 tables
2025-10-06 17:44:53,526 - INFO - MSSQLSERVER/Saad1: processed 3 tables
2025-10-06 17:44:53,528 - INFO - Cleaned up system table: localhostSQL2019_Second_saadtest.sys_trace_xe_event_map
2025-10-06 17:44:53,528 - INFO - Cleaned up system table: localhostSQL2019_Second_saadtest.sys_trace_xe_event_map
2025-10-06 17:44:53,528 - INFO - Cleaned up system table: localhostSQL2019_Second_saadtest.sys_trace_xe_action_map
2025-10-06 17:44:53,529 - INFO - Cleaned up system table: localhostSQL2019_Second_saadtest.sys_trace_xe_action_map
2025-10-06 17:44:53,563 - INFO - === Starting INCREMENTAL sync for database: saadtest ===
2025-10-06 17:44:53,563 - INFO - === Starting INCREMENTAL sync for database: saadtest ===
2025-10-06 17:44:53,884 - INFO - [INCR SYNC] dbo.Employees: row_count=7, sync_col=EmployeeID, last_value=None
2025-10-06 17:44:53,884 - INFO - [INCR SYNC] dbo.Employees: row_count=7, sync_col=EmployeeID, last_value=None
2025-10-06 17:44:54,026 - INFO - Schema 'localhostSQL2019_Second_saadtest' created/verified successfully
2025-10-06 17:44:54,027 - INFO - Schema 'localhostSQL2019_Second_saadtest' created/verified successfully
2025-10-06 17:44:54,033 - INFO - Last value is None for dbo.Employees, using hash-based deduplication
2025-10-06 17:44:54,035 - INFO - Last value is None for dbo.Employees, using hash-based deduplication
2025-10-06 17:44:54,053 - INFO - No new rows found for dbo.Employees
2025-10-06 17:44:54,053 - INFO - No new rows found for dbo.Employees
2025-10-06 17:44:54,239 - INFO - [INCR SYNC] sys.trace_xe_action_map: row_count=22, sync_col=None, last_value=None
2025-10-06 17:44:54,243 - INFO - [INCR SYNC] sys.trace_xe_action_map: row_count=22, sync_col=None, last_value=None
2025-10-06 17:44:54,420 - INFO - [INCR SYNC] sys.trace_xe_event_map: row_count=139, sync_col=None, last_value=None
2025-10-06 17:44:54,421 - INFO - === INCREMENTAL sync completed for saadtest, 3/3 tables processed ===
2025-10-06 17:44:54,421 - INFO - [INCR SYNC] sys.trace_xe_event_map: row_count=139, sync_col=None, last_value=None
2025-10-06 17:44:54,422 - INFO - === INCREMENTAL sync completed for saadtest, 3/3 tables processed ===
2025-10-06 17:44:54,423 - INFO - MSSQLSERVER/saadtest: processed 3 tables
2025-10-06 17:44:54,423 - INFO - MSSQLSERVER/saadtest: processed 3 tables
2025-10-06 17:44:54,424 - INFO - Cleaned up system table: localhostSQL2019_Second_SampleDB.sys_trace_xe_event_map
2025-10-06 17:44:54,424 - INFO - Cleaned up system table: localhostSQL2019_Second_SampleDB.sys_trace_xe_event_map
2025-10-06 17:44:54,424 - INFO - Cleaned up system table: localhostSQL2019_Second_SampleDB.sys_trace_xe_action_map
2025-10-06 17:44:54,425 - INFO - Cleaned up system table: localhostSQL2019_Second_SampleDB.sys_trace_xe_action_map
2025-10-06 17:44:54,461 - INFO - === Starting INCREMENTAL sync for database: SampleDB ===
2025-10-06 17:44:54,463 - INFO - === Starting INCREMENTAL sync for database: SampleDB ===
2025-10-06 17:44:54,773 - INFO - [INCR SYNC] dbo.Employees: row_count=5, sync_col=EmployeeID, last_value=None
2025-10-06 17:44:54,773 - INFO - [INCR SYNC] dbo.Employees: row_count=5, sync_col=EmployeeID, last_value=None
2025-10-06 17:44:54,907 - INFO - Schema 'localhostSQL2019_Second_SampleDB' created/verified successfully
2025-10-06 17:44:54,909 - INFO - Schema 'localhostSQL2019_Second_SampleDB' created/verified successfully
2025-10-06 17:44:54,914 - INFO - Last value is None for dbo.Employees, using hash-based deduplication
2025-10-06 17:44:54,918 - INFO - Last value is None for dbo.Employees, using hash-based deduplication
2025-10-06 17:44:54,925 - INFO - No new rows found for dbo.Employees
2025-10-06 17:44:54,926 - INFO - No new rows found for dbo.Employees
2025-10-06 17:44:55,118 - INFO - [INCR SYNC] sys.trace_xe_action_map: row_count=22, sync_col=None, last_value=None
2025-10-06 17:44:55,119 - INFO - [INCR SYNC] sys.trace_xe_action_map: row_count=22, sync_col=None, last_value=None
2025-10-06 17:44:55,300 - INFO - [INCR SYNC] sys.trace_xe_event_map: row_count=139, sync_col=None, last_value=None
2025-10-06 17:44:55,301 - INFO - === INCREMENTAL sync completed for SampleDB, 3/3 tables processed ===
2025-10-06 17:44:55,302 - INFO - === INCREMENTAL sync completed for SampleDB, 3/3 tables processed ===
2025-10-06 17:44:55,304 - INFO - MSSQLSERVER/SampleDB: processed 3 tables
2025-10-06 17:44:55,304 - INFO - MSSQLSERVER/SampleDB: processed 3 tables
2025-10-06 17:44:55,306 - INFO - Cleaned up system table: localhostSQL2019_Second_SampleDB1.sys_trace_xe_event_map
2025-10-06 17:44:55,307 - INFO - Cleaned up system table: localhostSQL2019_Second_SampleDB1.sys_trace_xe_action_map
2025-10-06 17:44:55,350 - INFO - === Starting INCREMENTAL sync for database: SampleDB1 ===
2025-10-06 17:44:55,350 - INFO - === Starting INCREMENTAL sync for database: SampleDB1 ===
2025-10-06 17:44:55,651 - INFO - [INCR SYNC] dbo.Employees: row_count=5, sync_col=EmployeeID, last_value=None
2025-10-06 17:44:55,652 - INFO - [INCR SYNC] dbo.Employees: row_count=5, sync_col=EmployeeID, last_value=None
2025-10-06 17:44:55,797 - INFO - Schema 'localhostSQL2019_Second_SampleDB1' created/verified successfully
2025-10-06 17:44:55,798 - INFO - Schema 'localhostSQL2019_Second_SampleDB1' created/verified successfully
2025-10-06 17:44:55,806 - INFO - Last value is None for dbo.Employees, using hash-based deduplication
2025-10-06 17:44:55,808 - INFO - Last value is None for dbo.Employees, using hash-based deduplication
2025-10-06 17:44:55,815 - INFO - No new rows found for dbo.Employees
2025-10-06 17:44:55,817 - INFO - No new rows found for dbo.Employees
2025-10-06 17:44:56,007 - INFO - [INCR SYNC] sys.trace_xe_action_map: row_count=22, sync_col=None, last_value=None
2025-10-06 17:44:56,008 - INFO - [INCR SYNC] sys.trace_xe_action_map: row_count=22, sync_col=None, last_value=None
2025-10-06 17:44:56,205 - INFO - [INCR SYNC] sys.trace_xe_event_map: row_count=139, sync_col=None, last_value=None
2025-10-06 17:44:56,205 - INFO - [INCR SYNC] sys.trace_xe_event_map: row_count=139, sync_col=None, last_value=None
2025-10-06 17:44:56,206 - INFO - === INCREMENTAL sync completed for SampleDB1, 3/3 tables processed ===
2025-10-06 17:44:56,206 - INFO - === INCREMENTAL sync completed for SampleDB1, 3/3 tables processed ===
2025-10-06 17:44:56,207 - INFO - MSSQLSERVER/SampleDB1: processed 3 tables
2025-10-06 17:44:56,207 - INFO - MSSQLSERVER/SampleDB1: processed 3 tables
2025-10-06 17:44:56,209 - INFO - Cleaned up system table: localhostSQL2019_Second_SampleDB2.sys_trace_xe_event_map
2025-10-06 17:44:56,209 - INFO - Cleaned up system table: localhostSQL2019_Second_SampleDB2.sys_trace_xe_event_map
2025-10-06 17:44:56,209 - INFO - Cleaned up system table: localhostSQL2019_Second_SampleDB2.sys_trace_xe_action_map
2025-10-06 17:44:56,209 - INFO - Cleaned up system table: localhostSQL2019_Second_SampleDB2.sys_trace_xe_action_map
2025-10-06 17:44:56,248 - INFO - === Starting INCREMENTAL sync for database: SampleDB2 ===
2025-10-06 17:44:56,249 - INFO - === Starting INCREMENTAL sync for database: SampleDB2 ===
2025-10-06 17:44:56,577 - INFO - [INCR SYNC] dbo.Employees: row_count=5, sync_col=EmployeeID, last_value=None
2025-10-06 17:44:56,577 - INFO - [INCR SYNC] dbo.Employees: row_count=5, sync_col=EmployeeID, last_value=None
2025-10-06 17:44:56,705 - INFO - Schema 'localhostSQL2019_Second_SampleDB2' created/verified successfully
2025-10-06 17:44:56,706 - INFO - Schema 'localhostSQL2019_Second_SampleDB2' created/verified successfully
2025-10-06 17:44:56,714 - INFO - Last value is None for dbo.Employees, using hash-based deduplication
2025-10-06 17:44:56,727 - INFO - No new rows found for dbo.Employees
2025-10-06 17:44:56,773 - INFO - Last value is None for dbo.Employees, using hash-based deduplication
2025-10-06 17:44:56,783 - INFO - No new rows found for dbo.Employees
2025-10-06 17:44:56,887 - INFO - [INCR SYNC] sys.trace_xe_action_map: row_count=22, sync_col=None, last_value=None
2025-10-06 17:44:56,910 - INFO - [INCR SYNC] sys.trace_xe_action_map: row_count=22, sync_col=None, last_value=None
2025-10-06 17:44:57,076 - INFO - [INCR SYNC] sys.trace_xe_event_map: row_count=139, sync_col=None, last_value=None
2025-10-06 17:44:57,077 - INFO - === INCREMENTAL sync completed for SampleDB2, 3/3 tables processed ===
2025-10-06 17:44:57,079 - INFO - MSSQLSERVER/SampleDB2: processed 3 tables
2025-10-06 17:44:57,080 - INFO - Cleaned up system table: localhostSQL2019_Second_SampleDB20.sys_trace_xe_event_map
2025-10-06 17:44:57,080 - INFO - Cleaned up system table: localhostSQL2019_Second_SampleDB20.sys_trace_xe_action_map
2025-10-06 17:44:57,089 - INFO - [INCR SYNC] sys.trace_xe_event_map: row_count=139, sync_col=None, last_value=None
2025-10-06 17:44:57,089 - INFO - === INCREMENTAL sync completed for SampleDB2, 3/3 tables processed ===
2025-10-06 17:44:57,090 - INFO - MSSQLSERVER/SampleDB2: processed 3 tables
2025-10-06 17:44:57,092 - INFO - Cleaned up system table: localhostSQL2019_Second_SampleDB20.sys_trace_xe_event_map
2025-10-06 17:44:57,092 - INFO - Cleaned up system table: localhostSQL2019_Second_SampleDB20.sys_trace_xe_action_map
2025-10-06 17:44:57,117 - INFO - === Starting INCREMENTAL sync for database: SampleDB20 ===
2025-10-06 17:44:57,117 - INFO - === Starting INCREMENTAL sync for database: SampleDB20 ===
2025-10-06 17:44:57,631 - INFO - [INCR SYNC] dbo.Customers: row_count=5, sync_col=CustomerID, last_value=None
2025-10-06 17:44:57,660 - INFO - [INCR SYNC] dbo.Customers: row_count=5, sync_col=CustomerID, last_value=None
2025-10-06 17:44:59,325 - INFO - Schema 'localhostSQL2019_Second_SampleDB20' created/verified successfully
2025-10-06 17:44:59,356 - INFO - Schema 'localhostSQL2019_Second_SampleDB20' created/verified successfully
2025-10-06 17:44:59,771 - INFO - Last value is None for dbo.Customers, using hash-based deduplication
2025-10-06 17:44:59,796 - INFO - Last value is None for dbo.Customers, using hash-based deduplication
2025-10-06 17:44:59,827 - INFO - No new rows found for dbo.Customers
2025-10-06 17:44:59,828 - INFO - No new rows found for dbo.Customers
2025-10-06 17:45:00,297 - INFO - [INCR SYNC] sys.trace_xe_action_map: row_count=22, sync_col=None, last_value=None
2025-10-06 17:45:00,327 - INFO - [INCR SYNC] sys.trace_xe_action_map: row_count=22, sync_col=None, last_value=None
2025-10-06 17:45:00,725 - INFO - [INCR SYNC] sys.trace_xe_event_map: row_count=139, sync_col=None, last_value=None
2025-10-06 17:45:00,726 - INFO - === INCREMENTAL sync completed for SampleDB20, 3/3 tables processed ===
2025-10-06 17:45:00,731 - INFO - MSSQLSERVER/SampleDB20: processed 3 tables
2025-10-06 17:45:00,736 - INFO - Cleaned up system table: localhostSQL2019_Second_SampleDB21.sys_trace_xe_event_map
2025-10-06 17:45:00,738 - INFO - Cleaned up system table: localhostSQL2019_Second_SampleDB21.sys_trace_xe_action_map
2025-10-06 17:45:00,760 - INFO - [INCR SYNC] sys.trace_xe_event_map: row_count=139, sync_col=None, last_value=None
2025-10-06 17:45:00,760 - INFO - === INCREMENTAL sync completed for SampleDB20, 3/3 tables processed ===
2025-10-06 17:45:00,764 - INFO - MSSQLSERVER/SampleDB20: processed 3 tables
2025-10-06 17:45:00,767 - INFO - Cleaned up system table: localhostSQL2019_Second_SampleDB21.sys_trace_xe_event_map
2025-10-06 17:45:00,771 - INFO - Cleaned up system table: localhostSQL2019_Second_SampleDB21.sys_trace_xe_action_map
2025-10-06 17:45:00,982 - INFO - === Starting INCREMENTAL sync for database: SampleDB21 ===
2025-10-06 17:45:00,993 - INFO - === Starting INCREMENTAL sync for database: SampleDB21 ===
2025-10-06 17:45:02,123 - INFO - [INCR SYNC] dbo.Customers: row_count=5, sync_col=CustomerID, last_value=None
2025-10-06 17:45:02,153 - INFO - [INCR SYNC] dbo.Customers: row_count=5, sync_col=CustomerID, last_value=None
2025-10-06 17:45:02,370 - INFO - Schema 'localhostSQL2019_Second_SampleDB21' created/verified successfully
2025-10-06 17:45:02,370 - INFO - Schema 'localhostSQL2019_Second_SampleDB21' created/verified successfully
2025-10-06 17:45:02,585 - INFO - Last value is None for dbo.Customers, using hash-based deduplication
2025-10-06 17:45:02,586 - INFO - Last value is None for dbo.Customers, using hash-based deduplication
2025-10-06 17:45:02,598 - INFO - No new rows found for dbo.Customers
2025-10-06 17:45:02,599 - INFO - No new rows found for dbo.Customers
2025-10-06 17:45:02,766 - INFO - [INCR SYNC] sys.trace_xe_action_map: row_count=22, sync_col=None, last_value=None
2025-10-06 17:45:02,766 - INFO - [INCR SYNC] sys.trace_xe_action_map: row_count=22, sync_col=None, last_value=None
2025-10-06 17:45:02,944 - INFO - [INCR SYNC] sys.trace_xe_event_map: row_count=139, sync_col=None, last_value=None
2025-10-06 17:45:02,944 - INFO - [INCR SYNC] sys.trace_xe_event_map: row_count=139, sync_col=None, last_value=None
2025-10-06 17:45:02,945 - INFO - === INCREMENTAL sync completed for SampleDB21, 3/3 tables processed ===
2025-10-06 17:45:02,946 - INFO - === INCREMENTAL sync completed for SampleDB21, 3/3 tables processed ===
2025-10-06 17:45:02,947 - INFO - MSSQLSERVER/SampleDB21: processed 3 tables
2025-10-06 17:45:02,947 - INFO - MSSQLSERVER/SampleDB21: processed 3 tables
2025-10-06 17:45:02,949 - INFO - Cleaned up system table: localhostSQL2019_Second_SampleDB3.sys_trace_xe_event_map
2025-10-06 17:45:02,949 - INFO - Cleaned up system table: localhostSQL2019_Second_SampleDB3.sys_trace_xe_event_map
2025-10-06 17:45:02,950 - INFO - Cleaned up system table: localhostSQL2019_Second_SampleDB3.sys_trace_xe_action_map
2025-10-06 17:45:02,950 - INFO - Cleaned up system table: localhostSQL2019_Second_SampleDB3.sys_trace_xe_action_map
2025-10-06 17:45:02,992 - INFO - === Starting INCREMENTAL sync for database: SampleDB3 ===
2025-10-06 17:45:02,992 - INFO - === Starting INCREMENTAL sync for database: SampleDB3 ===
2025-10-06 17:45:03,320 - INFO - [INCR SYNC] dbo.Employees: row_count=5, sync_col=EmployeeID, last_value=None
2025-10-06 17:45:03,320 - INFO - [INCR SYNC] dbo.Employees: row_count=5, sync_col=EmployeeID, last_value=None
2025-10-06 17:45:03,465 - INFO - Schema 'localhostSQL2019_Second_SampleDB3' created/verified successfully
2025-10-06 17:45:03,468 - INFO - Schema 'localhostSQL2019_Second_SampleDB3' created/verified successfully
2025-10-06 17:45:03,474 - INFO - Last value is None for dbo.Employees, using hash-based deduplication
2025-10-06 17:45:03,476 - INFO - Last value is None for dbo.Employees, using hash-based deduplication
2025-10-06 17:45:03,483 - INFO - No new rows found for dbo.Employees
2025-10-06 17:45:03,485 - INFO - No new rows found for dbo.Employees
2025-10-06 17:45:03,666 - INFO - [INCR SYNC] sys.trace_xe_action_map: row_count=22, sync_col=None, last_value=None
2025-10-06 17:45:03,667 - INFO - [INCR SYNC] sys.trace_xe_action_map: row_count=22, sync_col=None, last_value=None
2025-10-06 17:45:03,825 - INFO - [INCR SYNC] sys.trace_xe_event_map: row_count=139, sync_col=None, last_value=None
2025-10-06 17:45:03,825 - INFO - [INCR SYNC] sys.trace_xe_event_map: row_count=139, sync_col=None, last_value=None
2025-10-06 17:45:03,826 - INFO - === INCREMENTAL sync completed for SampleDB3, 3/3 tables processed ===
2025-10-06 17:45:03,826 - INFO - === INCREMENTAL sync completed for SampleDB3, 3/3 tables processed ===
2025-10-06 17:45:03,831 - INFO - MSSQLSERVER/SampleDB3: processed 3 tables
2025-10-06 17:45:03,831 - INFO - MSSQLSERVER/SampleDB3: processed 3 tables
2025-10-06 17:45:03,833 - INFO - Completed MSSQLSERVER
2025-10-06 17:47:12,831 - INFO - [REQ] GET /sync/server1 - 127.0.0.1
2025-10-06 17:47:12,844 - INFO - [AUTH] Authenticated access: admin (admin) to /sync/server1
2025-10-06 17:47:12,933 - INFO - Sync tracking table created/verified
2025-10-06 17:47:13,003 - INFO - Connected to SQL Server: 192.168.18.51
2025-10-06 17:47:13,166 - INFO - Found 6 databases on 192.168.18.51
2025-10-06 17:47:13,168 - INFO - Cleaned up system table: 1921681851_hel.sys_trace_xe_event_map
2025-10-06 17:47:13,169 - INFO - Cleaned up system table: 1921681851_hel.sys_trace_xe_action_map
2025-10-06 17:47:13,289 - INFO - === Starting INCREMENTAL sync for database: hel ===
2025-10-06 17:47:13,925 - INFO - [INCR SYNC] dbo.hel2et: row_count=10, sync_col=HelmetId, last_value=None
2025-10-06 17:47:14,287 - INFO - Schema '1921681851_hel' created/verified successfully
2025-10-06 17:47:14,698 - INFO - Last value is None for dbo.hel2et, using hash-based deduplication
2025-10-06 17:47:14,768 - INFO - No new rows found for dbo.hel2et
2025-10-06 17:47:15,163 - INFO - [INCR SYNC] dbo.helmet: row_count=10, sync_col=HelmetId, last_value=None
2025-10-06 17:47:15,276 - INFO - Schema '1921681851_hel' created/verified successfully
2025-10-06 17:47:15,639 - INFO - Last value is None for dbo.helmet, using hash-based deduplication
2025-10-06 17:47:15,700 - INFO - No new rows found for dbo.helmet
2025-10-06 17:47:16,007 - INFO - [INCR SYNC] dbo.stock_items1: row_count=10, sync_col=id, last_value=None
2025-10-06 17:47:16,077 - INFO - Schema '1921681851_hel' created/verified successfully
2025-10-06 17:47:16,111 - INFO - Last value is None for dbo.stock_items1, using hash-based deduplication
2025-10-06 17:47:16,157 - INFO - No new rows found for dbo.stock_items1
2025-10-06 17:47:16,437 - INFO - [INCR SYNC] dbo.stock_items2: row_count=10, sync_col=id, last_value=None
2025-10-06 17:47:16,513 - INFO - Schema '1921681851_hel' created/verified successfully
2025-10-06 17:47:16,547 - INFO - Last value is None for dbo.stock_items2, using hash-based deduplication
2025-10-06 17:47:16,596 - INFO - No new rows found for dbo.stock_items2
2025-10-06 17:47:16,848 - INFO - [INCR SYNC] dbo.stock_items3: row_count=10, sync_col=id, last_value=None
2025-10-06 17:47:16,913 - INFO - Schema '1921681851_hel' created/verified successfully
2025-10-06 17:47:16,951 - INFO - Last value is None for dbo.stock_items3, using hash-based deduplication
2025-10-06 17:47:16,992 - INFO - No new rows found for dbo.stock_items3
2025-10-06 17:47:17,272 - INFO - [INCR SYNC] dbo.stock_items4: row_count=10, sync_col=id, last_value=None
2025-10-06 17:47:17,353 - INFO - Schema '1921681851_hel' created/verified successfully
2025-10-06 17:47:17,386 - INFO - Last value is None for dbo.stock_items4, using hash-based deduplication
2025-10-06 17:47:17,423 - INFO - No new rows found for dbo.stock_items4
2025-10-06 17:47:17,694 - INFO - [INCR SYNC] dbo.stock_items5: row_count=10, sync_col=id, last_value=None
2025-10-06 17:47:17,779 - INFO - Schema '1921681851_hel' created/verified successfully
2025-10-06 17:47:17,817 - INFO - Last value is None for dbo.stock_items5, using hash-based deduplication
2025-10-06 17:47:17,848 - INFO - No new rows found for dbo.stock_items5
2025-10-06 17:47:18,111 - INFO - [INCR SYNC] dbo.stock_items6: row_count=10, sync_col=id, last_value=None
2025-10-06 17:47:18,188 - INFO - Schema '1921681851_hel' created/verified successfully
2025-10-06 17:47:18,227 - INFO - Last value is None for dbo.stock_items6, using hash-based deduplication
2025-10-06 17:47:18,264 - INFO - No new rows found for dbo.stock_items6
2025-10-06 17:47:18,546 - INFO - [INCR SYNC] sys.trace_xe_action_map: row_count=22, sync_col=None, last_value=None
2025-10-06 17:47:18,822 - INFO - [INCR SYNC] sys.trace_xe_event_map: row_count=139, sync_col=None, last_value=None
2025-10-06 17:47:18,823 - INFO - === INCREMENTAL sync completed for hel, 10/10 tables processed ===
2025-10-06 17:47:18,829 - INFO - server1/hel: processed 10 tables
2025-10-06 17:47:18,848 - INFO - Cleaned up system table: 1921681851_saad1.sys_trace_xe_event_map
2025-10-06 17:47:18,849 - INFO - Cleaned up system table: 1921681851_saad1.sys_trace_xe_action_map
2025-10-06 17:47:18,896 - INFO - === Starting INCREMENTAL sync for database: saad1 ===
2025-10-06 17:47:19,362 - INFO - [INCR SYNC] dbo.stock_items6: row_count=10, sync_col=id, last_value=None
2025-10-06 17:47:19,639 - INFO - Schema '1921681851_saad1' created/verified successfully
2025-10-06 17:47:19,676 - INFO - Last value is None for dbo.stock_items6, using hash-based deduplication
2025-10-06 17:47:19,735 - INFO - No new rows found for dbo.stock_items6
2025-10-06 17:47:20,028 - INFO - [INCR SYNC] sys.trace_xe_action_map: row_count=22, sync_col=None, last_value=None
2025-10-06 17:47:20,282 - INFO - [INCR SYNC] sys.trace_xe_event_map: row_count=139, sync_col=None, last_value=None
2025-10-06 17:47:20,284 - INFO - === INCREMENTAL sync completed for saad1, 3/3 tables processed ===
2025-10-06 17:47:20,292 - INFO - server1/saad1: processed 3 tables
2025-10-06 17:47:20,309 - INFO - Cleaned up system table: 1921681851_SampleDB3.sys_trace_xe_event_map
2025-10-06 17:47:20,310 - INFO - Cleaned up system table: 1921681851_SampleDB3.sys_trace_xe_action_map
2025-10-06 17:47:20,417 - INFO - === Starting INCREMENTAL sync for database: SampleDB3 ===
2025-10-06 17:47:20,894 - INFO - [INCR SYNC] dbo.Employees: row_count=5, sync_col=EmployeeID, last_value=None
2025-10-06 17:47:21,166 - INFO - Schema '1921681851_SampleDB3' created/verified successfully
2025-10-06 17:47:21,210 - INFO - Last value is None for dbo.Employees, using hash-based deduplication
2025-10-06 17:47:21,242 - INFO - No new rows found for dbo.Employees
2025-10-06 17:47:21,525 - INFO - [INCR SYNC] sys.trace_xe_action_map: row_count=22, sync_col=None, last_value=None
2025-10-06 17:47:21,809 - INFO - [INCR SYNC] sys.trace_xe_event_map: row_count=139, sync_col=None, last_value=None
2025-10-06 17:47:21,810 - INFO - === INCREMENTAL sync completed for SampleDB3, 3/3 tables processed ===
2025-10-06 17:47:21,817 - INFO - server1/SampleDB3: processed 3 tables
2025-10-06 17:47:21,843 - INFO - Cleaned up system table: 1921681851_SampleDB4.sys_trace_xe_event_map
2025-10-06 17:47:21,845 - INFO - Cleaned up system table: 1921681851_SampleDB4.sys_trace_xe_action_map
2025-10-06 17:47:21,933 - INFO - === Starting INCREMENTAL sync for database: SampleDB4 ===
2025-10-06 17:47:22,394 - INFO - [INCR SYNC] dbo.Employees: row_count=5, sync_col=EmployeeID, last_value=None
2025-10-06 17:47:22,641 - INFO - Schema '1921681851_SampleDB4' created/verified successfully
2025-10-06 17:47:22,680 - INFO - Last value is None for dbo.Employees, using hash-based deduplication
2025-10-06 17:47:22,734 - INFO - No new rows found for dbo.Employees
2025-10-06 17:47:22,999 - INFO - [INCR SYNC] sys.trace_xe_action_map: row_count=22, sync_col=None, last_value=None
2025-10-06 17:47:23,283 - INFO - [INCR SYNC] sys.trace_xe_event_map: row_count=139, sync_col=None, last_value=None
2025-10-06 17:47:23,286 - INFO - === INCREMENTAL sync completed for SampleDB4, 3/3 tables processed ===
2025-10-06 17:47:23,293 - INFO - server1/SampleDB4: processed 3 tables
2025-10-06 17:47:23,312 - INFO - Cleaned up system table: 1921681851_SampleDB5.sys_trace_xe_event_map
2025-10-06 17:47:23,314 - INFO - Cleaned up system table: 1921681851_SampleDB5.sys_trace_xe_action_map
2025-10-06 17:47:23,414 - INFO - === Starting INCREMENTAL sync for database: SampleDB5 ===
2025-10-06 17:47:23,869 - INFO - [INCR SYNC] dbo.Employees: row_count=5, sync_col=EmployeeID, last_value=None
2025-10-06 17:47:24,152 - INFO - Schema '1921681851_SampleDB5' created/verified successfully
2025-10-06 17:47:24,189 - INFO - Last value is None for dbo.Employees, using hash-based deduplication
2025-10-06 17:47:24,227 - INFO - No new rows found for dbo.Employees
2025-10-06 17:47:24,512 - INFO - [INCR SYNC] sys.trace_xe_action_map: row_count=22, sync_col=None, last_value=None
2025-10-06 17:47:24,773 - INFO - [INCR SYNC] sys.trace_xe_event_map: row_count=139, sync_col=None, last_value=None
2025-10-06 17:47:24,776 - INFO - === INCREMENTAL sync completed for SampleDB5, 3/3 tables processed ===
2025-10-06 17:47:24,779 - INFO - server1/SampleDB5: processed 3 tables
2025-10-06 17:47:24,802 - INFO - Cleaned up system table: 1921681851_Vikas.sys_trace_xe_event_map
2025-10-06 17:47:24,805 - INFO - Cleaned up system table: 1921681851_Vikas.sys_trace_xe_action_map
2025-10-06 17:47:24,852 - INFO - === Starting INCREMENTAL sync for database: Vikas ===
2025-10-06 17:47:25,294 - INFO - [INCR SYNC] dbo.stock_items6: row_count=10, sync_col=id, last_value=None
2025-10-06 17:47:25,579 - INFO - Schema '1921681851_Vikas' created/verified successfully
2025-10-06 17:47:25,618 - INFO - Last value is None for dbo.stock_items6, using hash-based deduplication
2025-10-06 17:47:25,651 - INFO - No new rows found for dbo.stock_items6
2025-10-06 17:47:25,919 - INFO - [INCR SYNC] dbo.Table_1: row_count=0, sync_col=None, last_value=None
2025-10-06 17:47:25,983 - INFO - Schema '1921681851_Vikas' created/verified successfully
2025-10-06 17:47:26,043 - INFO - Table dbo.Table_1 is empty, but schema ensured in PostgreSQL
2025-10-06 17:47:26,300 - INFO - [INCR SYNC] sys.trace_xe_action_map: row_count=22, sync_col=None, last_value=None
2025-10-06 17:47:26,562 - INFO - [INCR SYNC] sys.trace_xe_event_map: row_count=139, sync_col=None, last_value=None
2025-10-06 17:47:26,564 - INFO - === INCREMENTAL sync completed for Vikas, 4/4 tables processed ===
2025-10-06 17:47:26,569 - INFO - server1/Vikas: processed 4 tables
2025-10-06 17:47:26,591 - INFO - Completed server1
2025-10-06 17:47:26,635 - INFO - [RESP] GET /sync/server1 - 302
2025-10-06 17:47:26,636 - INFO - 127.0.0.1 - - [06/Oct/2025 17:47:26] "[32mGET /sync/server1 HTTP/1.1[0m" 302 -
2025-10-06 17:47:26,641 - INFO - [REQ] GET / - 127.0.0.1
2025-10-06 17:47:26,645 - INFO - [AUTH] Authenticated access: admin (admin) to /
2025-10-06 17:47:26,645 - INFO - [HOME] Homepage accessed by user: admin
2025-10-06 17:47:26,647 - INFO - [INFO] Loaded 1 SQL servers for display
2025-10-06 17:47:26,648 - INFO - [RESP] GET / - 200
2025-10-06 17:47:26,649 - INFO - 127.0.0.1 - - [06/Oct/2025 17:47:26] "GET / HTTP/1.1" 200 -
2025-10-06 17:55:04,514 - INFO - Sync tracking table created/verified
2025-10-06 17:55:04,542 - INFO - Connected to SQL Server: localhost\SQL2019_Second
2025-10-06 17:55:04,547 - INFO - Sync tracking table created/verified
2025-10-06 17:55:04,581 - INFO - Connected to SQL Server: localhost\SQL2019_Second
2025-10-06 17:55:04,638 - INFO - Found 9 databases on localhost\SQL2019_Second
2025-10-06 17:55:04,642 - INFO - Cleaned up system table: localhostSQL2019_Second_newdb.sys_trace_xe_event_map
2025-10-06 17:55:04,643 - INFO - Found 9 databases on localhost\SQL2019_Second
2025-10-06 17:55:04,644 - INFO - Cleaned up system table: localhostSQL2019_Second_newdb.sys_trace_xe_action_map
2025-10-06 17:55:04,646 - INFO - Cleaned up system table: localhostSQL2019_Second_newdb.sys_trace_xe_event_map
2025-10-06 17:55:04,649 - INFO - Cleaned up system table: localhostSQL2019_Second_newdb.sys_trace_xe_action_map
2025-10-06 17:55:04,663 - INFO - === Starting INCREMENTAL sync for database: newdb ===
2025-10-06 17:55:04,668 - INFO - === Starting INCREMENTAL sync for database: newdb ===
2025-10-06 17:55:05,041 - INFO - [INCR SYNC] sys.trace_xe_action_map: row_count=22, sync_col=None, last_value=None
2025-10-06 17:55:05,042 - INFO - [INCR SYNC] sys.trace_xe_action_map: row_count=22, sync_col=None, last_value=None
2025-10-06 17:55:05,228 - INFO - [INCR SYNC] sys.trace_xe_event_map: row_count=139, sync_col=None, last_value=None
2025-10-06 17:55:05,229 - INFO - [INCR SYNC] sys.trace_xe_event_map: row_count=139, sync_col=None, last_value=None
2025-10-06 17:55:05,230 - INFO - === INCREMENTAL sync completed for newdb, 2/2 tables processed ===
2025-10-06 17:55:05,230 - INFO - === INCREMENTAL sync completed for newdb, 2/2 tables processed ===
2025-10-06 17:55:05,239 - INFO - MSSQLSERVER/newdb: processed 2 tables
2025-10-06 17:55:05,239 - INFO - MSSQLSERVER/newdb: processed 2 tables
2025-10-06 17:55:05,243 - INFO - Cleaned up system table: localhostSQL2019_Second_Saad1.sys_trace_xe_event_map
2025-10-06 17:55:05,244 - INFO - Cleaned up system table: localhostSQL2019_Second_Saad1.sys_trace_xe_event_map
2025-10-06 17:55:05,248 - INFO - Cleaned up system table: localhostSQL2019_Second_Saad1.sys_trace_xe_action_map
2025-10-06 17:55:05,250 - INFO - Cleaned up system table: localhostSQL2019_Second_Saad1.sys_trace_xe_action_map
2025-10-06 17:55:05,260 - INFO - === Starting INCREMENTAL sync for database: Saad1 ===
2025-10-06 17:55:05,260 - INFO - === Starting INCREMENTAL sync for database: Saad1 ===
2025-10-06 17:55:05,599 - INFO - [INCR SYNC] dbo.Employees: row_count=0, sync_col=EmployeeID, last_value=None
2025-10-06 17:55:05,599 - INFO - [INCR SYNC] dbo.Employees: row_count=0, sync_col=EmployeeID, last_value=None
2025-10-06 17:55:05,770 - INFO - Schema 'localhostSQL2019_Second_Saad1' created/verified successfully
2025-10-06 17:55:05,773 - INFO - Schema 'localhostSQL2019_Second_Saad1' created/verified successfully
2025-10-06 17:55:05,816 - INFO - Last value is None for dbo.Employees, using hash-based deduplication
2025-10-06 17:55:05,821 - INFO - Last value is None for dbo.Employees, using hash-based deduplication
2025-10-06 17:55:05,827 - INFO - Table dbo.Employees is empty, but schema ensured in PostgreSQL
2025-10-06 17:55:05,830 - INFO - Table dbo.Employees is empty, but schema ensured in PostgreSQL
2025-10-06 17:55:06,026 - INFO - [INCR SYNC] sys.trace_xe_action_map: row_count=22, sync_col=None, last_value=None
2025-10-06 17:55:06,026 - INFO - [INCR SYNC] sys.trace_xe_action_map: row_count=22, sync_col=None, last_value=None
2025-10-06 17:55:06,211 - INFO - [INCR SYNC] sys.trace_xe_event_map: row_count=139, sync_col=None, last_value=None
2025-10-06 17:55:06,213 - INFO - [INCR SYNC] sys.trace_xe_event_map: row_count=139, sync_col=None, last_value=None
2025-10-06 17:55:06,213 - INFO - === INCREMENTAL sync completed for Saad1, 3/3 tables processed ===
2025-10-06 17:55:06,214 - INFO - === INCREMENTAL sync completed for Saad1, 3/3 tables processed ===
2025-10-06 17:55:06,220 - INFO - MSSQLSERVER/Saad1: processed 3 tables
2025-10-06 17:55:06,222 - INFO - MSSQLSERVER/Saad1: processed 3 tables
2025-10-06 17:55:06,227 - INFO - Cleaned up system table: localhostSQL2019_Second_saadtest.sys_trace_xe_event_map
2025-10-06 17:55:06,228 - INFO - Cleaned up system table: localhostSQL2019_Second_saadtest.sys_trace_xe_event_map
2025-10-06 17:55:06,232 - INFO - Cleaned up system table: localhostSQL2019_Second_saadtest.sys_trace_xe_action_map
2025-10-06 17:55:06,232 - INFO - Cleaned up system table: localhostSQL2019_Second_saadtest.sys_trace_xe_action_map
2025-10-06 17:55:06,243 - INFO - === Starting INCREMENTAL sync for database: saadtest ===
2025-10-06 17:55:06,244 - INFO - === Starting INCREMENTAL sync for database: saadtest ===
2025-10-06 17:55:06,585 - INFO - [INCR SYNC] dbo.Employees: row_count=7, sync_col=EmployeeID, last_value=None
2025-10-06 17:55:06,586 - INFO - [INCR SYNC] dbo.Employees: row_count=7, sync_col=EmployeeID, last_value=None
2025-10-06 17:55:06,741 - INFO - Schema 'localhostSQL2019_Second_saadtest' created/verified successfully
2025-10-06 17:55:06,741 - INFO - Schema 'localhostSQL2019_Second_saadtest' created/verified successfully
2025-10-06 17:55:06,758 - INFO - Last value is None for dbo.Employees, using hash-based deduplication
2025-10-06 17:55:06,760 - INFO - Last value is None for dbo.Employees, using hash-based deduplication
2025-10-06 17:55:06,779 - INFO - No new rows found for dbo.Employees
2025-10-06 17:55:06,782 - INFO - No new rows found for dbo.Employees
2025-10-06 17:55:06,971 - INFO - [INCR SYNC] sys.trace_xe_action_map: row_count=22, sync_col=None, last_value=None
2025-10-06 17:55:06,971 - INFO - [INCR SYNC] sys.trace_xe_action_map: row_count=22, sync_col=None, last_value=None
2025-10-06 17:55:07,162 - INFO - [INCR SYNC] sys.trace_xe_event_map: row_count=139, sync_col=None, last_value=None
2025-10-06 17:55:07,164 - INFO - === INCREMENTAL sync completed for saadtest, 3/3 tables processed ===
2025-10-06 17:55:07,167 - INFO - [INCR SYNC] sys.trace_xe_event_map: row_count=139, sync_col=None, last_value=None
2025-10-06 17:55:07,170 - INFO - MSSQLSERVER/saadtest: processed 3 tables
2025-10-06 17:55:07,174 - INFO - === INCREMENTAL sync completed for saadtest, 3/3 tables processed ===
2025-10-06 17:55:07,178 - INFO - Cleaned up system table: localhostSQL2019_Second_SampleDB.sys_trace_xe_event_map
2025-10-06 17:55:07,179 - INFO - MSSQLSERVER/saadtest: processed 3 tables
2025-10-06 17:55:07,181 - INFO - Cleaned up system table: localhostSQL2019_Second_SampleDB.sys_trace_xe_action_map
2025-10-06 17:55:07,186 - INFO - Cleaned up system table: localhostSQL2019_Second_SampleDB.sys_trace_xe_event_map
2025-10-06 17:55:07,188 - INFO - Cleaned up system table: localhostSQL2019_Second_SampleDB.sys_trace_xe_action_map
2025-10-06 17:55:07,196 - INFO - === Starting INCREMENTAL sync for database: SampleDB ===
2025-10-06 17:55:07,206 - INFO - === Starting INCREMENTAL sync for database: SampleDB ===
2025-10-06 17:55:07,538 - INFO - [INCR SYNC] dbo.Employees: row_count=5, sync_col=EmployeeID, last_value=None
2025-10-06 17:55:07,539 - INFO - [INCR SYNC] dbo.Employees: row_count=5, sync_col=EmployeeID, last_value=None
2025-10-06 17:55:07,694 - INFO - Schema 'localhostSQL2019_Second_SampleDB' created/verified successfully
2025-10-06 17:55:07,695 - INFO - Schema 'localhostSQL2019_Second_SampleDB' created/verified successfully
2025-10-06 17:55:07,710 - INFO - Last value is None for dbo.Employees, using hash-based deduplication
2025-10-06 17:55:07,715 - INFO - Last value is None for dbo.Employees, using hash-based deduplication
2025-10-06 17:55:07,728 - INFO - No new rows found for dbo.Employees
2025-10-06 17:55:07,736 - INFO - No new rows found for dbo.Employees
2025-10-06 17:55:07,926 - INFO - [INCR SYNC] sys.trace_xe_action_map: row_count=22, sync_col=None, last_value=None
2025-10-06 17:55:07,931 - INFO - [INCR SYNC] sys.trace_xe_action_map: row_count=22, sync_col=None, last_value=None
2025-10-06 17:55:08,117 - INFO - [INCR SYNC] sys.trace_xe_event_map: row_count=139, sync_col=None, last_value=None
2025-10-06 17:55:08,117 - INFO - [INCR SYNC] sys.trace_xe_event_map: row_count=139, sync_col=None, last_value=None
2025-10-06 17:55:08,118 - INFO - === INCREMENTAL sync completed for SampleDB, 3/3 tables processed ===
2025-10-06 17:55:08,119 - INFO - === INCREMENTAL sync completed for SampleDB, 3/3 tables processed ===
2025-10-06 17:55:08,121 - INFO - MSSQLSERVER/SampleDB: processed 3 tables
2025-10-06 17:55:08,123 - INFO - MSSQLSERVER/SampleDB: processed 3 tables
2025-10-06 17:55:08,128 - INFO - Cleaned up system table: localhostSQL2019_Second_SampleDB1.sys_trace_xe_event_map
2025-10-06 17:55:08,130 - INFO - Cleaned up system table: localhostSQL2019_Second_SampleDB1.sys_trace_xe_event_map
2025-10-06 17:55:08,130 - INFO - Cleaned up system table: localhostSQL2019_Second_SampleDB1.sys_trace_xe_action_map
2025-10-06 17:55:08,133 - INFO - Cleaned up system table: localhostSQL2019_Second_SampleDB1.sys_trace_xe_action_map
2025-10-06 17:55:08,148 - INFO - === Starting INCREMENTAL sync for database: SampleDB1 ===
2025-10-06 17:55:08,149 - INFO - === Starting INCREMENTAL sync for database: SampleDB1 ===
2025-10-06 17:55:08,483 - INFO - [INCR SYNC] dbo.Employees: row_count=5, sync_col=EmployeeID, last_value=None
2025-10-06 17:55:08,483 - INFO - [INCR SYNC] dbo.Employees: row_count=5, sync_col=EmployeeID, last_value=None
2025-10-06 17:55:08,626 - INFO - Schema 'localhostSQL2019_Second_SampleDB1' created/verified successfully
2025-10-06 17:55:08,627 - INFO - Schema 'localhostSQL2019_Second_SampleDB1' created/verified successfully
2025-10-06 17:55:08,643 - INFO - Last value is None for dbo.Employees, using hash-based deduplication
2025-10-06 17:55:08,649 - INFO - Last value is None for dbo.Employees, using hash-based deduplication
2025-10-06 17:55:08,664 - INFO - No new rows found for dbo.Employees
2025-10-06 17:55:08,667 - INFO - No new rows found for dbo.Employees
2025-10-06 17:55:08,858 - INFO - [INCR SYNC] sys.trace_xe_action_map: row_count=22, sync_col=None, last_value=None
2025-10-06 17:55:08,860 - INFO - [INCR SYNC] sys.trace_xe_action_map: row_count=22, sync_col=None, last_value=None
2025-10-06 17:55:09,050 - INFO - [INCR SYNC] sys.trace_xe_event_map: row_count=139, sync_col=None, last_value=None
2025-10-06 17:55:09,051 - INFO - [INCR SYNC] sys.trace_xe_event_map: row_count=139, sync_col=None, last_value=None
2025-10-06 17:55:09,052 - INFO - === INCREMENTAL sync completed for SampleDB1, 3/3 tables processed ===
2025-10-06 17:55:09,054 - INFO - === INCREMENTAL sync completed for SampleDB1, 3/3 tables processed ===
2025-10-06 17:55:09,058 - INFO - MSSQLSERVER/SampleDB1: processed 3 tables
2025-10-06 17:55:09,062 - INFO - MSSQLSERVER/SampleDB1: processed 3 tables
2025-10-06 17:55:09,068 - INFO - Cleaned up system table: localhostSQL2019_Second_SampleDB2.sys_trace_xe_event_map
2025-10-06 17:55:09,069 - INFO - Cleaned up system table: localhostSQL2019_Second_SampleDB2.sys_trace_xe_event_map
2025-10-06 17:55:09,070 - INFO - Cleaned up system table: localhostSQL2019_Second_SampleDB2.sys_trace_xe_action_map
2025-10-06 17:55:09,074 - INFO - Cleaned up system table: localhostSQL2019_Second_SampleDB2.sys_trace_xe_action_map
2025-10-06 17:55:09,085 - INFO - === Starting INCREMENTAL sync for database: SampleDB2 ===
2025-10-06 17:55:09,086 - INFO - === Starting INCREMENTAL sync for database: SampleDB2 ===
2025-10-06 17:55:09,437 - INFO - [INCR SYNC] dbo.Employees: row_count=5, sync_col=EmployeeID, last_value=None
2025-10-06 17:55:09,438 - INFO - [INCR SYNC] dbo.Employees: row_count=5, sync_col=EmployeeID, last_value=None
2025-10-06 17:55:09,583 - INFO - Schema 'localhostSQL2019_Second_SampleDB2' created/verified successfully
2025-10-06 17:55:09,584 - INFO - Schema 'localhostSQL2019_Second_SampleDB2' created/verified successfully
2025-10-06 17:55:09,597 - INFO - Last value is None for dbo.Employees, using hash-based deduplication
2025-10-06 17:55:09,598 - INFO - Last value is None for dbo.Employees, using hash-based deduplication
2025-10-06 17:55:09,617 - INFO - No new rows found for dbo.Employees
2025-10-06 17:55:09,617 - INFO - No new rows found for dbo.Employees
2025-10-06 17:55:09,812 - INFO - [INCR SYNC] sys.trace_xe_action_map: row_count=22, sync_col=None, last_value=None
2025-10-06 17:55:09,812 - INFO - [INCR SYNC] sys.trace_xe_action_map: row_count=22, sync_col=None, last_value=None
2025-10-06 17:55:10,059 - INFO - [INCR SYNC] sys.trace_xe_event_map: row_count=139, sync_col=None, last_value=None
2025-10-06 17:55:10,060 - INFO - === INCREMENTAL sync completed for SampleDB2, 3/3 tables processed ===
2025-10-06 17:55:10,060 - INFO - === INCREMENTAL sync completed for SampleDB2, 3/3 tables processed ===
2025-10-06 17:55:10,062 - INFO - MSSQLSERVER/SampleDB2: processed 3 tables
2025-10-06 17:55:10,063 - INFO - MSSQLSERVER/SampleDB2: processed 3 tables
2025-10-06 17:55:10,067 - INFO - Cleaned up system table: localhostSQL2019_Second_SampleDB20.sys_trace_xe_event_map
2025-10-06 17:55:10,067 - INFO - Cleaned up system table: localhostSQL2019_Second_SampleDB20.sys_trace_xe_event_map
2025-10-06 17:55:10,071 - INFO - Cleaned up system table: localhostSQL2019_Second_SampleDB20.sys_trace_xe_action_map
2025-10-06 17:55:10,072 - INFO - Cleaned up system table: localhostSQL2019_Second_SampleDB20.sys_trace_xe_action_map
2025-10-06 17:55:10,082 - INFO - === Starting INCREMENTAL sync for database: SampleDB20 ===
2025-10-06 17:55:10,083 - INFO - === Starting INCREMENTAL sync for database: SampleDB20 ===
2025-10-06 17:55:10,416 - INFO - [INCR SYNC] dbo.Customers: row_count=5, sync_col=CustomerID, last_value=None
2025-10-06 17:55:10,563 - INFO - Schema 'localhostSQL2019_Second_SampleDB20' created/verified successfully
2025-10-06 17:55:10,580 - INFO - Last value is None for dbo.Customers, using hash-based deduplication
2025-10-06 17:55:10,581 - INFO - Last value is None for dbo.Customers, using hash-based deduplication
2025-10-06 17:55:10,602 - INFO - No new rows found for dbo.Customers
2025-10-06 17:55:10,605 - INFO - No new rows found for dbo.Customers
2025-10-06 17:55:10,810 - INFO - [INCR SYNC] sys.trace_xe_action_map: row_count=22, sync_col=None, last_value=None
2025-10-06 17:55:10,814 - INFO - [INCR SYNC] sys.trace_xe_action_map: row_count=22, sync_col=None, last_value=None
2025-10-06 17:55:11,001 - INFO - [INCR SYNC] sys.trace_xe_event_map: row_count=139, sync_col=None, last_value=None
2025-10-06 17:55:11,002 - INFO - [INCR SYNC] sys.trace_xe_event_map: row_count=139, sync_col=None, last_value=None
2025-10-06 17:55:11,004 - INFO - === INCREMENTAL sync completed for SampleDB20, 3/3 tables processed ===
2025-10-06 17:55:11,004 - INFO - === INCREMENTAL sync completed for SampleDB20, 3/3 tables processed ===
2025-10-06 17:55:11,007 - INFO - MSSQLSERVER/SampleDB20: processed 3 tables
2025-10-06 17:55:11,007 - INFO - MSSQLSERVER/SampleDB20: processed 3 tables
2025-10-06 17:55:11,011 - INFO - Cleaned up system table: localhostSQL2019_Second_SampleDB21.sys_trace_xe_event_map
2025-10-06 17:55:11,011 - INFO - Cleaned up system table: localhostSQL2019_Second_SampleDB21.sys_trace_xe_event_map
2025-10-06 17:55:11,014 - INFO - Cleaned up system table: localhostSQL2019_Second_SampleDB21.sys_trace_xe_action_map
2025-10-06 17:55:11,014 - INFO - Cleaned up system table: localhostSQL2019_Second_SampleDB21.sys_trace_xe_action_map
2025-10-06 17:55:11,028 - INFO - === Starting INCREMENTAL sync for database: SampleDB21 ===
2025-10-06 17:55:11,029 - INFO - === Starting INCREMENTAL sync for database: SampleDB21 ===
2025-10-06 17:55:11,454 - INFO - [INCR SYNC] dbo.Customers: row_count=5, sync_col=CustomerID, last_value=None
2025-10-06 17:55:11,455 - INFO - [INCR SYNC] dbo.Customers: row_count=5, sync_col=CustomerID, last_value=None
2025-10-06 17:55:11,606 - INFO - Schema 'localhostSQL2019_Second_SampleDB21' created/verified successfully
2025-10-06 17:55:11,607 - INFO - Schema 'localhostSQL2019_Second_SampleDB21' created/verified successfully
2025-10-06 17:55:11,622 - INFO - Last value is None for dbo.Customers, using hash-based deduplication
2025-10-06 17:55:11,631 - INFO - Last value is None for dbo.Customers, using hash-based deduplication
2025-10-06 17:55:11,649 - INFO - No new rows found for dbo.Customers
2025-10-06 17:55:11,652 - INFO - No new rows found for dbo.Customers
2025-10-06 17:55:11,839 - INFO - [INCR SYNC] sys.trace_xe_action_map: row_count=22, sync_col=None, last_value=None
2025-10-06 17:55:11,842 - INFO - [INCR SYNC] sys.trace_xe_action_map: row_count=22, sync_col=None, last_value=None
2025-10-06 17:55:12,029 - INFO - [INCR SYNC] sys.trace_xe_event_map: row_count=139, sync_col=None, last_value=None
2025-10-06 17:55:12,031 - INFO - === INCREMENTAL sync completed for SampleDB21, 3/3 tables processed ===
2025-10-06 17:55:12,033 - INFO - [INCR SYNC] sys.trace_xe_event_map: row_count=139, sync_col=None, last_value=None
2025-10-06 17:55:12,033 - INFO - MSSQLSERVER/SampleDB21: processed 3 tables
2025-10-06 17:55:12,035 - INFO - === INCREMENTAL sync completed for SampleDB21, 3/3 tables processed ===
2025-10-06 17:55:12,042 - INFO - MSSQLSERVER/SampleDB21: processed 3 tables
2025-10-06 17:55:12,043 - INFO - Cleaned up system table: localhostSQL2019_Second_SampleDB3.sys_trace_xe_event_map
2025-10-06 17:55:12,047 - INFO - Cleaned up system table: localhostSQL2019_Second_SampleDB3.sys_trace_xe_action_map
2025-10-06 17:55:12,047 - INFO - Cleaned up system table: localhostSQL2019_Second_SampleDB3.sys_trace_xe_event_map
2025-10-06 17:55:12,050 - INFO - Cleaned up system table: localhostSQL2019_Second_SampleDB3.sys_trace_xe_action_map
2025-10-06 17:55:12,057 - INFO - === Starting INCREMENTAL sync for database: SampleDB3 ===
2025-10-06 17:55:12,060 - INFO - === Starting INCREMENTAL sync for database: SampleDB3 ===
2025-10-06 17:55:12,397 - INFO - [INCR SYNC] dbo.Employees: row_count=5, sync_col=EmployeeID, last_value=None
2025-10-06 17:55:12,542 - INFO - Schema 'localhostSQL2019_Second_SampleDB3' created/verified successfully
2025-10-06 17:55:12,542 - INFO - Schema 'localhostSQL2019_Second_SampleDB3' created/verified successfully
2025-10-06 17:55:12,558 - INFO - Last value is None for dbo.Employees, using hash-based deduplication
2025-10-06 17:55:12,562 - INFO - Last value is None for dbo.Employees, using hash-based deduplication
2025-10-06 17:55:12,581 - INFO - No new rows found for dbo.Employees
2025-10-06 17:55:12,582 - INFO - No new rows found for dbo.Employees
2025-10-06 17:55:12,774 - INFO - [INCR SYNC] sys.trace_xe_action_map: row_count=22, sync_col=None, last_value=None
2025-10-06 17:55:12,774 - INFO - [INCR SYNC] sys.trace_xe_action_map: row_count=22, sync_col=None, last_value=None
2025-10-06 17:55:12,967 - INFO - [INCR SYNC] sys.trace_xe_event_map: row_count=139, sync_col=None, last_value=None
2025-10-06 17:55:12,968 - INFO - [INCR SYNC] sys.trace_xe_event_map: row_count=139, sync_col=None, last_value=None
2025-10-06 17:55:12,969 - INFO - === INCREMENTAL sync completed for SampleDB3, 3/3 tables processed ===
2025-10-06 17:55:12,971 - INFO - === INCREMENTAL sync completed for SampleDB3, 3/3 tables processed ===
2025-10-06 17:55:12,979 - INFO - MSSQLSERVER/SampleDB3: processed 3 tables
2025-10-06 17:55:12,979 - INFO - MSSQLSERVER/SampleDB3: processed 3 tables
2025-10-06 17:55:12,984 - INFO - Completed MSSQLSERVER
2025-10-06 17:55:12,985 - INFO - Completed MSSQLSERVER
2025-10-06 18:45:40,032 - INFO - Sync tracking table created/verified
2025-10-06 18:45:40,268 - INFO - Sync tracking table created/verified
2025-10-06 18:45:40,383 - INFO - Connected to SQL Server: localhost\SQL2019_Second
2025-10-06 18:45:40,532 - INFO - Connected to SQL Server: localhost\SQL2019_Second
2025-10-06 18:45:40,782 - INFO - Found 9 databases on localhost\SQL2019_Second
2025-10-06 18:45:40,796 - INFO - Found 9 databases on localhost\SQL2019_Second
2025-10-06 18:45:40,821 - INFO - Cleaned up system table: localhostSQL2019_Second_newdb.sys_trace_xe_event_map
2025-10-06 18:45:40,844 - INFO - Cleaned up system table: localhostSQL2019_Second_newdb.sys_trace_xe_action_map
2025-10-06 18:45:40,849 - INFO - Cleaned up system table: localhostSQL2019_Second_newdb.sys_trace_xe_event_map
2025-10-06 18:45:40,857 - INFO - Cleaned up system table: localhostSQL2019_Second_newdb.sys_trace_xe_action_map
2025-10-06 18:45:41,037 - INFO - === Starting INCREMENTAL sync for database: newdb ===
2025-10-06 18:45:41,039 - INFO - === Starting INCREMENTAL sync for database: newdb ===
2025-10-06 18:45:41,745 - INFO - [INCR SYNC] sys.trace_xe_action_map: row_count=22, sync_col=None, last_value=None
2025-10-06 18:45:41,746 - INFO - [INCR SYNC] sys.trace_xe_action_map: row_count=22, sync_col=None, last_value=None
2025-10-06 18:45:41,994 - INFO - [INCR SYNC] sys.trace_xe_event_map: row_count=139, sync_col=None, last_value=None
2025-10-06 18:45:41,996 - INFO - === INCREMENTAL sync completed for newdb, 2/2 tables processed ===
2025-10-06 18:45:41,999 - INFO - [INCR SYNC] sys.trace_xe_event_map: row_count=139, sync_col=None, last_value=None
2025-10-06 18:45:42,000 - INFO - === INCREMENTAL sync completed for newdb, 2/2 tables processed ===
2025-10-06 18:45:42,025 - INFO - MSSQLSERVER/newdb: processed 2 tables
2025-10-06 18:45:42,027 - INFO - MSSQLSERVER/newdb: processed 2 tables
2025-10-06 18:45:42,030 - INFO - Cleaned up system table: localhostSQL2019_Second_Saad1.sys_trace_xe_event_map
2025-10-06 18:45:42,030 - INFO - Cleaned up system table: localhostSQL2019_Second_Saad1.sys_trace_xe_event_map
2025-10-06 18:45:42,033 - INFO - Cleaned up system table: localhostSQL2019_Second_Saad1.sys_trace_xe_action_map
2025-10-06 18:45:42,047 - INFO - === Starting INCREMENTAL sync for database: Saad1 ===
2025-10-06 18:45:42,048 - INFO - === Starting INCREMENTAL sync for database: Saad1 ===
2025-10-06 18:45:42,433 - INFO - [INCR SYNC] dbo.Employees: row_count=0, sync_col=EmployeeID, last_value=None
2025-10-06 18:45:42,434 - INFO - [INCR SYNC] dbo.Employees: row_count=0, sync_col=EmployeeID, last_value=None
2025-10-06 18:45:42,640 - INFO - Schema 'localhostSQL2019_Second_Saad1' created/verified successfully
2025-10-06 18:45:42,640 - INFO - Schema 'localhostSQL2019_Second_Saad1' created/verified successfully
2025-10-06 18:45:42,708 - INFO - Last value is None for dbo.Employees, using hash-based deduplication
2025-10-06 18:45:42,713 - INFO - Last value is None for dbo.Employees, using hash-based deduplication
2025-10-06 18:45:42,717 - INFO - Table dbo.Employees is empty, but schema ensured in PostgreSQL
2025-10-06 18:45:42,722 - INFO - Table dbo.Employees is empty, but schema ensured in PostgreSQL
2025-10-06 18:45:42,970 - INFO - [INCR SYNC] sys.trace_xe_action_map: row_count=22, sync_col=None, last_value=None
2025-10-06 18:45:42,970 - INFO - [INCR SYNC] sys.trace_xe_action_map: row_count=22, sync_col=None, last_value=None
2025-10-06 18:45:43,187 - INFO - [INCR SYNC] sys.trace_xe_event_map: row_count=139, sync_col=None, last_value=None
2025-10-06 18:45:43,187 - INFO - [INCR SYNC] sys.trace_xe_event_map: row_count=139, sync_col=None, last_value=None
2025-10-06 18:45:43,189 - INFO - === INCREMENTAL sync completed for Saad1, 3/3 tables processed ===
2025-10-06 18:45:43,189 - INFO - === INCREMENTAL sync completed for Saad1, 3/3 tables processed ===
2025-10-06 18:45:43,192 - INFO - MSSQLSERVER/Saad1: processed 3 tables
2025-10-06 18:45:43,193 - INFO - MSSQLSERVER/Saad1: processed 3 tables
2025-10-06 18:45:43,198 - INFO - Cleaned up system table: localhostSQL2019_Second_saadtest.sys_trace_xe_event_map
2025-10-06 18:45:43,200 - INFO - Cleaned up system table: localhostSQL2019_Second_saadtest.sys_trace_xe_event_map
2025-10-06 18:45:43,202 - INFO - Cleaned up system table: localhostSQL2019_Second_saadtest.sys_trace_xe_action_map
2025-10-06 18:45:43,203 - INFO - Cleaned up system table: localhostSQL2019_Second_saadtest.sys_trace_xe_action_map
2025-10-06 18:45:43,214 - INFO - === Starting INCREMENTAL sync for database: saadtest ===
2025-10-06 18:45:43,215 - INFO - === Starting INCREMENTAL sync for database: saadtest ===
2025-10-06 22:06:42,262 - INFO - [INCR SYNC] dbo.Employees: row_count=7, sync_col=EmployeeID, last_value=None
2025-10-06 22:06:43,534 - INFO - Schema 'localhostSQL2019_Second_saadtest' created/verified successfully
2025-10-06 22:06:43,541 - INFO - Schema 'localhostSQL2019_Second_saadtest' created/verified successfully
2025-10-06 22:06:43,576 - INFO - Last value is None for dbo.Employees, using hash-based deduplication
2025-10-06 22:06:43,576 - INFO - Last value is None for dbo.Employees, using hash-based deduplication
2025-10-06 22:06:43,609 - INFO - No new rows found for dbo.Employees
2025-10-06 22:06:43,986 - INFO - No new rows found for dbo.Employees
2025-10-06 22:06:44,019 - INFO - [INCR SYNC] sys.trace_xe_action_map: row_count=22, sync_col=None, last_value=None
2025-10-06 22:06:44,126 - INFO - [INCR SYNC] sys.trace_xe_action_map: row_count=22, sync_col=None, last_value=None
2025-10-06 22:06:45,061 - INFO - [INCR SYNC] sys.trace_xe_event_map: row_count=139, sync_col=None, last_value=None
2025-10-06 22:06:45,063 - INFO - === INCREMENTAL sync completed for saadtest, 3/3 tables processed ===
2025-10-06 22:06:45,065 - INFO - MSSQLSERVER/saadtest: processed 3 tables
2025-10-06 22:06:45,068 - INFO - Cleaned up system table: localhostSQL2019_Second_SampleDB.sys_trace_xe_event_map
2025-10-06 22:06:45,070 - INFO - Cleaned up system table: localhostSQL2019_Second_SampleDB.sys_trace_xe_action_map
2025-10-06 22:06:45,089 - INFO - === Starting INCREMENTAL sync for database: SampleDB ===
2025-10-06 22:06:45,092 - INFO - [INCR SYNC] sys.trace_xe_event_map: row_count=139, sync_col=None, last_value=None
2025-10-06 22:06:45,093 - INFO - === INCREMENTAL sync completed for saadtest, 3/3 tables processed ===
2025-10-06 22:06:45,095 - INFO - MSSQLSERVER/saadtest: processed 3 tables
2025-10-06 22:06:45,102 - INFO - Cleaned up system table: localhostSQL2019_Second_SampleDB.sys_trace_xe_event_map
2025-10-06 22:06:45,104 - INFO - Cleaned up system table: localhostSQL2019_Second_SampleDB.sys_trace_xe_action_map
2025-10-06 22:06:45,116 - INFO - === Starting INCREMENTAL sync for database: SampleDB ===
2025-10-06 22:06:46,455 - INFO - [INCR SYNC] dbo.Employees: row_count=5, sync_col=EmployeeID, last_value=None
2025-10-06 22:06:46,499 - INFO - [INCR SYNC] dbo.Employees: row_count=5, sync_col=EmployeeID, last_value=None
2025-10-06 22:06:46,783 - INFO - Schema 'localhostSQL2019_Second_SampleDB' created/verified successfully
2025-10-06 22:06:46,824 - INFO - Schema 'localhostSQL2019_Second_SampleDB' created/verified successfully
2025-10-06 22:06:47,226 - INFO - Last value is None for dbo.Employees, using hash-based deduplication
2025-10-06 22:06:47,256 - INFO - Last value is None for dbo.Employees, using hash-based deduplication
2025-10-06 22:06:47,298 - INFO - No new rows found for dbo.Employees
2025-10-06 22:06:47,318 - INFO - No new rows found for dbo.Employees
2025-10-06 22:06:47,879 - INFO - [INCR SYNC] sys.trace_xe_action_map: row_count=22, sync_col=None, last_value=None
2025-10-06 22:06:47,929 - INFO - [INCR SYNC] sys.trace_xe_action_map: row_count=22, sync_col=None, last_value=None
2025-10-06 22:06:48,558 - INFO - [INCR SYNC] sys.trace_xe_event_map: row_count=139, sync_col=None, last_value=None
2025-10-06 22:06:48,560 - INFO - === INCREMENTAL sync completed for SampleDB, 3/3 tables processed ===
2025-10-06 22:06:48,563 - INFO - MSSQLSERVER/SampleDB: processed 3 tables
2025-10-06 22:06:48,570 - INFO - Cleaned up system table: localhostSQL2019_Second_SampleDB1.sys_trace_xe_event_map
2025-10-06 22:06:48,574 - INFO - Cleaned up system table: localhostSQL2019_Second_SampleDB1.sys_trace_xe_action_map
2025-10-06 22:06:48,606 - INFO - === Starting INCREMENTAL sync for database: SampleDB1 ===
2025-10-06 22:06:48,622 - INFO - [INCR SYNC] sys.trace_xe_event_map: row_count=139, sync_col=None, last_value=None
2025-10-06 22:06:48,623 - INFO - === INCREMENTAL sync completed for SampleDB, 3/3 tables processed ===
2025-10-06 22:06:48,628 - INFO - MSSQLSERVER/SampleDB: processed 3 tables
2025-10-06 22:06:48,640 - INFO - Cleaned up system table: localhostSQL2019_Second_SampleDB1.sys_trace_xe_event_map
2025-10-06 22:06:48,643 - INFO - Cleaned up system table: localhostSQL2019_Second_SampleDB1.sys_trace_xe_action_map
2025-10-06 22:06:48,662 - INFO - === Starting INCREMENTAL sync for database: SampleDB1 ===
2025-10-06 22:06:49,488 - INFO - [INCR SYNC] dbo.Employees: row_count=5, sync_col=EmployeeID, last_value=None
2025-10-06 22:06:49,560 - INFO - [INCR SYNC] dbo.Employees: row_count=5, sync_col=EmployeeID, last_value=None
2025-10-06 22:06:49,761 - INFO - Schema 'localhostSQL2019_Second_SampleDB1' created/verified successfully
2025-10-06 22:06:49,761 - INFO - Schema 'localhostSQL2019_Second_SampleDB1' created/verified successfully
2025-10-06 22:06:49,786 - INFO - Last value is None for dbo.Employees, using hash-based deduplication
2025-10-06 22:06:49,787 - INFO - Last value is None for dbo.Employees, using hash-based deduplication
2025-10-06 22:06:49,816 - INFO - No new rows found for dbo.Employees
2025-10-06 22:06:49,820 - INFO - No new rows found for dbo.Employees
2025-10-06 22:06:50,148 - INFO - [INCR SYNC] sys.trace_xe_action_map: row_count=22, sync_col=None, last_value=None
2025-10-06 22:06:50,148 - INFO - [INCR SYNC] sys.trace_xe_action_map: row_count=22, sync_col=None, last_value=None
2025-10-06 22:06:50,443 - INFO - [INCR SYNC] sys.trace_xe_event_map: row_count=139, sync_col=None, last_value=None
2025-10-06 22:06:50,444 - INFO - === INCREMENTAL sync completed for SampleDB1, 3/3 tables processed ===
2025-10-06 22:06:50,445 - INFO - [INCR SYNC] sys.trace_xe_event_map: row_count=139, sync_col=None, last_value=None
2025-10-06 22:06:50,446 - INFO - === INCREMENTAL sync completed for SampleDB1, 3/3 tables processed ===
2025-10-06 22:06:50,446 - INFO - MSSQLSERVER/SampleDB1: processed 3 tables
2025-10-06 22:06:50,448 - INFO - MSSQLSERVER/SampleDB1: processed 3 tables
2025-10-06 22:06:50,450 - INFO - Cleaned up system table: localhostSQL2019_Second_SampleDB2.sys_trace_xe_event_map
2025-10-06 22:06:50,452 - INFO - Cleaned up system table: localhostSQL2019_Second_SampleDB2.sys_trace_xe_action_map
2025-10-06 22:06:50,454 - INFO - Cleaned up system table: localhostSQL2019_Second_SampleDB2.sys_trace_xe_event_map
2025-10-06 22:06:50,457 - INFO - Cleaned up system table: localhostSQL2019_Second_SampleDB2.sys_trace_xe_action_map
2025-10-06 22:06:50,466 - INFO - === Starting INCREMENTAL sync for database: SampleDB2 ===
2025-10-06 22:06:50,470 - INFO - === Starting INCREMENTAL sync for database: SampleDB2 ===
2025-10-06 22:06:50,876 - INFO - [INCR SYNC] dbo.Employees: row_count=5, sync_col=EmployeeID, last_value=None
2025-10-06 22:06:50,878 - INFO - [INCR SYNC] dbo.Employees: row_count=5, sync_col=EmployeeID, last_value=None
2025-10-06 22:06:51,129 - INFO - Schema 'localhostSQL2019_Second_SampleDB2' created/verified successfully
2025-10-06 22:06:51,154 - INFO - Last value is None for dbo.Employees, using hash-based deduplication
2025-10-06 22:06:51,157 - INFO - Last value is None for dbo.Employees, using hash-based deduplication
2025-10-06 22:06:51,193 - INFO - No new rows found for dbo.Employees
2025-10-06 22:06:51,194 - INFO - No new rows found for dbo.Employees
2025-10-06 22:06:51,427 - INFO - [INCR SYNC] sys.trace_xe_action_map: row_count=22, sync_col=None, last_value=None
2025-10-06 22:06:51,433 - INFO - [INCR SYNC] sys.trace_xe_action_map: row_count=22, sync_col=None, last_value=None
2025-10-06 22:06:51,676 - INFO - [INCR SYNC] sys.trace_xe_event_map: row_count=139, sync_col=None, last_value=None
2025-10-06 22:06:51,676 - INFO - [INCR SYNC] sys.trace_xe_event_map: row_count=139, sync_col=None, last_value=None
2025-10-06 22:06:51,677 - INFO - === INCREMENTAL sync completed for SampleDB2, 3/3 tables processed ===
2025-10-06 22:06:51,678 - INFO - === INCREMENTAL sync completed for SampleDB2, 3/3 tables processed ===
2025-10-06 22:06:51,681 - INFO - MSSQLSERVER/SampleDB2: processed 3 tables
2025-10-06 22:06:51,681 - INFO - MSSQLSERVER/SampleDB2: processed 3 tables
2025-10-06 22:06:51,693 - INFO - Cleaned up system table: localhostSQL2019_Second_SampleDB20.sys_trace_xe_event_map
2025-10-06 22:06:51,693 - INFO - Cleaned up system table: localhostSQL2019_Second_SampleDB20.sys_trace_xe_event_map
2025-10-06 22:06:51,697 - INFO - Cleaned up system table: localhostSQL2019_Second_SampleDB20.sys_trace_xe_action_map
2025-10-06 22:06:51,697 - INFO - Cleaned up system table: localhostSQL2019_Second_SampleDB20.sys_trace_xe_action_map
2025-10-06 22:06:51,719 - INFO - === Starting INCREMENTAL sync for database: SampleDB20 ===
2025-10-06 22:06:52,174 - INFO - [INCR SYNC] dbo.Customers: row_count=5, sync_col=CustomerID, last_value=None
2025-10-06 22:06:52,175 - INFO - [INCR SYNC] dbo.Customers: row_count=5, sync_col=CustomerID, last_value=None
2025-10-06 22:06:52,390 - INFO - Schema 'localhostSQL2019_Second_SampleDB20' created/verified successfully
2025-10-06 22:06:52,391 - INFO - Schema 'localhostSQL2019_Second_SampleDB20' created/verified successfully
2025-10-06 22:06:52,420 - INFO - Last value is None for dbo.Customers, using hash-based deduplication
2025-10-06 22:06:52,421 - INFO - Last value is None for dbo.Customers, using hash-based deduplication
2025-10-06 22:06:52,461 - INFO - No new rows found for dbo.Customers
2025-10-06 22:06:52,462 - INFO - No new rows found for dbo.Customers
2025-10-06 22:06:52,735 - INFO - [INCR SYNC] sys.trace_xe_action_map: row_count=22, sync_col=None, last_value=None
2025-10-06 22:06:52,736 - INFO - [INCR SYNC] sys.trace_xe_action_map: row_count=22, sync_col=None, last_value=None
2025-10-06 22:06:53,028 - INFO - [INCR SYNC] sys.trace_xe_event_map: row_count=139, sync_col=None, last_value=None
2025-10-06 22:06:53,030 - INFO - [INCR SYNC] sys.trace_xe_event_map: row_count=139, sync_col=None, last_value=None
2025-10-06 22:06:53,030 - INFO - === INCREMENTAL sync completed for SampleDB20, 3/3 tables processed ===
2025-10-06 22:06:53,033 - INFO - === INCREMENTAL sync completed for SampleDB20, 3/3 tables processed ===
2025-10-06 22:06:53,039 - INFO - MSSQLSERVER/SampleDB20: processed 3 tables
2025-10-06 22:06:53,042 - INFO - MSSQLSERVER/SampleDB20: processed 3 tables
2025-10-06 22:06:53,058 - INFO - Cleaned up system table: localhostSQL2019_Second_SampleDB21.sys_trace_xe_event_map
2025-10-06 22:06:53,059 - INFO - Cleaned up system table: localhostSQL2019_Second_SampleDB21.sys_trace_xe_event_map
2025-10-06 22:06:53,062 - INFO - Cleaned up system table: localhostSQL2019_Second_SampleDB21.sys_trace_xe_action_map
2025-10-06 22:06:53,062 - INFO - Cleaned up system table: localhostSQL2019_Second_SampleDB21.sys_trace_xe_action_map
2025-10-06 22:06:53,082 - INFO - === Starting INCREMENTAL sync for database: SampleDB21 ===
2025-10-06 22:06:53,082 - INFO - === Starting INCREMENTAL sync for database: SampleDB21 ===
2025-10-06 22:06:53,480 - INFO - [INCR SYNC] dbo.Customers: row_count=5, sync_col=CustomerID, last_value=None
2025-10-06 22:06:53,481 - INFO - [INCR SYNC] dbo.Customers: row_count=5, sync_col=CustomerID, last_value=None
2025-10-06 22:06:53,664 - INFO - Schema 'localhostSQL2019_Second_SampleDB21' created/verified successfully
2025-10-06 22:06:53,664 - INFO - Schema 'localhostSQL2019_Second_SampleDB21' created/verified successfully
2025-10-06 22:06:53,685 - INFO - Last value is None for dbo.Customers, using hash-based deduplication
2025-10-06 22:06:53,685 - INFO - Last value is None for dbo.Customers, using hash-based deduplication
2025-10-06 22:06:53,724 - INFO - No new rows found for dbo.Customers
2025-10-06 22:06:53,731 - INFO - No new rows found for dbo.Customers
2025-10-06 22:06:54,006 - INFO - [INCR SYNC] sys.trace_xe_action_map: row_count=22, sync_col=None, last_value=None
2025-10-06 22:06:54,010 - INFO - [INCR SYNC] sys.trace_xe_action_map: row_count=22, sync_col=None, last_value=None
2025-10-06 22:06:54,278 - INFO - [INCR SYNC] sys.trace_xe_event_map: row_count=139, sync_col=None, last_value=None
2025-10-06 22:06:54,278 - INFO - [INCR SYNC] sys.trace_xe_event_map: row_count=139, sync_col=None, last_value=None
2025-10-06 22:06:54,279 - INFO - === INCREMENTAL sync completed for SampleDB21, 3/3 tables processed ===
2025-10-06 22:06:54,280 - INFO - === INCREMENTAL sync completed for SampleDB21, 3/3 tables processed ===
2025-10-06 22:06:54,283 - INFO - MSSQLSERVER/SampleDB21: processed 3 tables
2025-10-06 22:06:54,283 - INFO - MSSQLSERVER/SampleDB21: processed 3 tables
2025-10-06 22:06:54,287 - INFO - Cleaned up system table: localhostSQL2019_Second_SampleDB3.sys_trace_xe_event_map
2025-10-06 22:06:54,289 - INFO - Cleaned up system table: localhostSQL2019_Second_SampleDB3.sys_trace_xe_event_map
2025-10-06 22:06:54,291 - INFO - Cleaned up system table: localhostSQL2019_Second_SampleDB3.sys_trace_xe_action_map
2025-10-06 22:06:54,293 - INFO - Cleaned up system table: localhostSQL2019_Second_SampleDB3.sys_trace_xe_action_map
2025-10-06 22:06:54,307 - INFO - === Starting INCREMENTAL sync for database: SampleDB3 ===
2025-10-06 22:06:54,308 - INFO - === Starting INCREMENTAL sync for database: SampleDB3 ===
2025-10-06 22:06:54,727 - INFO - [INCR SYNC] dbo.Employees: row_count=5, sync_col=EmployeeID, last_value=None
2025-10-06 22:06:54,904 - INFO - Schema 'localhostSQL2019_Second_SampleDB3' created/verified successfully
2025-10-06 22:06:54,904 - INFO - Schema 'localhostSQL2019_Second_SampleDB3' created/verified successfully
2025-10-06 22:06:54,921 - INFO - Last value is None for dbo.Employees, using hash-based deduplication
2025-10-06 22:06:54,923 - INFO - Last value is None for dbo.Employees, using hash-based deduplication
2025-10-06 22:06:54,954 - INFO - No new rows found for dbo.Employees
2025-10-06 22:06:55,177 - INFO - [INCR SYNC] sys.trace_xe_action_map: row_count=22, sync_col=None, last_value=None
2025-10-06 22:06:55,185 - INFO - [INCR SYNC] sys.trace_xe_action_map: row_count=22, sync_col=None, last_value=None
2025-10-06 22:06:55,439 - INFO - [INCR SYNC] sys.trace_xe_event_map: row_count=139, sync_col=None, last_value=None
2025-10-06 22:06:55,440 - INFO - === INCREMENTAL sync completed for SampleDB3, 3/3 tables processed ===
2025-10-06 22:06:55,444 - INFO - MSSQLSERVER/SampleDB3: processed 3 tables
2025-10-06 22:06:55,446 - INFO - [INCR SYNC] sys.trace_xe_event_map: row_count=139, sync_col=None, last_value=None
2025-10-06 22:06:55,448 - INFO - === INCREMENTAL sync completed for SampleDB3, 3/3 tables processed ===
2025-10-06 22:06:55,449 - INFO - Completed MSSQLSERVER
2025-10-06 22:06:55,451 - INFO - MSSQLSERVER/SampleDB3: processed 3 tables
2025-10-06 22:06:55,454 - INFO - Completed MSSQLSERVER
2025-10-06 22:16:56,248 - INFO - Sync tracking table created/verified
2025-10-06 22:16:56,291 - INFO - Connected to SQL Server: localhost\SQL2019_Second
2025-10-06 22:16:56,363 - INFO - Found 9 databases on localhost\SQL2019_Second
2025-10-06 22:16:56,367 - INFO - Cleaned up system table: localhostSQL2019_Second_newdb.sys_trace_xe_event_map
2025-10-06 22:16:56,370 - INFO - Cleaned up system table: localhostSQL2019_Second_newdb.sys_trace_xe_action_map
2025-10-06 22:16:56,389 - INFO - === Starting INCREMENTAL sync for database: newdb ===
2025-10-06 22:16:56,436 - INFO - Sync tracking table created/verified
2025-10-06 22:16:56,468 - INFO - Connected to SQL Server: localhost\SQL2019_Second
2025-10-06 22:16:56,474 - INFO - Found 9 databases on localhost\SQL2019_Second
2025-10-06 22:16:56,482 - INFO - Cleaned up system table: localhostSQL2019_Second_newdb.sys_trace_xe_event_map
2025-10-06 22:16:56,487 - INFO - Cleaned up system table: localhostSQL2019_Second_newdb.sys_trace_xe_action_map
2025-10-06 22:16:56,507 - INFO - === Starting INCREMENTAL sync for database: newdb ===
2025-10-06 22:16:56,853 - INFO - [INCR SYNC] sys.trace_xe_action_map: row_count=22, sync_col=None, last_value=None
2025-10-06 22:16:56,854 - INFO - [INCR SYNC] sys.trace_xe_action_map: row_count=22, sync_col=None, last_value=None
2025-10-06 22:16:57,061 - INFO - [INCR SYNC] sys.trace_xe_event_map: row_count=139, sync_col=None, last_value=None
2025-10-06 22:16:57,065 - INFO - === INCREMENTAL sync completed for newdb, 2/2 tables processed ===
2025-10-06 22:16:57,070 - INFO - MSSQLSERVER/newdb: processed 2 tables
2025-10-06 22:16:57,076 - INFO - Cleaned up system table: localhostSQL2019_Second_Saad1.sys_trace_xe_event_map
2025-10-06 22:16:57,080 - INFO - Cleaned up system table: localhostSQL2019_Second_Saad1.sys_trace_xe_action_map
2025-10-06 22:16:57,090 - INFO - [INCR SYNC] sys.trace_xe_event_map: row_count=139, sync_col=None, last_value=None
2025-10-06 22:16:57,093 - INFO - === INCREMENTAL sync completed for newdb, 2/2 tables processed ===
2025-10-06 22:16:57,096 - INFO - === Starting INCREMENTAL sync for database: Saad1 ===
2025-10-06 22:16:57,099 - INFO - MSSQLSERVER/newdb: processed 2 tables
2025-10-06 22:16:57,104 - INFO - Cleaned up system table: localhostSQL2019_Second_Saad1.sys_trace_xe_event_map
2025-10-06 22:16:57,107 - INFO - Cleaned up system table: localhostSQL2019_Second_Saad1.sys_trace_xe_action_map
2025-10-06 22:16:57,121 - INFO - === Starting INCREMENTAL sync for database: Saad1 ===
2025-10-06 22:16:57,485 - INFO - [INCR SYNC] dbo.Employees: row_count=0, sync_col=EmployeeID, last_value=None
2025-10-06 22:16:57,489 - INFO - [INCR SYNC] dbo.Employees: row_count=0, sync_col=EmployeeID, last_value=None
2025-10-06 22:16:57,688 - INFO - Schema 'localhostSQL2019_Second_Saad1' created/verified successfully
2025-10-06 22:16:57,688 - INFO - Schema 'localhostSQL2019_Second_Saad1' created/verified successfully
2025-10-06 22:16:57,740 - INFO - Last value is None for dbo.Employees, using hash-based deduplication
2025-10-06 22:16:57,741 - INFO - Last value is None for dbo.Employees, using hash-based deduplication
2025-10-06 22:16:57,750 - INFO - Table dbo.Employees is empty, but schema ensured in PostgreSQL
2025-10-06 22:16:57,754 - INFO - Table dbo.Employees is empty, but schema ensured in PostgreSQL
2025-10-06 22:16:57,972 - INFO - [INCR SYNC] sys.trace_xe_action_map: row_count=22, sync_col=None, last_value=None
2025-10-06 22:16:57,972 - INFO - [INCR SYNC] sys.trace_xe_action_map: row_count=22, sync_col=None, last_value=None
2025-10-06 22:16:58,172 - INFO - [INCR SYNC] sys.trace_xe_event_map: row_count=139, sync_col=None, last_value=None
2025-10-06 22:16:58,173 - INFO - [INCR SYNC] sys.trace_xe_event_map: row_count=139, sync_col=None, last_value=None
2025-10-06 22:16:58,176 - INFO - === INCREMENTAL sync completed for Saad1, 3/3 tables processed ===
2025-10-06 22:16:58,177 - INFO - === INCREMENTAL sync completed for Saad1, 3/3 tables processed ===
2025-10-06 22:16:58,204 - INFO - MSSQLSERVER/Saad1: processed 3 tables
2025-10-06 22:16:58,206 - INFO - MSSQLSERVER/Saad1: processed 3 tables
2025-10-06 22:16:58,209 - INFO - Cleaned up system table: localhostSQL2019_Second_saadtest.sys_trace_xe_event_map
2025-10-06 22:16:58,209 - INFO - Cleaned up system table: localhostSQL2019_Second_saadtest.sys_trace_xe_event_map
2025-10-06 22:16:58,211 - INFO - Cleaned up system table: localhostSQL2019_Second_saadtest.sys_trace_xe_action_map
2025-10-06 22:16:58,211 - INFO - Cleaned up system table: localhostSQL2019_Second_saadtest.sys_trace_xe_action_map
2025-10-06 22:16:58,232 - INFO - === Starting INCREMENTAL sync for database: saadtest ===
2025-10-06 22:16:58,233 - INFO - === Starting INCREMENTAL sync for database: saadtest ===
2025-10-06 22:16:58,624 - INFO - [INCR SYNC] dbo.Employees: row_count=7, sync_col=EmployeeID, last_value=None
2025-10-06 22:16:58,624 - INFO - [INCR SYNC] dbo.Employees: row_count=7, sync_col=EmployeeID, last_value=None
2025-10-06 22:16:58,794 - INFO - Schema 'localhostSQL2019_Second_saadtest' created/verified successfully
2025-10-06 22:16:58,795 - INFO - Schema 'localhostSQL2019_Second_saadtest' created/verified successfully
2025-10-06 22:16:58,819 - INFO - Last value is None for dbo.Employees, using hash-based deduplication
2025-10-06 22:16:58,821 - INFO - Last value is None for dbo.Employees, using hash-based deduplication
2025-10-06 22:16:58,845 - INFO - No new rows found for dbo.Employees
2025-10-06 22:16:58,845 - INFO - No new rows found for dbo.Employees
2025-10-06 22:16:59,064 - INFO - [INCR SYNC] sys.trace_xe_action_map: row_count=22, sync_col=None, last_value=None
2025-10-06 22:16:59,064 - INFO - [INCR SYNC] sys.trace_xe_action_map: row_count=22, sync_col=None, last_value=None
2025-10-06 22:16:59,270 - INFO - [INCR SYNC] sys.trace_xe_event_map: row_count=139, sync_col=None, last_value=None
2025-10-06 22:16:59,271 - INFO - [INCR SYNC] sys.trace_xe_event_map: row_count=139, sync_col=None, last_value=None
2025-10-06 22:16:59,274 - INFO - === INCREMENTAL sync completed for saadtest, 3/3 tables processed ===
2025-10-06 22:16:59,274 - INFO - === INCREMENTAL sync completed for saadtest, 3/3 tables processed ===
2025-10-06 22:16:59,300 - INFO - MSSQLSERVER/saadtest: processed 3 tables
2025-10-06 22:16:59,300 - INFO - MSSQLSERVER/saadtest: processed 3 tables
2025-10-06 22:16:59,306 - INFO - Cleaned up system table: localhostSQL2019_Second_SampleDB.sys_trace_xe_event_map
2025-10-06 22:16:59,308 - INFO - Cleaned up system table: localhostSQL2019_Second_SampleDB.sys_trace_xe_event_map
2025-10-06 22:16:59,310 - INFO - Cleaned up system table: localhostSQL2019_Second_SampleDB.sys_trace_xe_action_map
2025-10-06 22:16:59,313 - INFO - Cleaned up system table: localhostSQL2019_Second_SampleDB.sys_trace_xe_action_map
2025-10-06 22:16:59,331 - INFO - === Starting INCREMENTAL sync for database: SampleDB ===
2025-10-06 22:16:59,332 - INFO - === Starting INCREMENTAL sync for database: SampleDB ===
2025-10-06 22:16:59,730 - INFO - [INCR SYNC] dbo.Employees: row_count=5, sync_col=EmployeeID, last_value=None
2025-10-06 22:16:59,732 - INFO - [INCR SYNC] dbo.Employees: row_count=5, sync_col=EmployeeID, last_value=None
2025-10-06 22:16:59,902 - INFO - Schema 'localhostSQL2019_Second_SampleDB' created/verified successfully
2025-10-06 22:16:59,924 - INFO - Last value is None for dbo.Employees, using hash-based deduplication
2025-10-06 22:16:59,929 - INFO - Last value is None for dbo.Employees, using hash-based deduplication
2025-10-06 22:16:59,951 - INFO - No new rows found for dbo.Employees
2025-10-06 22:16:59,953 - INFO - No new rows found for dbo.Employees
2025-10-06 22:17:00,162 - INFO - [INCR SYNC] sys.trace_xe_action_map: row_count=22, sync_col=None, last_value=None
2025-10-06 22:17:00,190 - INFO - [INCR SYNC] sys.trace_xe_action_map: row_count=22, sync_col=None, last_value=None
2025-10-06 22:17:00,372 - INFO - [INCR SYNC] sys.trace_xe_event_map: row_count=139, sync_col=None, last_value=None
2025-10-06 22:17:00,374 - INFO - === INCREMENTAL sync completed for SampleDB, 3/3 tables processed ===
2025-10-06 22:17:00,378 - INFO - MSSQLSERVER/SampleDB: processed 3 tables
2025-10-06 22:17:00,383 - INFO - Cleaned up system table: localhostSQL2019_Second_SampleDB1.sys_trace_xe_event_map
2025-10-06 22:17:00,387 - INFO - Cleaned up system table: localhostSQL2019_Second_SampleDB1.sys_trace_xe_action_map
2025-10-06 22:17:00,403 - INFO - === Starting INCREMENTAL sync for database: SampleDB1 ===
2025-10-06 22:17:00,416 - INFO - [INCR SYNC] sys.trace_xe_event_map: row_count=139, sync_col=None, last_value=None
2025-10-06 22:17:00,418 - INFO - === INCREMENTAL sync completed for SampleDB, 3/3 tables processed ===
2025-10-06 22:17:00,423 - INFO - MSSQLSERVER/SampleDB: processed 3 tables
2025-10-06 22:17:00,430 - INFO - Cleaned up system table: localhostSQL2019_Second_SampleDB1.sys_trace_xe_event_map
2025-10-06 22:17:00,433 - INFO - Cleaned up system table: localhostSQL2019_Second_SampleDB1.sys_trace_xe_action_map
2025-10-06 22:17:00,453 - INFO - === Starting INCREMENTAL sync for database: SampleDB1 ===
2025-10-06 22:17:00,817 - INFO - [INCR SYNC] dbo.Employees: row_count=5, sync_col=EmployeeID, last_value=None
2025-10-06 22:17:00,973 - INFO - Schema 'localhostSQL2019_Second_SampleDB1' created/verified successfully
2025-10-06 22:17:00,973 - INFO - Schema 'localhostSQL2019_Second_SampleDB1' created/verified successfully
2025-10-06 22:17:00,993 - INFO - Last value is None for dbo.Employees, using hash-based deduplication
2025-10-06 22:17:00,995 - INFO - Last value is None for dbo.Employees, using hash-based deduplication
2025-10-06 22:17:01,020 - INFO - No new rows found for dbo.Employees
2025-10-06 22:17:01,023 - INFO - No new rows found for dbo.Employees
2025-10-06 22:17:01,237 - INFO - [INCR SYNC] sys.trace_xe_action_map: row_count=22, sync_col=None, last_value=None
2025-10-06 22:17:01,442 - INFO - [INCR SYNC] sys.trace_xe_event_map: row_count=139, sync_col=None, last_value=None
2025-10-06 22:17:01,444 - INFO - === INCREMENTAL sync completed for SampleDB1, 3/3 tables processed ===
2025-10-06 22:17:01,447 - INFO - MSSQLSERVER/SampleDB1: processed 3 tables
2025-10-06 22:17:01,455 - INFO - Cleaned up system table: localhostSQL2019_Second_SampleDB2.sys_trace_xe_event_map
2025-10-06 22:17:01,458 - INFO - Cleaned up system table: localhostSQL2019_Second_SampleDB2.sys_trace_xe_action_map
2025-10-06 22:17:01,477 - INFO - === Starting INCREMENTAL sync for database: SampleDB2 ===
2025-10-06 22:17:01,486 - INFO - [INCR SYNC] sys.trace_xe_event_map: row_count=139, sync_col=None, last_value=None
2025-10-06 22:17:01,489 - INFO - === INCREMENTAL sync completed for SampleDB1, 3/3 tables processed ===
2025-10-06 22:17:01,494 - INFO - MSSQLSERVER/SampleDB1: processed 3 tables
2025-10-06 22:17:01,502 - INFO - Cleaned up system table: localhostSQL2019_Second_SampleDB2.sys_trace_xe_event_map
2025-10-06 22:17:01,504 - INFO - Cleaned up system table: localhostSQL2019_Second_SampleDB2.sys_trace_xe_action_map
2025-10-06 22:17:01,518 - INFO - === Starting INCREMENTAL sync for database: SampleDB2 ===
2025-10-06 22:17:01,887 - INFO - [INCR SYNC] dbo.Employees: row_count=5, sync_col=EmployeeID, last_value=None
2025-10-06 22:17:01,888 - INFO - [INCR SYNC] dbo.Employees: row_count=5, sync_col=EmployeeID, last_value=None
2025-10-06 22:17:02,064 - INFO - Schema 'localhostSQL2019_Second_SampleDB2' created/verified successfully
2025-10-06 22:17:02,065 - INFO - Schema 'localhostSQL2019_Second_SampleDB2' created/verified successfully
2025-10-06 22:17:02,082 - INFO - Last value is None for dbo.Employees, using hash-based deduplication
2025-10-06 22:17:02,086 - INFO - Last value is None for dbo.Employees, using hash-based deduplication
2025-10-06 22:17:02,110 - INFO - No new rows found for dbo.Employees
2025-10-06 22:17:02,113 - INFO - No new rows found for dbo.Employees
2025-10-06 22:17:02,338 - INFO - [INCR SYNC] sys.trace_xe_action_map: row_count=22, sync_col=None, last_value=None
2025-10-06 22:17:02,340 - INFO - [INCR SYNC] sys.trace_xe_action_map: row_count=22, sync_col=None, last_value=None
2025-10-06 22:17:02,547 - INFO - [INCR SYNC] sys.trace_xe_event_map: row_count=139, sync_col=None, last_value=None
2025-10-06 22:17:02,548 - INFO - === INCREMENTAL sync completed for SampleDB2, 3/3 tables processed ===
2025-10-06 22:17:02,554 - INFO - MSSQLSERVER/SampleDB2: processed 3 tables
2025-10-06 22:17:02,566 - INFO - Cleaned up system table: localhostSQL2019_Second_SampleDB20.sys_trace_xe_event_map
2025-10-06 22:17:02,572 - INFO - [INCR SYNC] sys.trace_xe_event_map: row_count=139, sync_col=None, last_value=None
2025-10-06 22:17:02,573 - INFO - Cleaned up system table: localhostSQL2019_Second_SampleDB20.sys_trace_xe_action_map
2025-10-06 22:17:02,577 - INFO - === INCREMENTAL sync completed for SampleDB2, 3/3 tables processed ===
2025-10-06 22:17:02,582 - INFO - MSSQLSERVER/SampleDB2: processed 3 tables
2025-10-06 22:17:02,606 - INFO - Cleaned up system table: localhostSQL2019_Second_SampleDB20.sys_trace_xe_event_map
2025-10-06 22:17:02,614 - INFO - Cleaned up system table: localhostSQL2019_Second_SampleDB20.sys_trace_xe_action_map
2025-10-06 22:17:02,639 - INFO - === Starting INCREMENTAL sync for database: SampleDB20 ===
2025-10-06 22:17:02,688 - INFO - === Starting INCREMENTAL sync for database: SampleDB20 ===
2025-10-06 22:17:03,102 - INFO - [INCR SYNC] dbo.Customers: row_count=5, sync_col=CustomerID, last_value=None
2025-10-06 22:17:03,102 - INFO - [INCR SYNC] dbo.Customers: row_count=5, sync_col=CustomerID, last_value=None
2025-10-06 22:17:03,255 - INFO - Schema 'localhostSQL2019_Second_SampleDB20' created/verified successfully
2025-10-06 22:17:03,255 - INFO - Schema 'localhostSQL2019_Second_SampleDB20' created/verified successfully
2025-10-06 22:17:03,272 - INFO - Last value is None for dbo.Customers, using hash-based deduplication
2025-10-06 22:17:03,274 - INFO - Last value is None for dbo.Customers, using hash-based deduplication
2025-10-06 22:17:03,302 - INFO - No new rows found for dbo.Customers
2025-10-06 22:17:03,302 - INFO - No new rows found for dbo.Customers
2025-10-06 22:17:03,513 - INFO - [INCR SYNC] sys.trace_xe_action_map: row_count=22, sync_col=None, last_value=None
2025-10-06 22:17:03,524 - INFO - [INCR SYNC] sys.trace_xe_action_map: row_count=22, sync_col=None, last_value=None
2025-10-06 22:17:03,722 - INFO - [INCR SYNC] sys.trace_xe_event_map: row_count=139, sync_col=None, last_value=None
2025-10-06 22:17:03,723 - INFO - === INCREMENTAL sync completed for SampleDB20, 3/3 tables processed ===
2025-10-06 22:17:03,723 - INFO - === INCREMENTAL sync completed for SampleDB20, 3/3 tables processed ===
2025-10-06 22:17:03,727 - INFO - MSSQLSERVER/SampleDB20: processed 3 tables
2025-10-06 22:17:03,729 - INFO - MSSQLSERVER/SampleDB20: processed 3 tables
2025-10-06 22:17:03,739 - INFO - Cleaned up system table: localhostSQL2019_Second_SampleDB21.sys_trace_xe_event_map
2025-10-06 22:17:03,739 - INFO - Cleaned up system table: localhostSQL2019_Second_SampleDB21.sys_trace_xe_event_map
2025-10-06 22:17:03,741 - INFO - Cleaned up system table: localhostSQL2019_Second_SampleDB21.sys_trace_xe_action_map
2025-10-06 22:17:03,742 - INFO - Cleaned up system table: localhostSQL2019_Second_SampleDB21.sys_trace_xe_action_map
2025-10-06 22:17:03,761 - INFO - === Starting INCREMENTAL sync for database: SampleDB21 ===
2025-10-06 22:17:03,764 - INFO - === Starting INCREMENTAL sync for database: SampleDB21 ===
2025-10-06 22:17:04,118 - INFO - [INCR SYNC] dbo.Customers: row_count=5, sync_col=CustomerID, last_value=None
2025-10-06 22:17:04,146 - INFO - [INCR SYNC] dbo.Customers: row_count=5, sync_col=CustomerID, last_value=None
2025-10-06 22:17:04,283 - INFO - Schema 'localhostSQL2019_Second_SampleDB21' created/verified successfully
2025-10-06 22:17:04,287 - INFO - Schema 'localhostSQL2019_Second_SampleDB21' created/verified successfully
2025-10-06 22:17:04,303 - INFO - Last value is None for dbo.Customers, using hash-based deduplication
2025-10-06 22:17:04,309 - INFO - Last value is None for dbo.Customers, using hash-based deduplication
2025-10-06 22:17:04,331 - INFO - No new rows found for dbo.Customers
2025-10-06 22:17:04,345 - INFO - No new rows found for dbo.Customers
2025-10-06 22:17:04,547 - INFO - [INCR SYNC] sys.trace_xe_action_map: row_count=22, sync_col=None, last_value=None
2025-10-06 22:17:04,553 - INFO - [INCR SYNC] sys.trace_xe_action_map: row_count=22, sync_col=None, last_value=None
2025-10-06 22:17:04,762 - INFO - [INCR SYNC] sys.trace_xe_event_map: row_count=139, sync_col=None, last_value=None
2025-10-06 22:17:04,764 - INFO - === INCREMENTAL sync completed for SampleDB21, 3/3 tables processed ===
2025-10-06 22:17:04,769 - INFO - [INCR SYNC] sys.trace_xe_event_map: row_count=139, sync_col=None, last_value=None
2025-10-06 22:17:04,771 - INFO - === INCREMENTAL sync completed for SampleDB21, 3/3 tables processed ===
2025-10-06 22:17:04,790 - INFO - MSSQLSERVER/SampleDB21: processed 3 tables
2025-10-06 22:17:04,791 - INFO - MSSQLSERVER/SampleDB21: processed 3 tables
2025-10-06 22:17:04,804 - INFO - Cleaned up system table: localhostSQL2019_Second_SampleDB3.sys_trace_xe_event_map
2025-10-06 22:17:04,805 - INFO - Cleaned up system table: localhostSQL2019_Second_SampleDB3.sys_trace_xe_event_map
2025-10-06 22:17:04,807 - INFO - Cleaned up system table: localhostSQL2019_Second_SampleDB3.sys_trace_xe_action_map
2025-10-06 22:17:04,810 - INFO - Cleaned up system table: localhostSQL2019_Second_SampleDB3.sys_trace_xe_action_map
2025-10-06 22:17:04,836 - INFO - === Starting INCREMENTAL sync for database: SampleDB3 ===
2025-10-06 22:17:04,836 - INFO - === Starting INCREMENTAL sync for database: SampleDB3 ===
2025-10-06 22:17:05,178 - INFO - [INCR SYNC] dbo.Employees: row_count=5, sync_col=EmployeeID, last_value=None
2025-10-06 22:17:05,345 - INFO - Schema 'localhostSQL2019_Second_SampleDB3' created/verified successfully
2025-10-06 22:17:05,350 - INFO - Schema 'localhostSQL2019_Second_SampleDB3' created/verified successfully
2025-10-06 22:17:05,370 - INFO - Last value is None for dbo.Employees, using hash-based deduplication
2025-10-06 22:17:05,374 - INFO - Last value is None for dbo.Employees, using hash-based deduplication
2025-10-06 22:17:05,399 - INFO - No new rows found for dbo.Employees
2025-10-06 22:17:05,399 - INFO - No new rows found for dbo.Employees
2025-10-06 22:17:05,624 - INFO - [INCR SYNC] sys.trace_xe_action_map: row_count=22, sync_col=None, last_value=None
2025-10-06 22:17:05,625 - INFO - [INCR SYNC] sys.trace_xe_action_map: row_count=22, sync_col=None, last_value=None
2025-10-06 22:17:05,838 - INFO - [INCR SYNC] sys.trace_xe_event_map: row_count=139, sync_col=None, last_value=None
2025-10-06 22:17:05,839 - INFO - [INCR SYNC] sys.trace_xe_event_map: row_count=139, sync_col=None, last_value=None
2025-10-06 22:17:05,842 - INFO - === INCREMENTAL sync completed for SampleDB3, 3/3 tables processed ===
2025-10-06 22:17:05,852 - INFO - === INCREMENTAL sync completed for SampleDB3, 3/3 tables processed ===
2025-10-06 22:17:05,853 - INFO - MSSQLSERVER/SampleDB3: processed 3 tables
2025-10-06 22:17:05,857 - INFO - MSSQLSERVER/SampleDB3: processed 3 tables
2025-10-06 22:17:05,861 - INFO - Completed MSSQLSERVER
2025-10-06 22:17:05,865 - INFO - Completed MSSQLSERVER
2025-10-06 22:28:48,840 - INFO - Sync tracking table created/verified
2025-10-06 22:28:49,160 - INFO - Sync tracking table created/verified
2025-10-06 22:28:49,437 - INFO - Connected to SQL Server: localhost\SQL2019_Second
2025-10-06 22:28:49,479 - INFO - Connected to SQL Server: localhost\SQL2019_Second
2025-10-06 22:28:49,814 - INFO - Found 9 databases on localhost\SQL2019_Second
2025-10-06 22:28:49,820 - INFO - Cleaned up system table: localhostSQL2019_Second_newdb.sys_trace_xe_event_map
2025-10-06 22:28:49,826 - INFO - Cleaned up system table: localhostSQL2019_Second_newdb.sys_trace_xe_action_map
2025-10-06 22:28:49,863 - INFO - Found 9 databases on localhost\SQL2019_Second
2025-10-06 22:28:49,880 - INFO - Cleaned up system table: localhostSQL2019_Second_newdb.sys_trace_xe_event_map
2025-10-06 22:28:49,885 - INFO - Cleaned up system table: localhostSQL2019_Second_newdb.sys_trace_xe_action_map
2025-10-06 22:28:49,912 - INFO - === Starting INCREMENTAL sync for database: newdb ===
2025-10-06 22:28:49,937 - INFO - === Starting INCREMENTAL sync for database: newdb ===
2025-10-06 22:28:50,673 - INFO - [INCR SYNC] sys.trace_xe_action_map: row_count=22, sync_col=None, last_value=None
2025-10-06 22:28:50,693 - INFO - [INCR SYNC] sys.trace_xe_action_map: row_count=22, sync_col=None, last_value=None
2025-10-06 22:28:50,964 - INFO - [INCR SYNC] sys.trace_xe_event_map: row_count=139, sync_col=None, last_value=None
2025-10-06 22:28:50,968 - INFO - === INCREMENTAL sync completed for newdb, 2/2 tables processed ===
2025-10-06 22:28:50,973 - INFO - MSSQLSERVER/newdb: processed 2 tables
2025-10-06 22:28:50,986 - INFO - Cleaned up system table: localhostSQL2019_Second_Saad1.sys_trace_xe_event_map
2025-10-06 22:28:50,989 - INFO - Cleaned up system table: localhostSQL2019_Second_Saad1.sys_trace_xe_action_map
2025-10-06 22:28:50,999 - INFO - [INCR SYNC] sys.trace_xe_event_map: row_count=139, sync_col=None, last_value=None
2025-10-06 22:28:51,001 - INFO - === INCREMENTAL sync completed for newdb, 2/2 tables processed ===
2025-10-06 22:28:51,003 - INFO - === Starting INCREMENTAL sync for database: Saad1 ===
2025-10-06 22:28:51,005 - INFO - MSSQLSERVER/newdb: processed 2 tables
2025-10-06 22:28:51,011 - INFO - Cleaned up system table: localhostSQL2019_Second_Saad1.sys_trace_xe_event_map
2025-10-06 22:28:51,013 - INFO - Cleaned up system table: localhostSQL2019_Second_Saad1.sys_trace_xe_action_map
2025-10-06 22:28:51,029 - INFO - === Starting INCREMENTAL sync for database: Saad1 ===
2025-10-06 22:28:51,813 - INFO - [INCR SYNC] dbo.Employees: row_count=0, sync_col=EmployeeID, last_value=None
2025-10-06 22:28:51,829 - INFO - [INCR SYNC] dbo.Employees: row_count=0, sync_col=EmployeeID, last_value=None
2025-10-06 22:28:52,312 - INFO - Schema 'localhostSQL2019_Second_Saad1' created/verified successfully
2025-10-06 22:28:52,329 - INFO - Schema 'localhostSQL2019_Second_Saad1' created/verified successfully
2025-10-06 22:28:52,561 - INFO - Last value is None for dbo.Employees, using hash-based deduplication
2025-10-06 22:28:52,577 - INFO - Last value is None for dbo.Employees, using hash-based deduplication
2025-10-06 22:28:52,593 - INFO - Table dbo.Employees is empty, but schema ensured in PostgreSQL
2025-10-06 22:28:52,613 - INFO - Table dbo.Employees is empty, but schema ensured in PostgreSQL
2025-10-06 22:28:52,818 - INFO - [INCR SYNC] sys.trace_xe_action_map: row_count=22, sync_col=None, last_value=None
2025-10-06 22:28:52,834 - INFO - [INCR SYNC] sys.trace_xe_action_map: row_count=22, sync_col=None, last_value=None
2025-10-06 22:28:53,041 - INFO - [INCR SYNC] sys.trace_xe_event_map: row_count=139, sync_col=None, last_value=None
2025-10-06 22:28:53,043 - INFO - === INCREMENTAL sync completed for Saad1, 3/3 tables processed ===
2025-10-06 22:28:53,044 - INFO - MSSQLSERVER/Saad1: processed 3 tables
2025-10-06 22:28:53,047 - INFO - Cleaned up system table: localhostSQL2019_Second_saadtest.sys_trace_xe_event_map
2025-10-06 22:28:53,049 - INFO - Cleaned up system table: localhostSQL2019_Second_saadtest.sys_trace_xe_action_map
2025-10-06 22:28:53,057 - INFO - === Starting INCREMENTAL sync for database: saadtest ===
2025-10-06 22:28:53,059 - INFO - [INCR SYNC] sys.trace_xe_event_map: row_count=139, sync_col=None, last_value=None
2025-10-06 22:28:53,060 - INFO - === INCREMENTAL sync completed for Saad1, 3/3 tables processed ===
2025-10-06 22:28:53,062 - INFO - MSSQLSERVER/Saad1: processed 3 tables
2025-10-06 22:28:53,064 - INFO - Cleaned up system table: localhostSQL2019_Second_saadtest.sys_trace_xe_event_map
2025-10-06 22:28:53,066 - INFO - Cleaned up system table: localhostSQL2019_Second_saadtest.sys_trace_xe_action_map
2025-10-06 22:28:53,073 - INFO - === Starting INCREMENTAL sync for database: saadtest ===
2025-10-06 22:28:53,416 - INFO - [INCR SYNC] dbo.Employees: row_count=7, sync_col=EmployeeID, last_value=None
2025-10-06 22:28:53,486 - INFO - [INCR SYNC] dbo.Employees: row_count=7, sync_col=EmployeeID, last_value=None
2025-10-06 22:28:53,892 - INFO - Schema 'localhostSQL2019_Second_saadtest' created/verified successfully
2025-10-06 22:28:53,949 - INFO - Schema 'localhostSQL2019_Second_saadtest' created/verified successfully
2025-10-06 22:28:54,316 - INFO - Last value is None for dbo.Employees, using hash-based deduplication
2025-10-06 22:28:54,347 - INFO - Last value is None for dbo.Employees, using hash-based deduplication
2025-10-06 22:28:54,359 - INFO - No new rows found for dbo.Employees
2025-10-06 22:28:54,384 - INFO - No new rows found for dbo.Employees
2025-10-06 22:28:54,653 - INFO - [INCR SYNC] sys.trace_xe_action_map: row_count=22, sync_col=None, last_value=None
2025-10-06 22:28:54,667 - INFO - [INCR SYNC] sys.trace_xe_action_map: row_count=22, sync_col=None, last_value=None
2025-10-06 22:28:54,933 - INFO - [INCR SYNC] sys.trace_xe_event_map: row_count=139, sync_col=None, last_value=None
2025-10-06 22:28:54,936 - INFO - === INCREMENTAL sync completed for saadtest, 3/3 tables processed ===
2025-10-06 22:28:54,941 - INFO - MSSQLSERVER/saadtest: processed 3 tables
2025-10-06 22:28:54,942 - INFO - [INCR SYNC] sys.trace_xe_event_map: row_count=139, sync_col=None, last_value=None
2025-10-06 22:28:54,944 - INFO - === INCREMENTAL sync completed for saadtest, 3/3 tables processed ===
2025-10-06 22:28:54,948 - INFO - Cleaned up system table: localhostSQL2019_Second_SampleDB.sys_trace_xe_event_map
2025-10-06 22:28:54,948 - INFO - MSSQLSERVER/saadtest: processed 3 tables
2025-10-06 22:28:54,952 - INFO - Cleaned up system table: localhostSQL2019_Second_SampleDB.sys_trace_xe_action_map
2025-10-06 22:28:54,955 - INFO - Cleaned up system table: localhostSQL2019_Second_SampleDB.sys_trace_xe_event_map
2025-10-06 22:28:54,957 - INFO - Cleaned up system table: localhostSQL2019_Second_SampleDB.sys_trace_xe_action_map
2025-10-06 22:28:54,967 - INFO - === Starting INCREMENTAL sync for database: SampleDB ===
2025-10-06 22:28:54,974 - INFO - === Starting INCREMENTAL sync for database: SampleDB ===
2025-10-06 22:28:55,511 - INFO - [INCR SYNC] dbo.Employees: row_count=5, sync_col=EmployeeID, last_value=None
2025-10-06 22:28:55,511 - INFO - [INCR SYNC] dbo.Employees: row_count=5, sync_col=EmployeeID, last_value=None
2025-10-06 22:28:55,734 - INFO - Schema 'localhostSQL2019_Second_SampleDB' created/verified successfully
2025-10-06 22:28:55,735 - INFO - Schema 'localhostSQL2019_Second_SampleDB' created/verified successfully
2025-10-06 22:28:55,761 - INFO - Last value is None for dbo.Employees, using hash-based deduplication
2025-10-06 22:28:55,763 - INFO - Last value is None for dbo.Employees, using hash-based deduplication
2025-10-06 22:28:55,800 - INFO - No new rows found for dbo.Employees
2025-10-06 22:28:55,802 - INFO - No new rows found for dbo.Employees
2025-10-06 22:28:56,078 - INFO - [INCR SYNC] sys.trace_xe_action_map: row_count=22, sync_col=None, last_value=None
2025-10-06 22:28:56,337 - INFO - [INCR SYNC] sys.trace_xe_event_map: row_count=139, sync_col=None, last_value=None
2025-10-06 22:28:56,339 - INFO - === INCREMENTAL sync completed for SampleDB, 3/3 tables processed ===
2025-10-06 22:28:56,339 - INFO - [INCR SYNC] sys.trace_xe_event_map: row_count=139, sync_col=None, last_value=None
2025-10-06 22:28:56,340 - INFO - === INCREMENTAL sync completed for SampleDB, 3/3 tables processed ===
2025-10-06 22:28:56,342 - INFO - MSSQLSERVER/SampleDB: processed 3 tables
2025-10-06 22:28:56,344 - INFO - MSSQLSERVER/SampleDB: processed 3 tables
2025-10-06 22:28:56,347 - INFO - Cleaned up system table: localhostSQL2019_Second_SampleDB1.sys_trace_xe_event_map
2025-10-06 22:28:56,349 - INFO - Cleaned up system table: localhostSQL2019_Second_SampleDB1.sys_trace_xe_event_map
2025-10-06 22:28:56,350 - INFO - Cleaned up system table: localhostSQL2019_Second_SampleDB1.sys_trace_xe_action_map
2025-10-06 22:28:56,351 - INFO - Cleaned up system table: localhostSQL2019_Second_SampleDB1.sys_trace_xe_action_map
2025-10-06 22:28:56,366 - INFO - === Starting INCREMENTAL sync for database: SampleDB1 ===
2025-10-06 22:28:56,367 - INFO - === Starting INCREMENTAL sync for database: SampleDB1 ===
2025-10-06 22:28:56,760 - INFO - [INCR SYNC] dbo.Employees: row_count=5, sync_col=EmployeeID, last_value=None
2025-10-06 22:28:56,761 - INFO - [INCR SYNC] dbo.Employees: row_count=5, sync_col=EmployeeID, last_value=None
2025-10-06 22:28:56,917 - INFO - Schema 'localhostSQL2019_Second_SampleDB1' created/verified successfully
2025-10-06 22:28:56,917 - INFO - Schema 'localhostSQL2019_Second_SampleDB1' created/verified successfully
2025-10-06 22:28:56,937 - INFO - Last value is None for dbo.Employees, using hash-based deduplication
2025-10-06 22:28:56,951 - INFO - Last value is None for dbo.Employees, using hash-based deduplication
2025-10-06 22:28:56,966 - INFO - No new rows found for dbo.Employees
2025-10-06 22:28:56,981 - INFO - No new rows found for dbo.Employees
2025-10-06 22:28:57,182 - INFO - [INCR SYNC] sys.trace_xe_action_map: row_count=22, sync_col=None, last_value=None
2025-10-06 22:28:57,194 - INFO - [INCR SYNC] sys.trace_xe_action_map: row_count=22, sync_col=None, last_value=None
2025-10-06 22:28:57,479 - INFO - [INCR SYNC] sys.trace_xe_event_map: row_count=139, sync_col=None, last_value=None
2025-10-06 22:28:57,481 - INFO - === INCREMENTAL sync completed for SampleDB1, 3/3 tables processed ===
2025-10-06 22:28:57,491 - INFO - [INCR SYNC] sys.trace_xe_event_map: row_count=139, sync_col=None, last_value=None
2025-10-06 22:28:57,492 - INFO - === INCREMENTAL sync completed for SampleDB1, 3/3 tables processed ===
2025-10-06 22:28:57,508 - INFO - MSSQLSERVER/SampleDB1: processed 3 tables
2025-10-06 22:28:57,511 - INFO - MSSQLSERVER/SampleDB1: processed 3 tables
2025-10-06 22:28:57,516 - INFO - Cleaned up system table: localhostSQL2019_Second_SampleDB2.sys_trace_xe_event_map
2025-10-06 22:28:57,516 - INFO - Cleaned up system table: localhostSQL2019_Second_SampleDB2.sys_trace_xe_event_map
2025-10-06 22:28:57,519 - INFO - Cleaned up system table: localhostSQL2019_Second_SampleDB2.sys_trace_xe_action_map
2025-10-06 22:28:57,519 - INFO - Cleaned up system table: localhostSQL2019_Second_SampleDB2.sys_trace_xe_action_map
2025-10-06 22:28:57,535 - INFO - === Starting INCREMENTAL sync for database: SampleDB2 ===
2025-10-06 22:28:57,536 - INFO - === Starting INCREMENTAL sync for database: SampleDB2 ===
2025-10-06 22:28:57,898 - INFO - [INCR SYNC] dbo.Employees: row_count=5, sync_col=EmployeeID, last_value=None
2025-10-06 22:28:57,899 - INFO - [INCR SYNC] dbo.Employees: row_count=5, sync_col=EmployeeID, last_value=None
2025-10-06 22:28:58,056 - INFO - Schema 'localhostSQL2019_Second_SampleDB2' created/verified successfully
2025-10-06 22:28:58,056 - INFO - Schema 'localhostSQL2019_Second_SampleDB2' created/verified successfully
2025-10-06 22:28:58,073 - INFO - Last value is None for dbo.Employees, using hash-based deduplication
2025-10-06 22:28:58,075 - INFO - Last value is None for dbo.Employees, using hash-based deduplication
2025-10-06 22:28:58,097 - INFO - No new rows found for dbo.Employees
2025-10-06 22:28:58,100 - INFO - No new rows found for dbo.Employees
2025-10-06 22:28:58,306 - INFO - [INCR SYNC] sys.trace_xe_action_map: row_count=22, sync_col=None, last_value=None
2025-10-06 22:28:58,306 - INFO - [INCR SYNC] sys.trace_xe_action_map: row_count=22, sync_col=None, last_value=None
2025-10-06 22:28:58,527 - INFO - [INCR SYNC] sys.trace_xe_event_map: row_count=139, sync_col=None, last_value=None
2025-10-06 22:28:58,528 - INFO - [INCR SYNC] sys.trace_xe_event_map: row_count=139, sync_col=None, last_value=None
2025-10-06 22:28:58,532 - INFO - === INCREMENTAL sync completed for SampleDB2, 3/3 tables processed ===
2025-10-06 22:28:58,532 - INFO - === INCREMENTAL sync completed for SampleDB2, 3/3 tables processed ===
2025-10-06 22:28:58,537 - INFO - MSSQLSERVER/SampleDB2: processed 3 tables
2025-10-06 22:28:58,539 - INFO - MSSQLSERVER/SampleDB2: processed 3 tables
2025-10-06 22:28:58,545 - INFO - Cleaned up system table: localhostSQL2019_Second_SampleDB20.sys_trace_xe_event_map
2025-10-06 22:28:58,546 - INFO - Cleaned up system table: localhostSQL2019_Second_SampleDB20.sys_trace_xe_event_map
2025-10-06 22:28:58,549 - INFO - Cleaned up system table: localhostSQL2019_Second_SampleDB20.sys_trace_xe_action_map
2025-10-06 22:28:58,552 - INFO - Cleaned up system table: localhostSQL2019_Second_SampleDB20.sys_trace_xe_action_map
2025-10-06 22:28:58,567 - INFO - === Starting INCREMENTAL sync for database: SampleDB20 ===
2025-10-06 22:28:58,567 - INFO - === Starting INCREMENTAL sync for database: SampleDB20 ===
2025-10-06 22:28:59,051 - INFO - [INCR SYNC] dbo.Customers: row_count=5, sync_col=CustomerID, last_value=None
2025-10-06 22:28:59,051 - INFO - [INCR SYNC] dbo.Customers: row_count=5, sync_col=CustomerID, last_value=None
2025-10-06 22:28:59,236 - INFO - Schema 'localhostSQL2019_Second_SampleDB20' created/verified successfully
2025-10-06 22:28:59,268 - INFO - Last value is None for dbo.Customers, using hash-based deduplication
2025-10-06 22:28:59,268 - INFO - Last value is None for dbo.Customers, using hash-based deduplication
2025-10-06 22:28:59,300 - INFO - No new rows found for dbo.Customers
2025-10-06 22:28:59,302 - INFO - No new rows found for dbo.Customers
2025-10-06 22:28:59,577 - INFO - [INCR SYNC] sys.trace_xe_action_map: row_count=22, sync_col=None, last_value=None
2025-10-06 22:28:59,858 - INFO - [INCR SYNC] sys.trace_xe_event_map: row_count=139, sync_col=None, last_value=None
2025-10-06 22:28:59,858 - INFO - [INCR SYNC] sys.trace_xe_event_map: row_count=139, sync_col=None, last_value=None
2025-10-06 22:28:59,860 - INFO - === INCREMENTAL sync completed for SampleDB20, 3/3 tables processed ===
2025-10-06 22:28:59,860 - INFO - === INCREMENTAL sync completed for SampleDB20, 3/3 tables processed ===
2025-10-06 22:28:59,864 - INFO - MSSQLSERVER/SampleDB20: processed 3 tables
2025-10-06 22:28:59,865 - INFO - MSSQLSERVER/SampleDB20: processed 3 tables
2025-10-06 22:28:59,876 - INFO - Cleaned up system table: localhostSQL2019_Second_SampleDB21.sys_trace_xe_event_map
2025-10-06 22:28:59,878 - INFO - Cleaned up system table: localhostSQL2019_Second_SampleDB21.sys_trace_xe_action_map
2025-10-06 22:28:59,880 - INFO - Cleaned up system table: localhostSQL2019_Second_SampleDB21.sys_trace_xe_action_map
2025-10-06 22:28:59,891 - INFO - === Starting INCREMENTAL sync for database: SampleDB21 ===
2025-10-06 22:28:59,903 - INFO - === Starting INCREMENTAL sync for database: SampleDB21 ===
2025-10-06 22:29:00,309 - INFO - [INCR SYNC] dbo.Customers: row_count=5, sync_col=CustomerID, last_value=None
2025-10-06 22:29:00,471 - INFO - Schema 'localhostSQL2019_Second_SampleDB21' created/verified successfully
2025-10-06 22:29:00,471 - INFO - Schema 'localhostSQL2019_Second_SampleDB21' created/verified successfully
2025-10-06 22:29:00,487 - INFO - Last value is None for dbo.Customers, using hash-based deduplication
2025-10-06 22:29:00,489 - INFO - Last value is None for dbo.Customers, using hash-based deduplication
2025-10-06 22:29:00,513 - INFO - No new rows found for dbo.Customers
2025-10-06 22:29:00,517 - INFO - No new rows found for dbo.Customers
2025-10-06 22:29:00,790 - INFO - [INCR SYNC] sys.trace_xe_action_map: row_count=22, sync_col=None, last_value=None
2025-10-06 22:29:01,168 - INFO - [INCR SYNC] sys.trace_xe_event_map: row_count=139, sync_col=None, last_value=None
2025-10-06 22:29:01,170 - INFO - === INCREMENTAL sync completed for SampleDB21, 3/3 tables processed ===
2025-10-06 22:29:01,170 - INFO - === INCREMENTAL sync completed for SampleDB21, 3/3 tables processed ===
2025-10-06 22:29:01,176 - INFO - MSSQLSERVER/SampleDB21: processed 3 tables
2025-10-06 22:29:01,177 - INFO - MSSQLSERVER/SampleDB21: processed 3 tables
2025-10-06 22:29:01,183 - INFO - Cleaned up system table: localhostSQL2019_Second_SampleDB3.sys_trace_xe_event_map
2025-10-06 22:29:01,184 - INFO - Cleaned up system table: localhostSQL2019_Second_SampleDB3.sys_trace_xe_event_map
2025-10-06 22:29:01,187 - INFO - Cleaned up system table: localhostSQL2019_Second_SampleDB3.sys_trace_xe_action_map
2025-10-06 22:29:01,188 - INFO - Cleaned up system table: localhostSQL2019_Second_SampleDB3.sys_trace_xe_action_map
2025-10-06 22:29:01,213 - INFO - === Starting INCREMENTAL sync for database: SampleDB3 ===
2025-10-06 22:29:01,213 - INFO - === Starting INCREMENTAL sync for database: SampleDB3 ===
2025-10-06 22:29:01,700 - INFO - [INCR SYNC] dbo.Employees: row_count=5, sync_col=EmployeeID, last_value=None
2025-10-06 22:29:01,700 - INFO - [INCR SYNC] dbo.Employees: row_count=5, sync_col=EmployeeID, last_value=None
2025-10-06 22:29:01,892 - INFO - Schema 'localhostSQL2019_Second_SampleDB3' created/verified successfully
2025-10-06 22:29:01,892 - INFO - Schema 'localhostSQL2019_Second_SampleDB3' created/verified successfully
2025-10-06 22:29:01,912 - INFO - Last value is None for dbo.Employees, using hash-based deduplication
2025-10-06 22:29:01,914 - INFO - Last value is None for dbo.Employees, using hash-based deduplication
2025-10-06 22:29:01,940 - INFO - No new rows found for dbo.Employees
2025-10-06 22:29:01,946 - INFO - No new rows found for dbo.Employees
2025-10-06 22:29:02,228 - INFO - [INCR SYNC] sys.trace_xe_action_map: row_count=22, sync_col=None, last_value=None
2025-10-06 22:29:02,448 - INFO - [INCR SYNC] sys.trace_xe_event_map: row_count=139, sync_col=None, last_value=None
2025-10-06 22:29:02,448 - INFO - [INCR SYNC] sys.trace_xe_event_map: row_count=139, sync_col=None, last_value=None
2025-10-06 22:29:02,450 - INFO - === INCREMENTAL sync completed for SampleDB3, 3/3 tables processed ===
2025-10-06 22:29:02,450 - INFO - === INCREMENTAL sync completed for SampleDB3, 3/3 tables processed ===
2025-10-06 22:29:02,475 - INFO - MSSQLSERVER/SampleDB3: processed 3 tables
2025-10-06 22:29:02,476 - INFO - MSSQLSERVER/SampleDB3: processed 3 tables
2025-10-06 22:29:02,480 - INFO - Completed MSSQLSERVER
2025-10-06 22:29:02,480 - INFO - Completed MSSQLSERVER
2025-10-07 00:06:22,258 - INFO - Sync tracking table created/verified
2025-10-07 00:06:22,289 - INFO - Sync tracking table created/verified
2025-10-07 00:06:23,471 - INFO - Connected to SQL Server: localhost\SQL2019_Second
2025-10-07 00:06:23,587 - INFO - Connected to SQL Server: localhost\SQL2019_Second
2025-10-07 00:06:24,807 - INFO - Found 9 databases on localhost\SQL2019_Second
2025-10-07 00:06:24,807 - INFO - Found 9 databases on localhost\SQL2019_Second
2025-10-07 00:06:24,813 - INFO - Cleaned up system table: localhostSQL2019_Second_newdb.sys_trace_xe_event_map
2025-10-07 00:06:24,814 - INFO - Cleaned up system table: localhostSQL2019_Second_newdb.sys_trace_xe_action_map
2025-10-07 00:06:25,522 - INFO - === Starting INCREMENTAL sync for database: newdb ===
2025-10-07 00:06:25,535 - INFO - === Starting INCREMENTAL sync for database: newdb ===
2025-10-07 06:50:29,264 - INFO - [INCR SYNC] sys.trace_xe_action_map: row_count=22, sync_col=None, last_value=None
2025-10-07 06:50:29,286 - INFO - [INCR SYNC] sys.trace_xe_action_map: row_count=22, sync_col=None, last_value=None
2025-10-07 06:50:29,910 - INFO - [INCR SYNC] sys.trace_xe_event_map: row_count=139, sync_col=None, last_value=None
2025-10-07 06:50:29,910 - INFO - === INCREMENTAL sync completed for newdb, 2/2 tables processed ===
2025-10-07 06:50:29,913 - INFO - MSSQLSERVER/newdb: processed 2 tables
2025-10-07 06:50:29,915 - INFO - [INCR SYNC] sys.trace_xe_event_map: row_count=139, sync_col=None, last_value=None
2025-10-07 06:50:29,915 - INFO - === INCREMENTAL sync completed for newdb, 2/2 tables processed ===
2025-10-07 06:50:29,916 - INFO - Cleaned up system table: localhostSQL2019_Second_Saad1.sys_trace_xe_event_map
2025-10-07 06:50:29,917 - INFO - Cleaned up system table: localhostSQL2019_Second_Saad1.sys_trace_xe_action_map
2025-10-07 06:50:29,918 - INFO - MSSQLSERVER/newdb: processed 2 tables
2025-10-07 06:50:29,922 - INFO - Cleaned up system table: localhostSQL2019_Second_Saad1.sys_trace_xe_event_map
2025-10-07 06:50:29,923 - INFO - Cleaned up system table: localhostSQL2019_Second_Saad1.sys_trace_xe_action_map
2025-10-07 06:50:29,972 - INFO - === Starting INCREMENTAL sync for database: Saad1 ===
2025-10-07 06:50:29,979 - INFO - === Starting INCREMENTAL sync for database: Saad1 ===
2025-10-07 06:50:30,240 - INFO - [INCR SYNC] dbo.Employees: row_count=0, sync_col=EmployeeID, last_value=None
2025-10-07 06:50:30,241 - INFO - [INCR SYNC] dbo.Employees: row_count=0, sync_col=EmployeeID, last_value=None
2025-10-07 06:50:30,379 - INFO - Schema 'localhostSQL2019_Second_Saad1' created/verified successfully
2025-10-07 06:50:30,379 - INFO - Schema 'localhostSQL2019_Second_Saad1' created/verified successfully
2025-10-07 06:50:30,416 - INFO - Last value is None for dbo.Employees, using hash-based deduplication
2025-10-07 06:50:30,417 - INFO - Last value is None for dbo.Employees, using hash-based deduplication
2025-10-07 06:50:30,421 - INFO - Table dbo.Employees is empty, but schema ensured in PostgreSQL
2025-10-07 06:50:30,641 - INFO - [INCR SYNC] sys.trace_xe_action_map: row_count=22, sync_col=None, last_value=None
2025-10-07 06:50:30,675 - INFO - [INCR SYNC] sys.trace_xe_action_map: row_count=22, sync_col=None, last_value=None
2025-10-07 06:50:31,263 - INFO - [INCR SYNC] sys.trace_xe_event_map: row_count=139, sync_col=None, last_value=None
2025-10-07 06:50:31,264 - INFO - === INCREMENTAL sync completed for Saad1, 3/3 tables processed ===
2025-10-07 06:50:31,265 - INFO - MSSQLSERVER/Saad1: processed 3 tables
2025-10-07 06:50:31,289 - INFO - Cleaned up system table: localhostSQL2019_Second_saadtest.sys_trace_xe_event_map
2025-10-07 06:50:31,289 - INFO - Cleaned up system table: localhostSQL2019_Second_saadtest.sys_trace_xe_action_map
2025-10-07 06:50:31,294 - INFO - [INCR SYNC] sys.trace_xe_event_map: row_count=139, sync_col=None, last_value=None
2025-10-07 06:50:31,295 - INFO - === INCREMENTAL sync completed for Saad1, 3/3 tables processed ===
2025-10-07 06:50:31,298 - INFO - MSSQLSERVER/Saad1: processed 3 tables
2025-10-07 06:50:31,300 - INFO - Cleaned up system table: localhostSQL2019_Second_saadtest.sys_trace_xe_event_map
2025-10-07 06:50:31,301 - INFO - Cleaned up system table: localhostSQL2019_Second_saadtest.sys_trace_xe_action_map
2025-10-07 06:50:31,301 - INFO - === Starting INCREMENTAL sync for database: saadtest ===
2025-10-07 06:50:31,307 - INFO - === Starting INCREMENTAL sync for database: saadtest ===
2025-10-07 06:50:31,728 - INFO - [INCR SYNC] dbo.Employees: row_count=7, sync_col=EmployeeID, last_value=None
2025-10-07 06:50:31,745 - INFO - [INCR SYNC] dbo.Employees: row_count=7, sync_col=EmployeeID, last_value=None
2025-10-07 06:50:33,087 - INFO - Schema 'localhostSQL2019_Second_saadtest' created/verified successfully
2025-10-07 06:50:33,087 - INFO - Schema 'localhostSQL2019_Second_saadtest' created/verified successfully
2025-10-07 06:50:33,355 - INFO - Last value is None for dbo.Employees, using hash-based deduplication
2025-10-07 06:50:33,368 - INFO - Last value is None for dbo.Employees, using hash-based deduplication
2025-10-07 06:50:33,385 - INFO - No new rows found for dbo.Employees
2025-10-07 06:50:33,387 - INFO - No new rows found for dbo.Employees
2025-10-07 06:50:33,589 - INFO - [INCR SYNC] sys.trace_xe_action_map: row_count=22, sync_col=None, last_value=None
2025-10-07 06:50:33,602 - INFO - [INCR SYNC] sys.trace_xe_action_map: row_count=22, sync_col=None, last_value=None
2025-10-07 06:50:33,786 - INFO - [INCR SYNC] sys.trace_xe_event_map: row_count=139, sync_col=None, last_value=None
2025-10-07 06:50:33,787 - INFO - === INCREMENTAL sync completed for saadtest, 3/3 tables processed ===
2025-10-07 06:50:33,788 - INFO - MSSQLSERVER/saadtest: processed 3 tables
2025-10-07 06:50:33,790 - INFO - Cleaned up system table: localhostSQL2019_Second_SampleDB.sys_trace_xe_event_map
2025-10-07 06:50:33,791 - INFO - Cleaned up system table: localhostSQL2019_Second_SampleDB.sys_trace_xe_action_map
2025-10-07 06:50:33,798 - INFO - === Starting INCREMENTAL sync for database: SampleDB ===
2025-10-07 06:50:33,812 - INFO - [INCR SYNC] sys.trace_xe_event_map: row_count=139, sync_col=None, last_value=None
2025-10-07 06:50:33,813 - INFO - === INCREMENTAL sync completed for saadtest, 3/3 tables processed ===
2025-10-07 06:50:33,814 - INFO - MSSQLSERVER/saadtest: processed 3 tables
2025-10-07 06:50:33,816 - INFO - Cleaned up system table: localhostSQL2019_Second_SampleDB.sys_trace_xe_event_map
2025-10-07 06:50:33,817 - INFO - Cleaned up system table: localhostSQL2019_Second_SampleDB.sys_trace_xe_action_map
2025-10-07 06:50:33,824 - INFO - === Starting INCREMENTAL sync for database: SampleDB ===
2025-10-07 06:50:35,232 - INFO - [INCR SYNC] dbo.Employees: row_count=5, sync_col=EmployeeID, last_value=None
2025-10-07 06:50:35,247 - INFO - [INCR SYNC] dbo.Employees: row_count=5, sync_col=EmployeeID, last_value=None
2025-10-07 06:50:35,352 - INFO - Schema 'localhostSQL2019_Second_SampleDB' created/verified successfully
2025-10-07 06:50:35,370 - INFO - Schema 'localhostSQL2019_Second_SampleDB' created/verified successfully
2025-10-07 06:50:35,542 - INFO - Last value is None for dbo.Employees, using hash-based deduplication
2025-10-07 06:50:35,556 - INFO - Last value is None for dbo.Employees, using hash-based deduplication
2025-10-07 06:50:35,576 - INFO - No new rows found for dbo.Employees
2025-10-07 06:50:35,607 - INFO - No new rows found for dbo.Employees
2025-10-07 06:50:35,741 - INFO - [INCR SYNC] sys.trace_xe_action_map: row_count=22, sync_col=None, last_value=None
2025-10-07 06:50:35,837 - INFO - [INCR SYNC] sys.trace_xe_event_map: row_count=139, sync_col=None, last_value=None
2025-10-07 06:50:35,838 - INFO - === INCREMENTAL sync completed for SampleDB, 3/3 tables processed ===
2025-10-07 06:50:35,838 - INFO - === INCREMENTAL sync completed for SampleDB, 3/3 tables processed ===
2025-10-07 06:50:35,841 - INFO - MSSQLSERVER/SampleDB: processed 3 tables
2025-10-07 06:50:35,841 - INFO - MSSQLSERVER/SampleDB: processed 3 tables
2025-10-07 06:50:35,844 - INFO - Cleaned up system table: localhostSQL2019_Second_SampleDB1.sys_trace_xe_event_map
2025-10-07 06:50:35,844 - INFO - Cleaned up system table: localhostSQL2019_Second_SampleDB1.sys_trace_xe_event_map
2025-10-07 06:50:35,844 - INFO - Cleaned up system table: localhostSQL2019_Second_SampleDB1.sys_trace_xe_action_map
2025-10-07 06:50:35,845 - INFO - Cleaned up system table: localhostSQL2019_Second_SampleDB1.sys_trace_xe_action_map
2025-10-07 06:50:35,852 - INFO - === Starting INCREMENTAL sync for database: SampleDB1 ===
2025-10-07 06:50:35,852 - INFO - === Starting INCREMENTAL sync for database: SampleDB1 ===
2025-10-07 06:50:36,021 - INFO - [INCR SYNC] dbo.Employees: row_count=5, sync_col=EmployeeID, last_value=None
2025-10-07 06:50:36,185 - INFO - Schema 'localhostSQL2019_Second_SampleDB1' created/verified successfully
2025-10-07 06:50:36,185 - INFO - Schema 'localhostSQL2019_Second_SampleDB1' created/verified successfully
2025-10-07 06:50:36,195 - INFO - Last value is None for dbo.Employees, using hash-based deduplication
2025-10-07 06:50:36,196 - INFO - Last value is None for dbo.Employees, using hash-based deduplication
2025-10-07 06:50:36,207 - INFO - No new rows found for dbo.Employees
2025-10-07 06:50:36,207 - INFO - No new rows found for dbo.Employees
2025-10-07 06:50:36,333 - INFO - [INCR SYNC] sys.trace_xe_action_map: row_count=22, sync_col=None, last_value=None
2025-10-07 06:50:36,333 - INFO - [INCR SYNC] sys.trace_xe_action_map: row_count=22, sync_col=None, last_value=None
2025-10-07 06:50:36,444 - INFO - [INCR SYNC] sys.trace_xe_event_map: row_count=139, sync_col=None, last_value=None
2025-10-07 06:50:36,445 - INFO - === INCREMENTAL sync completed for SampleDB1, 3/3 tables processed ===
2025-10-07 06:50:36,445 - INFO - === INCREMENTAL sync completed for SampleDB1, 3/3 tables processed ===
2025-10-07 06:50:36,447 - INFO - MSSQLSERVER/SampleDB1: processed 3 tables
2025-10-07 06:50:36,447 - INFO - MSSQLSERVER/SampleDB1: processed 3 tables
2025-10-07 06:50:36,449 - INFO - Cleaned up system table: localhostSQL2019_Second_SampleDB2.sys_trace_xe_event_map
2025-10-07 06:50:36,450 - INFO - Cleaned up system table: localhostSQL2019_Second_SampleDB2.sys_trace_xe_action_map
2025-10-07 06:50:36,450 - INFO - Cleaned up system table: localhostSQL2019_Second_SampleDB2.sys_trace_xe_action_map
2025-10-07 06:50:36,458 - INFO - === Starting INCREMENTAL sync for database: SampleDB2 ===
2025-10-07 06:50:36,458 - INFO - === Starting INCREMENTAL sync for database: SampleDB2 ===
2025-10-07 06:50:36,673 - INFO - [INCR SYNC] dbo.Employees: row_count=5, sync_col=EmployeeID, last_value=None
2025-10-07 06:50:36,673 - INFO - [INCR SYNC] dbo.Employees: row_count=5, sync_col=EmployeeID, last_value=None
2025-10-07 06:50:36,756 - INFO - Schema 'localhostSQL2019_Second_SampleDB2' created/verified successfully
2025-10-07 06:50:36,756 - INFO - Schema 'localhostSQL2019_Second_SampleDB2' created/verified successfully
2025-10-07 06:50:36,766 - INFO - Last value is None for dbo.Employees, using hash-based deduplication
2025-10-07 06:50:36,766 - INFO - Last value is None for dbo.Employees, using hash-based deduplication
2025-10-07 06:50:36,776 - INFO - No new rows found for dbo.Employees
2025-10-07 06:50:36,883 - INFO - [INCR SYNC] sys.trace_xe_action_map: row_count=22, sync_col=None, last_value=None
2025-10-07 06:50:36,883 - INFO - [INCR SYNC] sys.trace_xe_action_map: row_count=22, sync_col=None, last_value=None
2025-10-07 06:50:36,982 - INFO - [INCR SYNC] sys.trace_xe_event_map: row_count=139, sync_col=None, last_value=None
2025-10-07 06:50:36,985 - INFO - === INCREMENTAL sync completed for SampleDB2, 3/3 tables processed ===
2025-10-07 06:50:36,985 - INFO - === INCREMENTAL sync completed for SampleDB2, 3/3 tables processed ===
2025-10-07 06:50:36,986 - INFO - MSSQLSERVER/SampleDB2: processed 3 tables
2025-10-07 06:50:36,987 - INFO - MSSQLSERVER/SampleDB2: processed 3 tables
2025-10-07 06:50:36,989 - INFO - Cleaned up system table: localhostSQL2019_Second_SampleDB20.sys_trace_xe_event_map
2025-10-07 06:50:36,989 - INFO - Cleaned up system table: localhostSQL2019_Second_SampleDB20.sys_trace_xe_event_map
2025-10-07 06:50:36,990 - INFO - Cleaned up system table: localhostSQL2019_Second_SampleDB20.sys_trace_xe_action_map
2025-10-07 06:50:36,990 - INFO - Cleaned up system table: localhostSQL2019_Second_SampleDB20.sys_trace_xe_action_map
2025-10-07 06:50:36,996 - INFO - === Starting INCREMENTAL sync for database: SampleDB20 ===
2025-10-07 06:50:36,996 - INFO - === Starting INCREMENTAL sync for database: SampleDB20 ===
2025-10-07 06:50:37,327 - INFO - [INCR SYNC] dbo.Customers: row_count=5, sync_col=CustomerID, last_value=None
2025-10-07 06:50:37,428 - INFO - Schema 'localhostSQL2019_Second_SampleDB20' created/verified successfully
2025-10-07 06:50:37,429 - INFO - Schema 'localhostSQL2019_Second_SampleDB20' created/verified successfully
2025-10-07 06:50:37,438 - INFO - Last value is None for dbo.Customers, using hash-based deduplication
2025-10-07 06:50:37,438 - INFO - Last value is None for dbo.Customers, using hash-based deduplication
2025-10-07 06:50:37,449 - INFO - No new rows found for dbo.Customers
2025-10-07 06:50:37,450 - INFO - No new rows found for dbo.Customers
2025-10-07 06:50:37,600 - INFO - [INCR SYNC] sys.trace_xe_action_map: row_count=22, sync_col=None, last_value=None
2025-10-07 06:50:37,600 - INFO - [INCR SYNC] sys.trace_xe_action_map: row_count=22, sync_col=None, last_value=None
2025-10-07 09:23:17,645 - INFO - [INCR SYNC] sys.trace_xe_event_map: row_count=139, sync_col=None, last_value=None
2025-10-07 09:23:17,646 - INFO - === INCREMENTAL sync completed for SampleDB20, 3/3 tables processed ===
2025-10-07 09:23:17,899 - INFO - MSSQLSERVER/SampleDB20: processed 3 tables
2025-10-07 09:23:17,951 - INFO - [INCR SYNC] sys.trace_xe_event_map: row_count=139, sync_col=None, last_value=None
2025-10-07 09:23:17,967 - INFO - === INCREMENTAL sync completed for SampleDB20, 3/3 tables processed ===
2025-10-07 09:23:17,976 - INFO - MSSQLSERVER/SampleDB20: processed 3 tables
2025-10-07 09:23:18,021 - INFO - Cleaned up system table: localhostSQL2019_Second_SampleDB21.sys_trace_xe_event_map
2025-10-07 09:23:18,022 - INFO - Cleaned up system table: localhostSQL2019_Second_SampleDB21.sys_trace_xe_event_map
2025-10-07 09:23:18,023 - INFO - Cleaned up system table: localhostSQL2019_Second_SampleDB21.sys_trace_xe_action_map
2025-10-07 09:23:18,023 - INFO - Cleaned up system table: localhostSQL2019_Second_SampleDB21.sys_trace_xe_action_map
2025-10-07 09:23:20,011 - INFO - === Starting INCREMENTAL sync for database: SampleDB21 ===
2025-10-07 09:23:20,116 - INFO - === Starting INCREMENTAL sync for database: SampleDB21 ===
2025-10-07 09:23:30,133 - INFO - [INCR SYNC] dbo.Customers: row_count=5, sync_col=CustomerID, last_value=None
2025-10-07 09:23:30,171 - INFO - [INCR SYNC] dbo.Customers: row_count=5, sync_col=CustomerID, last_value=None
2025-10-07 09:23:31,148 - INFO - Schema 'localhostSQL2019_Second_SampleDB21' created/verified successfully
2025-10-07 09:23:31,181 - INFO - Schema 'localhostSQL2019_Second_SampleDB21' created/verified successfully
2025-10-07 09:23:31,207 - INFO - Last value is None for dbo.Customers, using hash-based deduplication
2025-10-07 09:23:31,247 - INFO - Last value is None for dbo.Customers, using hash-based deduplication
2025-10-07 09:23:31,266 - INFO - No new rows found for dbo.Customers
2025-10-07 09:23:31,316 - INFO - No new rows found for dbo.Customers
2025-10-07 09:23:31,964 - INFO - [INCR SYNC] sys.trace_xe_action_map: row_count=22, sync_col=None, last_value=None
2025-10-07 09:23:32,019 - INFO - [INCR SYNC] sys.trace_xe_action_map: row_count=22, sync_col=None, last_value=None
2025-10-07 09:23:32,557 - INFO - [INCR SYNC] sys.trace_xe_event_map: row_count=139, sync_col=None, last_value=None
2025-10-07 09:23:32,557 - INFO - === INCREMENTAL sync completed for SampleDB21, 3/3 tables processed ===
2025-10-07 09:23:32,559 - INFO - MSSQLSERVER/SampleDB21: processed 3 tables
2025-10-07 09:23:32,561 - INFO - [INCR SYNC] sys.trace_xe_event_map: row_count=139, sync_col=None, last_value=None
2025-10-07 09:23:32,562 - INFO - === INCREMENTAL sync completed for SampleDB21, 3/3 tables processed ===
2025-10-07 09:23:32,564 - INFO - MSSQLSERVER/SampleDB21: processed 3 tables
2025-10-07 09:23:32,585 - INFO - Cleaned up system table: localhostSQL2019_Second_SampleDB3.sys_trace_xe_event_map
2025-10-07 09:23:32,587 - INFO - Cleaned up system table: localhostSQL2019_Second_SampleDB3.sys_trace_xe_action_map
2025-10-07 09:23:32,589 - INFO - Cleaned up system table: localhostSQL2019_Second_SampleDB3.sys_trace_xe_event_map
2025-10-07 09:23:32,591 - INFO - Cleaned up system table: localhostSQL2019_Second_SampleDB3.sys_trace_xe_action_map
2025-10-07 09:23:32,627 - INFO - === Starting INCREMENTAL sync for database: SampleDB3 ===
2025-10-07 09:23:32,630 - INFO - === Starting INCREMENTAL sync for database: SampleDB3 ===
2025-10-07 09:23:33,216 - INFO - [INCR SYNC] dbo.Employees: row_count=5, sync_col=EmployeeID, last_value=None
2025-10-07 09:23:33,219 - INFO - [INCR SYNC] dbo.Employees: row_count=5, sync_col=EmployeeID, last_value=None
2025-10-07 09:23:33,777 - INFO - Schema 'localhostSQL2019_Second_SampleDB3' created/verified successfully
2025-10-07 09:23:33,777 - INFO - Schema 'localhostSQL2019_Second_SampleDB3' created/verified successfully
2025-10-07 09:23:33,809 - INFO - Last value is None for dbo.Employees, using hash-based deduplication
2025-10-07 09:23:33,812 - INFO - Last value is None for dbo.Employees, using hash-based deduplication
2025-10-07 09:23:33,829 - INFO - No new rows found for dbo.Employees
2025-10-07 09:23:33,893 - INFO - No new rows found for dbo.Employees
2025-10-07 09:23:34,174 - INFO - [INCR SYNC] sys.trace_xe_action_map: row_count=22, sync_col=None, last_value=None
2025-10-07 09:23:34,190 - INFO - [INCR SYNC] sys.trace_xe_action_map: row_count=22, sync_col=None, last_value=None
2025-10-07 09:23:34,534 - INFO - [INCR SYNC] sys.trace_xe_event_map: row_count=139, sync_col=None, last_value=None
2025-10-07 09:23:34,534 - INFO - === INCREMENTAL sync completed for SampleDB3, 3/3 tables processed ===
2025-10-07 09:23:34,538 - INFO - MSSQLSERVER/SampleDB3: processed 3 tables
2025-10-07 09:23:34,546 - INFO - Completed MSSQLSERVER
2025-10-07 09:23:34,552 - INFO - [INCR SYNC] sys.trace_xe_event_map: row_count=139, sync_col=None, last_value=None
2025-10-07 09:23:34,554 - INFO - === INCREMENTAL sync completed for SampleDB3, 3/3 tables processed ===
2025-10-07 09:23:34,558 - INFO - MSSQLSERVER/SampleDB3: processed 3 tables
2025-10-07 09:23:34,571 - INFO - Completed MSSQLSERVER
2025-10-07 09:33:35,354 - INFO - Sync tracking table created/verified
2025-10-07 09:33:35,409 - INFO - Connected to SQL Server: localhost\SQL2019_Second
2025-10-07 09:33:35,516 - INFO - Sync tracking table created/verified
2025-10-07 09:33:35,516 - INFO - Found 9 databases on localhost\SQL2019_Second
2025-10-07 09:33:35,520 - INFO - Cleaned up system table: localhostSQL2019_Second_newdb.sys_trace_xe_event_map
2025-10-07 09:33:35,523 - INFO - Cleaned up system table: localhostSQL2019_Second_newdb.sys_trace_xe_action_map
2025-10-07 09:33:35,552 - INFO - === Starting INCREMENTAL sync for database: newdb ===
2025-10-07 09:33:35,558 - INFO - Connected to SQL Server: localhost\SQL2019_Second
2025-10-07 09:33:35,564 - INFO - Found 9 databases on localhost\SQL2019_Second
2025-10-07 09:33:35,569 - INFO - Cleaned up system table: localhostSQL2019_Second_newdb.sys_trace_xe_event_map
2025-10-07 09:33:35,572 - INFO - Cleaned up system table: localhostSQL2019_Second_newdb.sys_trace_xe_action_map
2025-10-07 09:33:35,595 - INFO - === Starting INCREMENTAL sync for database: newdb ===
2025-10-07 09:33:36,031 - INFO - [INCR SYNC] sys.trace_xe_action_map: row_count=22, sync_col=None, last_value=None
2025-10-07 09:33:36,032 - INFO - [INCR SYNC] sys.trace_xe_action_map: row_count=22, sync_col=None, last_value=None
2025-10-07 09:33:36,244 - INFO - [INCR SYNC] sys.trace_xe_event_map: row_count=139, sync_col=None, last_value=None
2025-10-07 09:33:36,244 - INFO - [INCR SYNC] sys.trace_xe_event_map: row_count=139, sync_col=None, last_value=None
2025-10-07 09:33:36,246 - INFO - === INCREMENTAL sync completed for newdb, 2/2 tables processed ===
2025-10-07 09:33:36,246 - INFO - === INCREMENTAL sync completed for newdb, 2/2 tables processed ===
2025-10-07 09:33:36,274 - INFO - MSSQLSERVER/newdb: processed 2 tables
2025-10-07 09:33:36,277 - INFO - MSSQLSERVER/newdb: processed 2 tables
2025-10-07 09:33:36,282 - INFO - Cleaned up system table: localhostSQL2019_Second_Saad1.sys_trace_xe_event_map
2025-10-07 09:33:36,283 - INFO - Cleaned up system table: localhostSQL2019_Second_Saad1.sys_trace_xe_event_map
2025-10-07 09:33:36,285 - INFO - Cleaned up system table: localhostSQL2019_Second_Saad1.sys_trace_xe_action_map
2025-10-07 09:33:36,286 - INFO - Cleaned up system table: localhostSQL2019_Second_Saad1.sys_trace_xe_action_map
2025-10-07 09:33:36,306 - INFO - === Starting INCREMENTAL sync for database: Saad1 ===
2025-10-07 09:33:36,308 - INFO - === Starting INCREMENTAL sync for database: Saad1 ===
2025-10-07 09:33:36,731 - INFO - [INCR SYNC] dbo.Employees: row_count=0, sync_col=EmployeeID, last_value=None
2025-10-07 09:33:36,731 - INFO - [INCR SYNC] dbo.Employees: row_count=0, sync_col=EmployeeID, last_value=None
2025-10-07 09:33:36,940 - INFO - Schema 'localhostSQL2019_Second_Saad1' created/verified successfully
2025-10-07 09:33:36,941 - INFO - Schema 'localhostSQL2019_Second_Saad1' created/verified successfully
2025-10-07 09:33:37,019 - INFO - Last value is None for dbo.Employees, using hash-based deduplication
2025-10-07 09:33:37,022 - INFO - Last value is None for dbo.Employees, using hash-based deduplication
2025-10-07 09:33:37,031 - INFO - Table dbo.Employees is empty, but schema ensured in PostgreSQL
2025-10-07 09:33:37,031 - INFO - Table dbo.Employees is empty, but schema ensured in PostgreSQL
2025-10-07 09:33:37,244 - INFO - [INCR SYNC] sys.trace_xe_action_map: row_count=22, sync_col=None, last_value=None
2025-10-07 09:33:37,245 - INFO - [INCR SYNC] sys.trace_xe_action_map: row_count=22, sync_col=None, last_value=None
2025-10-07 09:33:37,454 - INFO - [INCR SYNC] sys.trace_xe_event_map: row_count=139, sync_col=None, last_value=None
2025-10-07 09:33:37,456 - INFO - === INCREMENTAL sync completed for Saad1, 3/3 tables processed ===
2025-10-07 09:33:37,456 - INFO - === INCREMENTAL sync completed for Saad1, 3/3 tables processed ===
2025-10-07 09:33:37,486 - INFO - MSSQLSERVER/Saad1: processed 3 tables
2025-10-07 09:33:37,486 - INFO - MSSQLSERVER/Saad1: processed 3 tables
2025-10-07 09:33:37,496 - INFO - Cleaned up system table: localhostSQL2019_Second_saadtest.sys_trace_xe_event_map
2025-10-07 09:33:37,497 - INFO - Cleaned up system table: localhostSQL2019_Second_saadtest.sys_trace_xe_event_map
2025-10-07 09:33:37,502 - INFO - Cleaned up system table: localhostSQL2019_Second_saadtest.sys_trace_xe_action_map
2025-10-07 09:33:37,505 - INFO - Cleaned up system table: localhostSQL2019_Second_saadtest.sys_trace_xe_action_map
2025-10-07 09:33:37,527 - INFO - === Starting INCREMENTAL sync for database: saadtest ===
2025-10-07 09:33:37,528 - INFO - === Starting INCREMENTAL sync for database: saadtest ===
2025-10-07 09:33:37,981 - INFO - [INCR SYNC] dbo.Employees: row_count=7, sync_col=EmployeeID, last_value=None
2025-10-07 09:33:37,982 - INFO - [INCR SYNC] dbo.Employees: row_count=7, sync_col=EmployeeID, last_value=None
2025-10-07 09:33:38,168 - INFO - Schema 'localhostSQL2019_Second_saadtest' created/verified successfully
2025-10-07 09:33:38,199 - INFO - Last value is None for dbo.Employees, using hash-based deduplication
2025-10-07 09:33:38,207 - INFO - Last value is None for dbo.Employees, using hash-based deduplication
2025-10-07 09:33:38,233 - INFO - No new rows found for dbo.Employees
2025-10-07 09:33:38,244 - INFO - No new rows found for dbo.Employees
2025-10-07 09:33:38,477 - INFO - [INCR SYNC] sys.trace_xe_action_map: row_count=22, sync_col=None, last_value=None
2025-10-07 09:33:38,488 - INFO - [INCR SYNC] sys.trace_xe_action_map: row_count=22, sync_col=None, last_value=None
2025-10-07 09:33:38,690 - INFO - [INCR SYNC] sys.trace_xe_event_map: row_count=139, sync_col=None, last_value=None
2025-10-07 09:33:38,692 - INFO - === INCREMENTAL sync completed for saadtest, 3/3 tables processed ===
2025-10-07 09:33:38,699 - INFO - [INCR SYNC] sys.trace_xe_event_map: row_count=139, sync_col=None, last_value=None
2025-10-07 09:33:38,701 - INFO - === INCREMENTAL sync completed for saadtest, 3/3 tables processed ===
2025-10-07 09:33:38,719 - INFO - MSSQLSERVER/saadtest: processed 3 tables
2025-10-07 09:33:38,719 - INFO - MSSQLSERVER/saadtest: processed 3 tables
2025-10-07 09:33:38,730 - INFO - Cleaned up system table: localhostSQL2019_Second_SampleDB.sys_trace_xe_event_map
2025-10-07 09:33:38,731 - INFO - Cleaned up system table: localhostSQL2019_Second_SampleDB.sys_trace_xe_event_map
2025-10-07 09:33:38,735 - INFO - Cleaned up system table: localhostSQL2019_Second_SampleDB.sys_trace_xe_action_map
2025-10-07 09:33:38,736 - INFO - Cleaned up system table: localhostSQL2019_Second_SampleDB.sys_trace_xe_action_map
2025-10-07 09:33:38,760 - INFO - === Starting INCREMENTAL sync for database: SampleDB ===
2025-10-07 09:33:38,761 - INFO - === Starting INCREMENTAL sync for database: SampleDB ===
2025-10-07 09:33:39,166 - INFO - [INCR SYNC] dbo.Employees: row_count=5, sync_col=EmployeeID, last_value=None
2025-10-07 09:33:39,324 - INFO - Schema 'localhostSQL2019_Second_SampleDB' created/verified successfully
2025-10-07 09:33:39,343 - INFO - Last value is None for dbo.Employees, using hash-based deduplication
2025-10-07 09:33:39,343 - INFO - Last value is None for dbo.Employees, using hash-based deduplication
2025-10-07 09:33:39,371 - INFO - No new rows found for dbo.Employees
2025-10-07 09:33:39,372 - INFO - No new rows found for dbo.Employees
2025-10-07 09:33:39,594 - INFO - [INCR SYNC] sys.trace_xe_action_map: row_count=22, sync_col=None, last_value=None
2025-10-07 09:33:39,803 - INFO - [INCR SYNC] sys.trace_xe_event_map: row_count=139, sync_col=None, last_value=None
2025-10-07 09:33:39,806 - INFO - === INCREMENTAL sync completed for SampleDB, 3/3 tables processed ===
2025-10-07 09:33:39,811 - INFO - === INCREMENTAL sync completed for SampleDB, 3/3 tables processed ===
2025-10-07 09:33:39,834 - INFO - MSSQLSERVER/SampleDB: processed 3 tables
2025-10-07 09:33:39,835 - INFO - MSSQLSERVER/SampleDB: processed 3 tables
2025-10-07 09:33:39,847 - INFO - Cleaned up system table: localhostSQL2019_Second_SampleDB1.sys_trace_xe_event_map
2025-10-07 09:33:39,847 - INFO - Cleaned up system table: localhostSQL2019_Second_SampleDB1.sys_trace_xe_event_map
2025-10-07 09:33:39,853 - INFO - Cleaned up system table: localhostSQL2019_Second_SampleDB1.sys_trace_xe_action_map
2025-10-07 09:33:39,858 - INFO - Cleaned up system table: localhostSQL2019_Second_SampleDB1.sys_trace_xe_action_map
2025-10-07 09:33:39,870 - INFO - === Starting INCREMENTAL sync for database: SampleDB1 ===
2025-10-07 09:33:39,877 - INFO - === Starting INCREMENTAL sync for database: SampleDB1 ===
2025-10-07 09:33:40,243 - INFO - [INCR SYNC] dbo.Employees: row_count=5, sync_col=EmployeeID, last_value=None
2025-10-07 09:33:40,243 - INFO - [INCR SYNC] dbo.Employees: row_count=5, sync_col=EmployeeID, last_value=None
2025-10-07 09:33:40,410 - INFO - Schema 'localhostSQL2019_Second_SampleDB1' created/verified successfully
2025-10-07 09:33:40,431 - INFO - Last value is None for dbo.Employees, using hash-based deduplication
2025-10-07 09:33:40,444 - INFO - Last value is None for dbo.Employees, using hash-based deduplication
2025-10-07 09:33:40,475 - INFO - No new rows found for dbo.Employees
2025-10-07 09:33:40,487 - INFO - No new rows found for dbo.Employees
2025-10-07 09:33:40,693 - INFO - [INCR SYNC] sys.trace_xe_action_map: row_count=22, sync_col=None, last_value=None
2025-10-07 09:33:40,695 - INFO - [INCR SYNC] sys.trace_xe_action_map: row_count=22, sync_col=None, last_value=None
2025-10-07 09:33:40,906 - INFO - [INCR SYNC] sys.trace_xe_event_map: row_count=139, sync_col=None, last_value=None
2025-10-07 09:33:40,906 - INFO - [INCR SYNC] sys.trace_xe_event_map: row_count=139, sync_col=None, last_value=None
2025-10-07 09:33:40,909 - INFO - === INCREMENTAL sync completed for SampleDB1, 3/3 tables processed ===
2025-10-07 09:33:40,909 - INFO - === INCREMENTAL sync completed for SampleDB1, 3/3 tables processed ===
2025-10-07 09:33:40,939 - INFO - MSSQLSERVER/SampleDB1: processed 3 tables
2025-10-07 09:33:40,941 - INFO - MSSQLSERVER/SampleDB1: processed 3 tables
2025-10-07 09:33:40,947 - INFO - Cleaned up system table: localhostSQL2019_Second_SampleDB2.sys_trace_xe_event_map
2025-10-07 09:33:40,950 - INFO - Cleaned up system table: localhostSQL2019_Second_SampleDB2.sys_trace_xe_event_map
2025-10-07 09:33:40,950 - INFO - Cleaned up system table: localhostSQL2019_Second_SampleDB2.sys_trace_xe_action_map
2025-10-07 09:33:40,955 - INFO - Cleaned up system table: localhostSQL2019_Second_SampleDB2.sys_trace_xe_action_map
2025-10-07 09:33:40,972 - INFO - === Starting INCREMENTAL sync for database: SampleDB2 ===
2025-10-07 09:33:40,977 - INFO - === Starting INCREMENTAL sync for database: SampleDB2 ===
2025-10-07 09:33:41,376 - INFO - [INCR SYNC] dbo.Employees: row_count=5, sync_col=EmployeeID, last_value=None
2025-10-07 09:33:41,377 - INFO - [INCR SYNC] dbo.Employees: row_count=5, sync_col=EmployeeID, last_value=None
2025-10-07 09:33:41,555 - INFO - Schema 'localhostSQL2019_Second_SampleDB2' created/verified successfully
2025-10-07 09:33:41,556 - INFO - Schema 'localhostSQL2019_Second_SampleDB2' created/verified successfully
2025-10-07 09:33:41,574 - INFO - Last value is None for dbo.Employees, using hash-based deduplication
2025-10-07 09:33:41,575 - INFO - Last value is None for dbo.Employees, using hash-based deduplication
2025-10-07 09:33:41,605 - INFO - No new rows found for dbo.Employees
2025-10-07 09:33:41,605 - INFO - No new rows found for dbo.Employees
2025-10-07 09:33:41,841 - INFO - [INCR SYNC] sys.trace_xe_action_map: row_count=22, sync_col=None, last_value=None
2025-10-07 09:33:41,842 - INFO - [INCR SYNC] sys.trace_xe_action_map: row_count=22, sync_col=None, last_value=None
2025-10-07 09:33:42,055 - INFO - [INCR SYNC] sys.trace_xe_event_map: row_count=139, sync_col=None, last_value=None
2025-10-07 09:33:42,057 - INFO - === INCREMENTAL sync completed for SampleDB2, 3/3 tables processed ===
2025-10-07 09:33:42,058 - INFO - === INCREMENTAL sync completed for SampleDB2, 3/3 tables processed ===
2025-10-07 09:33:42,083 - INFO - MSSQLSERVER/SampleDB2: processed 3 tables
2025-10-07 09:33:42,085 - INFO - MSSQLSERVER/SampleDB2: processed 3 tables
2025-10-07 09:33:42,093 - INFO - Cleaned up system table: localhostSQL2019_Second_SampleDB20.sys_trace_xe_event_map
2025-10-07 09:33:42,094 - INFO - Cleaned up system table: localhostSQL2019_Second_SampleDB20.sys_trace_xe_event_map
2025-10-07 09:33:42,097 - INFO - Cleaned up system table: localhostSQL2019_Second_SampleDB20.sys_trace_xe_action_map
2025-10-07 09:33:42,099 - INFO - Cleaned up system table: localhostSQL2019_Second_SampleDB20.sys_trace_xe_action_map
2025-10-07 09:33:42,118 - INFO - === Starting INCREMENTAL sync for database: SampleDB20 ===
2025-10-07 09:33:42,118 - INFO - === Starting INCREMENTAL sync for database: SampleDB20 ===
2025-10-07 09:33:42,578 - INFO - [INCR SYNC] dbo.Customers: row_count=5, sync_col=CustomerID, last_value=None
2025-10-07 09:33:42,578 - INFO - [INCR SYNC] dbo.Customers: row_count=5, sync_col=CustomerID, last_value=None
2025-10-07 09:33:42,766 - INFO - Schema 'localhostSQL2019_Second_SampleDB20' created/verified successfully
2025-10-07 09:33:42,766 - INFO - Schema 'localhostSQL2019_Second_SampleDB20' created/verified successfully
2025-10-07 09:33:42,788 - INFO - Last value is None for dbo.Customers, using hash-based deduplication
2025-10-07 09:33:42,791 - INFO - Last value is None for dbo.Customers, using hash-based deduplication
2025-10-07 09:33:42,817 - INFO - No new rows found for dbo.Customers
2025-10-07 09:33:42,822 - INFO - No new rows found for dbo.Customers
2025-10-07 09:33:43,054 - INFO - [INCR SYNC] sys.trace_xe_action_map: row_count=22, sync_col=None, last_value=None
2025-10-07 09:33:43,268 - INFO - [INCR SYNC] sys.trace_xe_event_map: row_count=139, sync_col=None, last_value=None
2025-10-07 09:33:43,269 - INFO - [INCR SYNC] sys.trace_xe_event_map: row_count=139, sync_col=None, last_value=None
2025-10-07 09:33:43,274 - INFO - === INCREMENTAL sync completed for SampleDB20, 3/3 tables processed ===
2025-10-07 09:33:43,284 - INFO - === INCREMENTAL sync completed for SampleDB20, 3/3 tables processed ===
2025-10-07 09:33:43,307 - INFO - MSSQLSERVER/SampleDB20: processed 3 tables
2025-10-07 09:33:43,308 - INFO - MSSQLSERVER/SampleDB20: processed 3 tables
2025-10-07 09:33:43,318 - INFO - Cleaned up system table: localhostSQL2019_Second_SampleDB21.sys_trace_xe_event_map
2025-10-07 09:33:43,319 - INFO - Cleaned up system table: localhostSQL2019_Second_SampleDB21.sys_trace_xe_event_map
2025-10-07 09:33:43,327 - INFO - Cleaned up system table: localhostSQL2019_Second_SampleDB21.sys_trace_xe_action_map
2025-10-07 09:33:43,328 - INFO - Cleaned up system table: localhostSQL2019_Second_SampleDB21.sys_trace_xe_action_map
2025-10-07 09:33:43,355 - INFO - === Starting INCREMENTAL sync for database: SampleDB21 ===
2025-10-07 09:33:43,357 - INFO - === Starting INCREMENTAL sync for database: SampleDB21 ===
2025-10-07 09:33:43,761 - INFO - [INCR SYNC] dbo.Customers: row_count=5, sync_col=CustomerID, last_value=None
2025-10-07 09:33:43,926 - INFO - Schema 'localhostSQL2019_Second_SampleDB21' created/verified successfully
2025-10-07 09:33:43,947 - INFO - Last value is None for dbo.Customers, using hash-based deduplication
2025-10-07 09:33:43,949 - INFO - Last value is None for dbo.Customers, using hash-based deduplication
2025-10-07 09:33:43,988 - INFO - No new rows found for dbo.Customers
2025-10-07 09:33:43,996 - INFO - No new rows found for dbo.Customers
2025-10-07 09:33:44,263 - INFO - [INCR SYNC] sys.trace_xe_action_map: row_count=22, sync_col=None, last_value=None
2025-10-07 09:33:44,267 - INFO - [INCR SYNC] sys.trace_xe_action_map: row_count=22, sync_col=None, last_value=None
2025-10-07 09:33:44,469 - INFO - [INCR SYNC] sys.trace_xe_event_map: row_count=139, sync_col=None, last_value=None
2025-10-07 09:33:44,470 - INFO - === INCREMENTAL sync completed for SampleDB21, 3/3 tables processed ===
2025-10-07 09:33:44,473 - INFO - [INCR SYNC] sys.trace_xe_event_map: row_count=139, sync_col=None, last_value=None
2025-10-07 09:33:44,474 - INFO - === INCREMENTAL sync completed for SampleDB21, 3/3 tables processed ===
2025-10-07 09:33:44,494 - INFO - MSSQLSERVER/SampleDB21: processed 3 tables
2025-10-07 09:33:44,495 - INFO - MSSQLSERVER/SampleDB21: processed 3 tables
2025-10-07 09:33:44,499 - INFO - Cleaned up system table: localhostSQL2019_Second_SampleDB3.sys_trace_xe_event_map
2025-10-07 09:33:44,500 - INFO - Cleaned up system table: localhostSQL2019_Second_SampleDB3.sys_trace_xe_event_map
2025-10-07 09:33:44,501 - INFO - Cleaned up system table: localhostSQL2019_Second_SampleDB3.sys_trace_xe_action_map
2025-10-07 09:33:44,502 - INFO - Cleaned up system table: localhostSQL2019_Second_SampleDB3.sys_trace_xe_action_map
2025-10-07 09:33:44,514 - INFO - === Starting INCREMENTAL sync for database: SampleDB3 ===
2025-10-07 09:33:44,516 - INFO - === Starting INCREMENTAL sync for database: SampleDB3 ===
2025-10-07 09:33:44,915 - INFO - [INCR SYNC] dbo.Employees: row_count=5, sync_col=EmployeeID, last_value=None
2025-10-07 09:33:44,915 - INFO - [INCR SYNC] dbo.Employees: row_count=5, sync_col=EmployeeID, last_value=None
2025-10-07 09:33:45,094 - INFO - Schema 'localhostSQL2019_Second_SampleDB3' created/verified successfully
2025-10-07 09:33:45,095 - INFO - Schema 'localhostSQL2019_Second_SampleDB3' created/verified successfully
2025-10-07 09:33:45,114 - INFO - Last value is None for dbo.Employees, using hash-based deduplication
2025-10-07 09:33:45,114 - INFO - Last value is None for dbo.Employees, using hash-based deduplication
2025-10-07 09:33:45,142 - INFO - No new rows found for dbo.Employees
2025-10-07 09:33:45,143 - INFO - No new rows found for dbo.Employees
2025-10-07 09:33:45,365 - INFO - [INCR SYNC] sys.trace_xe_action_map: row_count=22, sync_col=None, last_value=None
2025-10-07 09:33:45,366 - INFO - [INCR SYNC] sys.trace_xe_action_map: row_count=22, sync_col=None, last_value=None
2025-10-07 09:33:45,586 - INFO - [INCR SYNC] sys.trace_xe_event_map: row_count=139, sync_col=None, last_value=None
2025-10-07 09:33:45,588 - INFO - === INCREMENTAL sync completed for SampleDB3, 3/3 tables processed ===
2025-10-07 09:33:45,589 - INFO - === INCREMENTAL sync completed for SampleDB3, 3/3 tables processed ===
2025-10-07 09:33:45,614 - INFO - MSSQLSERVER/SampleDB3: processed 3 tables
2025-10-07 09:33:45,616 - INFO - MSSQLSERVER/SampleDB3: processed 3 tables
2025-10-07 09:33:45,620 - INFO - Completed MSSQLSERVER
2025-10-07 09:33:45,621 - INFO - Completed MSSQLSERVER
2025-10-07 09:35:07,653 - INFO - [INIT] Initializing Flask application...
2025-10-07 09:35:07,653 - INFO - [CONFIG] Loading configuration...
2025-10-07 09:35:07,654 - INFO - [AUTH] Authentication system ready
2025-10-07 09:35:07,654 - INFO - [DATABASE] Database connections configured
2025-10-07 09:35:07,654 - INFO - [SCHEDULER] Scheduler system active
2025-10-07 09:35:07,655 - INFO - [STARTUP] Application startup complete!
2025-10-07 09:35:07,723 - INFO - [31m[1mWARNING: This is a development server. Do not use it in a production deployment. Use a production WSGI server instead.[0m
 * Running on http://127.0.0.1:5000
2025-10-07 09:35:07,723 - INFO - [33mPress CTRL+C to quit[0m
2025-10-07 09:35:07,726 - INFO -  * Restarting with stat
2025-10-07 09:35:09,173 - INFO - [INIT] Initializing Flask application...
2025-10-07 09:35:09,173 - INFO - [CONFIG] Loading configuration...
2025-10-07 09:35:09,174 - INFO - [AUTH] Authentication system ready
2025-10-07 09:35:09,174 - INFO - [DATABASE] Database connections configured
2025-10-07 09:35:09,175 - INFO - [SCHEDULER] Scheduler system active
2025-10-07 09:35:09,175 - INFO - [STARTUP] Application startup complete!
2025-10-07 09:35:09,195 - WARNING -  * Debugger is active!
2025-10-07 09:35:09,199 - INFO -  * Debugger PIN: 499-062-501
2025-10-07 09:35:16,587 - INFO - [REQ] GET / - 127.0.0.1
2025-10-07 09:35:16,588 - INFO - [DEBUG] Checking auth for / - Session: {}
2025-10-07 09:35:16,589 - WARNING - [AUTH] BLOCKED unauthenticated access to / from 127.0.0.1
2025-10-07 09:35:16,589 - WARNING - [AUTH] Session contents: {}
2025-10-07 09:35:16,591 - INFO - [RESP] GET / - 302
2025-10-07 09:35:16,592 - INFO - 127.0.0.1 - - [07/Oct/2025 09:35:16] "[32mGET / HTTP/1.1[0m" 302 -
2025-10-07 09:35:16,601 - INFO - [REQ] GET /login - 127.0.0.1
2025-10-07 09:35:16,697 - INFO - [RESP] GET /login - 200
2025-10-07 09:35:16,699 - INFO - 127.0.0.1 - - [07/Oct/2025 09:35:16] "GET /login HTTP/1.1" 200 -
2025-10-07 09:35:17,137 - INFO - [REQ] GET /favicon.ico - 127.0.0.1
2025-10-07 09:35:17,138 - INFO - [DEBUG] Checking auth for /favicon.ico - Session: {'_flashes': [('warning', 'Please log in to access this page')]}
2025-10-07 09:35:17,138 - WARNING - [AUTH] BLOCKED unauthenticated access to /favicon.ico from 127.0.0.1
2025-10-07 09:35:17,139 - WARNING - [AUTH] Session contents: {'_flashes': [('warning', 'Please log in to access this page')]}
2025-10-07 09:35:17,139 - INFO - [RESP] GET /favicon.ico - 302
2025-10-07 09:35:17,140 - INFO - 127.0.0.1 - - [07/Oct/2025 09:35:17] "[32mGET /favicon.ico HTTP/1.1[0m" 302 -
2025-10-07 09:35:17,452 - INFO - [REQ] GET /login - 127.0.0.1
2025-10-07 09:35:17,454 - INFO - [RESP] GET /login - 200
2025-10-07 09:35:17,455 - INFO - 127.0.0.1 - - [07/Oct/2025 09:35:17] "GET /login HTTP/1.1" 200 -
2025-10-07 09:35:22,308 - INFO - [REQ] POST /login - 127.0.0.1
2025-10-07 09:35:22,951 - INFO - [LOGIN] Successful login: admin (admin) from 127.0.0.1
2025-10-07 09:35:22,953 - INFO - [RESP] POST /login - 302
2025-10-07 09:35:22,955 - INFO - 127.0.0.1 - - [07/Oct/2025 09:35:22] "[32mPOST /login HTTP/1.1[0m" 302 -
2025-10-07 09:35:22,966 - INFO - [REQ] GET / - 127.0.0.1
2025-10-07 09:35:22,968 - INFO - [DEBUG] Checking auth for / - Session: {'_flashes': [('warning', 'Please log in to access this page'), ('success', 'Welcome, admin!')], '_permanent': True, 'role': 'admin', 'session_ip': '127.0.0.1', 'session_start_time': 1759809922.951421, 'username': 'admin'}
2025-10-07 09:35:22,969 - INFO - [AUTH] Authenticated access: admin (admin) to /
2025-10-07 09:35:22,971 - INFO - [HOME] Homepage accessed by user: admin
2025-10-07 09:35:22,976 - INFO - [INFO] Loaded 1 SQL servers for display
2025-10-07 09:35:23,220 - INFO - [RESP] GET / - 200
2025-10-07 09:35:23,223 - INFO - 127.0.0.1 - - [07/Oct/2025 09:35:23] "GET / HTTP/1.1" 200 -
2025-10-07 09:35:23,566 - INFO - [REQ] GET /static/actin-logo.png - 127.0.0.1
2025-10-07 09:35:23,803 - INFO - [RESP] GET /static/actin-logo.png - 304
2025-10-07 09:35:23,805 - INFO - 127.0.0.1 - - [07/Oct/2025 09:35:23] "[36mGET /static/actin-logo.png HTTP/1.1[0m" 304 -
2025-10-07 09:35:23,826 - INFO - [REQ] GET /favicon.ico - 127.0.0.1
2025-10-07 09:35:23,828 - INFO - [DEBUG] Checking auth for /favicon.ico - Session: {'_flashes': [('warning', 'Please log in to access this page'), ('success', 'Welcome, admin!')], '_permanent': True, 'role': 'admin', 'session_ip': '127.0.0.1', 'session_start_time': 1759809922.951421, 'username': 'admin'}
2025-10-07 09:35:23,831 - INFO - [AUTH] Authenticated access: admin (admin) to /favicon.ico
2025-10-07 09:35:23,833 - INFO - [RESP] GET /favicon.ico - 404
2025-10-07 09:35:23,836 - INFO - 127.0.0.1 - - [07/Oct/2025 09:35:23] "[33mGET /favicon.ico HTTP/1.1[0m" 404 -
2025-10-07 09:35:26,204 - INFO - [REQ] GET /schedule - 127.0.0.1
2025-10-07 09:35:26,204 - INFO - [DEBUG] Checking auth for /schedule - Session: {'_flashes': [('warning', 'Please log in to access this page'), ('success', 'Welcome, admin!')], '_permanent': True, 'role': 'admin', 'session_ip': '127.0.0.1', 'session_start_time': 1759809922.951421, 'username': 'admin'}
2025-10-07 09:35:26,206 - INFO - [AUTH] Authenticated access: admin (admin) to /schedule
2025-10-07 09:35:26,434 - INFO - [RESP] GET /schedule - 200
2025-10-07 09:35:26,434 - INFO - 127.0.0.1 - - [07/Oct/2025 09:35:26] "GET /schedule HTTP/1.1" 200 -
2025-10-07 09:35:26,463 - INFO - [REQ] GET /static/actin-logo.png - 127.0.0.1
2025-10-07 09:35:26,466 - INFO - [RESP] GET /static/actin-logo.png - 304
2025-10-07 09:35:26,470 - INFO - 127.0.0.1 - - [07/Oct/2025 09:35:26] "[36mGET /static/actin-logo.png HTTP/1.1[0m" 304 -
2025-10-07 09:35:32,750 - INFO - [REQ] POST /delete-schedule/MSSQLSERVER/interval_10m - 127.0.0.1
2025-10-07 09:35:32,751 - INFO - [DEBUG] Checking auth for /delete-schedule/MSSQLSERVER/interval_10m - Session: {'_flashes': [('warning', 'Please log in to access this page'), ('success', 'Welcome, admin!')], '_permanent': True, 'role': 'admin', 'session_ip': '127.0.0.1', 'session_start_time': 1759809922.951421, 'username': 'admin'}
2025-10-07 09:35:32,752 - INFO - [AUTH] Authenticated access: admin (admin) to /delete-schedule/MSSQLSERVER/interval_10m
2025-10-07 09:35:32,829 - INFO - [RESP] POST /delete-schedule/MSSQLSERVER/interval_10m - 302
2025-10-07 09:35:32,831 - INFO - 127.0.0.1 - - [07/Oct/2025 09:35:32] "[32mPOST /delete-schedule/MSSQLSERVER/interval_10m HTTP/1.1[0m" 302 -
2025-10-07 09:35:33,072 - INFO - [REQ] GET /view-schedules - 127.0.0.1
2025-10-07 09:35:33,491 - INFO - [AUTH] Authenticated access: admin (admin) to /view-schedules
2025-10-07 09:35:33,690 - INFO - [RESP] GET /view-schedules - 200
2025-10-07 09:35:33,693 - INFO - 127.0.0.1 - - [07/Oct/2025 09:35:33] "GET /view-schedules HTTP/1.1" 200 -
2025-10-07 09:35:34,028 - INFO - [REQ] GET /api/job-statuses - 127.0.0.1
2025-10-07 09:35:34,059 - INFO - [AUTH] Authenticated access: admin (admin) to /api/job-statuses
2025-10-07 09:35:34,062 - INFO - [RESP] GET /api/job-statuses - 404
2025-10-07 09:35:34,065 - INFO - 127.0.0.1 - - [07/Oct/2025 09:35:34] "[33mGET /api/job-statuses HTTP/1.1[0m" 404 -
2025-10-07 09:35:34,291 - INFO - [REQ] GET /static/actin-logo.png - 127.0.0.1
2025-10-07 09:35:34,293 - INFO - [RESP] GET /static/actin-logo.png - 304
2025-10-07 09:35:34,296 - INFO - 127.0.0.1 - - [07/Oct/2025 09:35:34] "[36mGET /static/actin-logo.png HTTP/1.1[0m" 304 -
2025-10-07 09:35:36,453 - INFO - [REQ] GET /sync-summary - 127.0.0.1
2025-10-07 09:35:36,478 - INFO - [AUTH] Authenticated access: admin (admin) to /sync-summary
2025-10-07 09:35:37,006 - INFO - [REQ] GET /api/job-statuses - 127.0.0.1
2025-10-07 09:35:37,023 - INFO - [AUTH] Authenticated access: admin (admin) to /api/job-statuses
2025-10-07 09:35:37,025 - INFO - [RESP] GET /api/job-statuses - 404
2025-10-07 09:35:37,028 - INFO - 127.0.0.1 - - [07/Oct/2025 09:35:37] "[33mGET /api/job-statuses HTTP/1.1[0m" 404 -
2025-10-07 09:35:38,919 - INFO - [RESP] GET /sync-summary - 200
2025-10-07 09:35:38,920 - INFO - 127.0.0.1 - - [07/Oct/2025 09:35:38] "GET /sync-summary HTTP/1.1" 200 -
2025-10-07 09:35:39,252 - INFO - [REQ] GET /static/actin-logo.png - 127.0.0.1
2025-10-07 09:35:39,256 - INFO - [RESP] GET /static/actin-logo.png - 304
2025-10-07 09:35:39,259 - INFO - 127.0.0.1 - - [07/Oct/2025 09:35:39] "[36mGET /static/actin-logo.png HTTP/1.1[0m" 304 -
2025-10-07 09:35:42,333 - INFO - [REQ] GET /view-schedules - 127.0.0.1
2025-10-07 09:35:42,354 - INFO - [AUTH] Authenticated access: admin (admin) to /view-schedules
2025-10-07 09:35:42,486 - INFO - [RESP] GET /view-schedules - 200
2025-10-07 09:35:42,490 - INFO - 127.0.0.1 - - [07/Oct/2025 09:35:42] "GET /view-schedules HTTP/1.1" 200 -
2025-10-07 09:35:42,648 - INFO - [REQ] GET /static/actin-logo.png - 127.0.0.1
2025-10-07 09:35:42,650 - INFO - [RESP] GET /static/actin-logo.png - 304
2025-10-07 09:35:42,652 - INFO - 127.0.0.1 - - [07/Oct/2025 09:35:42] "[36mGET /static/actin-logo.png HTTP/1.1[0m" 304 -
2025-10-07 09:35:43,131 - INFO - [REQ] GET /api/job-statuses - 127.0.0.1
2025-10-07 09:35:43,146 - INFO - [AUTH] Authenticated access: admin (admin) to /api/job-statuses
2025-10-07 09:35:43,149 - INFO - [RESP] GET /api/job-statuses - 404
2025-10-07 09:35:43,153 - INFO - 127.0.0.1 - - [07/Oct/2025 09:35:43] "[33mGET /api/job-statuses HTTP/1.1[0m" 404 -
2025-10-07 09:35:44,464 - INFO - [REQ] GET /dashboard - 127.0.0.1
2025-10-07 09:35:44,483 - INFO - [AUTH] Authenticated access: admin (admin) to /dashboard
2025-10-07 09:35:44,875 - INFO - [RESP] GET /dashboard - 200
2025-10-07 09:35:44,878 - INFO - 127.0.0.1 - - [07/Oct/2025 09:35:44] "GET /dashboard HTTP/1.1" 200 -
2025-10-07 09:35:44,913 - INFO - [REQ] GET /static/actin-logo.png - 127.0.0.1
2025-10-07 09:35:44,916 - INFO - [RESP] GET /static/actin-logo.png - 304
2025-10-07 09:35:44,919 - INFO - 127.0.0.1 - - [07/Oct/2025 09:35:44] "[36mGET /static/actin-logo.png HTTP/1.1[0m" 304 -
2025-10-07 09:35:48,214 - INFO - [REQ] GET / - 127.0.0.1
2025-10-07 09:35:48,245 - INFO - [AUTH] Authenticated access: admin (admin) to /
2025-10-07 09:35:48,246 - INFO - [HOME] Homepage accessed by user: admin
2025-10-07 09:35:48,255 - INFO - [INFO] Loaded 1 SQL servers for display
2025-10-07 09:35:48,260 - INFO - [RESP] GET / - 200
2025-10-07 09:35:48,263 - INFO - 127.0.0.1 - - [07/Oct/2025 09:35:48] "GET / HTTP/1.1" 200 -
2025-10-07 09:35:48,444 - INFO - [REQ] GET /static/actin-logo.png - 127.0.0.1
2025-10-07 09:35:48,446 - INFO - [RESP] GET /static/actin-logo.png - 304
2025-10-07 09:35:48,447 - INFO - 127.0.0.1 - - [07/Oct/2025 09:35:48] "[36mGET /static/actin-logo.png HTTP/1.1[0m" 304 -
2025-10-07 09:35:49,511 - INFO - [REQ] GET /schedule - 127.0.0.1
2025-10-07 09:35:49,543 - INFO - [AUTH] Authenticated access: admin (admin) to /schedule
2025-10-07 09:35:49,633 - INFO - [RESP] GET /schedule - 200
2025-10-07 09:35:49,634 - INFO - 127.0.0.1 - - [07/Oct/2025 09:35:49] "GET /schedule HTTP/1.1" 200 -
2025-10-07 09:35:49,819 - INFO - [REQ] GET /static/actin-logo.png - 127.0.0.1
2025-10-07 09:35:49,822 - INFO - [RESP] GET /static/actin-logo.png - 304
2025-10-07 09:35:49,823 - INFO - 127.0.0.1 - - [07/Oct/2025 09:35:49] "[36mGET /static/actin-logo.png HTTP/1.1[0m" 304 -
2025-10-07 09:35:50,816 - INFO - [REQ] GET /dashboard - 127.0.0.1
2025-10-07 09:35:50,825 - INFO - [AUTH] Authenticated access: admin (admin) to /dashboard
2025-10-07 09:35:51,081 - INFO - [RESP] GET /dashboard - 200
2025-10-07 09:35:51,084 - INFO - 127.0.0.1 - - [07/Oct/2025 09:35:51] "GET /dashboard HTTP/1.1" 200 -
2025-10-07 09:35:51,118 - INFO - [REQ] GET /static/actin-logo.png - 127.0.0.1
2025-10-07 09:35:51,120 - INFO - [RESP] GET /static/actin-logo.png - 304
2025-10-07 09:35:51,122 - INFO - 127.0.0.1 - - [07/Oct/2025 09:35:51] "[36mGET /static/actin-logo.png HTTP/1.1[0m" 304 -
2025-10-07 09:35:56,298 - INFO - [REQ] GET /dashboard/data - 127.0.0.1
2025-10-07 09:35:56,321 - INFO - [AUTH] Authenticated access: admin (admin) to /dashboard/data
2025-10-07 09:35:56,504 - INFO - [RESP] GET /dashboard/data - 200
2025-10-07 09:35:56,505 - INFO - 127.0.0.1 - - [07/Oct/2025 09:35:56] "GET /dashboard/data HTTP/1.1" 200 -
2025-10-07 09:36:00,743 - INFO - [REQ] GET / - 127.0.0.1
2025-10-07 09:36:00,772 - INFO - [AUTH] Authenticated access: admin (admin) to /
2025-10-07 09:36:00,775 - INFO - [HOME] Homepage accessed by user: admin
2025-10-07 09:36:00,785 - INFO - [INFO] Loaded 1 SQL servers for display
2025-10-07 09:36:00,788 - INFO - [RESP] GET / - 200
2025-10-07 09:36:00,790 - INFO - 127.0.0.1 - - [07/Oct/2025 09:36:00] "GET / HTTP/1.1" 200 -
2025-10-07 09:36:00,976 - INFO - [REQ] GET /static/actin-logo.png - 127.0.0.1
2025-10-07 09:36:00,978 - INFO - [RESP] GET /static/actin-logo.png - 304
2025-10-07 09:36:00,979 - INFO - 127.0.0.1 - - [07/Oct/2025 09:36:00] "[36mGET /static/actin-logo.png HTTP/1.1[0m" 304 -
2025-10-07 09:36:01,979 - INFO - [REQ] GET /schedule - 127.0.0.1
2025-10-07 09:36:02,005 - INFO - [AUTH] Authenticated access: admin (admin) to /schedule
2025-10-07 09:36:02,100 - INFO - [RESP] GET /schedule - 200
2025-10-07 09:36:02,102 - INFO - 127.0.0.1 - - [07/Oct/2025 09:36:02] "GET /schedule HTTP/1.1" 200 -
2025-10-07 09:36:02,284 - INFO - [REQ] GET /static/actin-logo.png - 127.0.0.1
2025-10-07 09:36:02,288 - INFO - [RESP] GET /static/actin-logo.png - 304
2025-10-07 09:36:02,291 - INFO - 127.0.0.1 - - [07/Oct/2025 09:36:02] "[36mGET /static/actin-logo.png HTTP/1.1[0m" 304 -
2025-10-07 09:36:09,373 - INFO - [REQ] POST /schedule - 127.0.0.1
2025-10-07 09:36:09,383 - INFO - [AUTH] Authenticated access: admin (admin) to /schedule
2025-10-07 09:36:09,516 - INFO - [RESP] POST /schedule - 302
2025-10-07 09:36:09,520 - INFO - 127.0.0.1 - - [07/Oct/2025 09:36:09] "[32mPOST /schedule HTTP/1.1[0m" 302 -
2025-10-07 09:36:09,532 - INFO - [REQ] GET /schedule - 127.0.0.1
2025-10-07 09:36:09,552 - INFO - [AUTH] Authenticated access: admin (admin) to /schedule
2025-10-07 09:36:09,620 - INFO - [REQ] GET /schedule - 127.0.0.1
2025-10-07 09:36:09,633 - INFO - [AUTH] Authenticated access: admin (admin) to /schedule
2025-10-07 09:36:09,689 - INFO - [RESP] GET /schedule - 200
2025-10-07 09:36:09,692 - INFO - 127.0.0.1 - - [07/Oct/2025 09:36:09] "GET /schedule HTTP/1.1" 200 -
2025-10-07 09:36:09,763 - INFO - [RESP] GET /schedule - 200
2025-10-07 09:36:09,765 - INFO - 127.0.0.1 - - [07/Oct/2025 09:36:09] "GET /schedule HTTP/1.1" 200 -
2025-10-07 09:36:09,901 - INFO - [REQ] GET /static/actin-logo.png - 127.0.0.1
2025-10-07 09:36:09,903 - INFO - [RESP] GET /static/actin-logo.png - 304
2025-10-07 09:36:09,906 - INFO - 127.0.0.1 - - [07/Oct/2025 09:36:09] "[36mGET /static/actin-logo.png HTTP/1.1[0m" 304 -
2025-10-07 10:08:37,080 - INFO - [INIT] Initializing Flask application...
2025-10-07 10:08:37,080 - INFO - [CONFIG] Loading configuration...
2025-10-07 10:08:37,081 - INFO - [AUTH] Authentication system ready
2025-10-07 10:08:37,081 - INFO - [DATABASE] Database connections configured
2025-10-07 10:08:37,082 - INFO - [SCHEDULER] Scheduler system active
2025-10-07 10:08:37,083 - INFO - [STARTUP] Application startup complete!
2025-10-07 10:08:37,112 - INFO - [31m[1mWARNING: This is a development server. Do not use it in a production deployment. Use a production WSGI server instead.[0m
 * Running on http://127.0.0.1:5000
2025-10-07 10:08:37,113 - INFO - [33mPress CTRL+C to quit[0m
2025-10-07 10:08:37,114 - INFO -  * Restarting with stat
2025-10-07 10:08:38,737 - INFO - [INIT] Initializing Flask application...
2025-10-07 10:08:38,738 - INFO - [CONFIG] Loading configuration...
2025-10-07 10:08:38,738 - INFO - [AUTH] Authentication system ready
2025-10-07 10:08:38,738 - INFO - [DATABASE] Database connections configured
2025-10-07 10:08:38,739 - INFO - [SCHEDULER] Scheduler system active
2025-10-07 10:08:38,739 - INFO - [STARTUP] Application startup complete!
2025-10-07 10:08:38,757 - WARNING -  * Debugger is active!
2025-10-07 10:08:38,760 - INFO -  * Debugger PIN: 499-062-501
2025-10-07 10:10:31,921 - INFO - [REQ] GET / - 127.0.0.1
2025-10-07 10:10:31,942 - INFO - [AUTH] Cleared old session from previous server instance
2025-10-07 10:10:31,942 - WARNING - [AUTH] BLOCKED unauthenticated access to / from 127.0.0.1
2025-10-07 10:10:31,943 - WARNING - [AUTH] Session contents: {}
2025-10-07 10:10:31,944 - INFO - [RESP] GET / - 302
2025-10-07 10:10:31,946 - INFO - 127.0.0.1 - - [07/Oct/2025 10:10:31] "[32mGET / HTTP/1.1[0m" 302 -
2025-10-07 10:10:32,152 - INFO - [REQ] GET /login - 127.0.0.1
2025-10-07 10:10:32,160 - INFO - [RESP] GET /login - 200
2025-10-07 10:10:32,161 - INFO - 127.0.0.1 - - [07/Oct/2025 10:10:32] "GET /login HTTP/1.1" 200 -
2025-10-07 10:10:37,323 - INFO - [REQ] POST /login - 127.0.0.1
2025-10-07 10:10:38,018 - INFO - [LOGIN] Successful login: admin (admin) from 127.0.0.1
2025-10-07 10:10:38,019 - INFO - [RESP] POST /login - 302
2025-10-07 10:10:38,022 - INFO - 127.0.0.1 - - [07/Oct/2025 10:10:38] "[32mPOST /login HTTP/1.1[0m" 302 -
2025-10-07 10:10:38,031 - INFO - [REQ] GET / - 127.0.0.1
2025-10-07 10:10:38,032 - INFO - [DEBUG] Checking auth for / - Session: {'_flashes': [('warning', 'Please log in to access this page'), ('success', 'Welcome, admin!')], '_permanent': True, 'role': 'admin', 'session_ip': '127.0.0.1', 'session_start_time': 1759812038.018072, 'username': 'admin'}
2025-10-07 10:10:38,032 - INFO - [AUTH] Authenticated access: admin (admin) to /
2025-10-07 10:10:38,033 - INFO - [HOME] Homepage accessed by user: admin
2025-10-07 10:10:38,037 - INFO - [INFO] Loaded 1 SQL servers for display
2025-10-07 10:10:38,079 - INFO - [RESP] GET / - 200
2025-10-07 10:10:38,081 - INFO - 127.0.0.1 - - [07/Oct/2025 10:10:38] "GET / HTTP/1.1" 200 -
2025-10-07 10:10:38,418 - INFO - [REQ] GET /static/actin-logo.png - 127.0.0.1
2025-10-07 10:10:38,611 - INFO - [RESP] GET /static/actin-logo.png - 304
2025-10-07 10:10:38,612 - INFO - 127.0.0.1 - - [07/Oct/2025 10:10:38] "[36mGET /static/actin-logo.png HTTP/1.1[0m" 304 -
2025-10-07 10:13:53,098 - INFO -  * Detected change in 'C:\\Users\\SaadSayyed\\Desktop\\nitin_sir_7\\nitin_sir5\\hybrid_sync.py', reloading
2025-10-07 10:13:53,247 - INFO -  * Restarting with stat
2025-10-07 10:27:46,413 - INFO - [INIT] Initializing Flask application...
2025-10-07 10:27:46,415 - INFO - [CONFIG] Loading configuration...
2025-10-07 10:27:46,416 - INFO - [AUTH] Authentication system ready
2025-10-07 10:27:46,416 - INFO - [DATABASE] Database connections configured
2025-10-07 10:27:46,416 - INFO - [SCHEDULER] Scheduler system active
2025-10-07 10:27:46,417 - INFO - [STARTUP] Application startup complete!
2025-10-07 10:27:46,449 - INFO - [31m[1mWARNING: This is a development server. Do not use it in a production deployment. Use a production WSGI server instead.[0m
 * Running on http://127.0.0.1:5000
2025-10-07 10:27:46,450 - INFO - [33mPress CTRL+C to quit[0m
2025-10-07 10:27:46,451 - INFO -  * Restarting with stat
2025-10-07 10:27:47,787 - INFO - [INIT] Initializing Flask application...
2025-10-07 10:27:47,788 - INFO - [CONFIG] Loading configuration...
2025-10-07 10:27:47,788 - INFO - [AUTH] Authentication system ready
2025-10-07 10:27:47,788 - INFO - [DATABASE] Database connections configured
2025-10-07 10:27:47,789 - INFO - [SCHEDULER] Scheduler system active
2025-10-07 10:27:47,789 - INFO - [STARTUP] Application startup complete!
2025-10-07 10:27:47,803 - WARNING -  * Debugger is active!
2025-10-07 10:27:47,806 - INFO -  * Debugger PIN: 499-062-501
2025-10-07 10:27:51,586 - INFO - [REQ] GET / - 127.0.0.1
2025-10-07 10:27:51,588 - INFO - [DEBUG] Checking auth for / - Session: {}
2025-10-07 10:27:51,591 - WARNING - [AUTH] BLOCKED unauthenticated access to / from 127.0.0.1
2025-10-07 10:27:51,592 - WARNING - [AUTH] Session contents: {}
2025-10-07 10:27:51,597 - INFO - [RESP] GET / - 302
2025-10-07 10:27:51,605 - INFO - 127.0.0.1 - - [07/Oct/2025 10:27:51] "[32mGET / HTTP/1.1[0m" 302 -
2025-10-07 10:27:51,630 - INFO - [REQ] GET /login - 127.0.0.1
2025-10-07 10:27:51,645 - INFO - [RESP] GET /login - 200
2025-10-07 10:27:51,647 - INFO - 127.0.0.1 - - [07/Oct/2025 10:27:51] "GET /login HTTP/1.1" 200 -
2025-10-07 10:27:53,691 - INFO - [REQ] POST /login - 127.0.0.1
2025-10-07 10:27:54,408 - INFO - [LOGIN] Successful login: admin (admin) from 127.0.0.1
2025-10-07 10:27:54,409 - INFO - [RESP] POST /login - 302
2025-10-07 10:27:54,411 - INFO - 127.0.0.1 - - [07/Oct/2025 10:27:54] "[32mPOST /login HTTP/1.1[0m" 302 -
2025-10-07 10:27:54,416 - INFO - [REQ] GET / - 127.0.0.1
2025-10-07 10:27:54,419 - INFO - [DEBUG] Checking auth for / - Session: {'_flashes': [('warning', 'Please log in to access this page'), ('success', 'Welcome, admin!')], '_permanent': True, 'role': 'admin', 'session_ip': '127.0.0.1', 'session_start_time': 1759813074.408133, 'username': 'admin'}
2025-10-07 10:27:54,420 - INFO - [AUTH] Authenticated access: admin (admin) to /
2025-10-07 10:27:54,420 - INFO - [HOME] Homepage accessed by user: admin
2025-10-07 10:27:54,424 - INFO - [INFO] Loaded 1 SQL servers for display
2025-10-07 10:27:54,564 - INFO - [RESP] GET / - 200
2025-10-07 10:27:54,566 - INFO - 127.0.0.1 - - [07/Oct/2025 10:27:54] "GET / HTTP/1.1" 200 -
2025-10-07 10:27:54,599 - INFO - [REQ] GET /static/actin-logo.png - 127.0.0.1
2025-10-07 10:27:54,772 - INFO - [RESP] GET /static/actin-logo.png - 304
2025-10-07 10:27:54,774 - INFO - 127.0.0.1 - - [07/Oct/2025 10:27:54] "[36mGET /static/actin-logo.png HTTP/1.1[0m" 304 -
2025-10-07 10:27:57,738 - INFO - [REQ] GET /sync/server1 - 127.0.0.1
2025-10-07 10:27:57,741 - INFO - [DEBUG] Checking auth for /sync/server1 - Session: {'_flashes': [('warning', 'Please log in to access this page'), ('success', 'Welcome, admin!')], '_permanent': True, 'role': 'admin', 'session_ip': '127.0.0.1', 'session_start_time': 1759813074.408133, 'username': 'admin'}
2025-10-07 10:27:57,745 - INFO - [AUTH] Authenticated access: admin (admin) to /sync/server1
2025-10-07 10:27:57,856 - INFO - MIGRATION STARTED for server1
2025-10-07 10:27:58,112 - INFO - Sync tracking table created/verified
2025-10-07 10:27:59,843 - INFO - Connected to SQL Server: 192.168.18.51
2025-10-07 10:28:00,165 - INFO - Found 6 databases on 192.168.18.51
2025-10-07 10:28:00,171 - INFO - DATABASE START: server1/hel
2025-10-07 10:28:00,174 - INFO - Cleaned up system table: 1921681851_hel.sys_trace_xe_event_map
2025-10-07 10:28:00,176 - INFO - Cleaned up system table: 1921681851_hel.sys_trace_xe_action_map
2025-10-07 10:28:00,491 - INFO - === Starting INCREMENTAL sync for database: hel ===
2025-10-07 10:28:01,120 - INFO - [INCR SYNC] dbo.hel2et: row_count=10, sync_col=HelmetId, last_value=None
2025-10-07 10:28:01,603 - INFO - Schema '1921681851_hel' created/verified successfully
2025-10-07 10:28:01,749 - INFO - Last value is None for dbo.hel2et, using hash-based deduplication
2025-10-07 10:28:01,899 - INFO - No new rows found for dbo.hel2et
2025-10-07 10:28:02,187 - INFO - [INCR SYNC] dbo.helmet: row_count=10, sync_col=HelmetId, last_value=None
2025-10-07 10:28:02,281 - INFO - Schema '1921681851_hel' created/verified successfully
2025-10-07 10:28:02,328 - INFO - Last value is None for dbo.helmet, using hash-based deduplication
2025-10-07 10:28:02,394 - INFO - No new rows found for dbo.helmet
2025-10-07 10:28:02,636 - INFO - [INCR SYNC] dbo.stock_items1: row_count=10, sync_col=id, last_value=None
2025-10-07 10:28:02,742 - INFO - Schema '1921681851_hel' created/verified successfully
2025-10-07 10:28:02,789 - INFO - Last value is None for dbo.stock_items1, using hash-based deduplication
2025-10-07 10:28:02,852 - INFO - No new rows found for dbo.stock_items1
2025-10-07 10:28:03,146 - INFO - [INCR SYNC] dbo.stock_items2: row_count=10, sync_col=id, last_value=None
2025-10-07 10:28:03,236 - INFO - Schema '1921681851_hel' created/verified successfully
2025-10-07 10:28:03,291 - INFO - Last value is None for dbo.stock_items2, using hash-based deduplication
2025-10-07 10:28:03,363 - INFO - No new rows found for dbo.stock_items2
2025-10-07 10:28:03,692 - INFO - [INCR SYNC] dbo.stock_items3: row_count=10, sync_col=id, last_value=None
2025-10-07 10:28:03,789 - INFO - Schema '1921681851_hel' created/verified successfully
2025-10-07 10:28:03,839 - INFO - Last value is None for dbo.stock_items3, using hash-based deduplication
2025-10-07 10:28:03,913 - INFO - No new rows found for dbo.stock_items3
2025-10-07 10:28:04,182 - INFO - [INCR SYNC] dbo.stock_items4: row_count=10, sync_col=id, last_value=None
2025-10-07 10:28:04,264 - INFO - Schema '1921681851_hel' created/verified successfully
2025-10-07 10:28:04,321 - INFO - Last value is None for dbo.stock_items4, using hash-based deduplication
2025-10-07 10:28:04,372 - INFO - No new rows found for dbo.stock_items4
2025-10-07 10:28:04,646 - INFO - [INCR SYNC] dbo.stock_items5: row_count=10, sync_col=id, last_value=None
2025-10-07 10:28:04,820 - INFO - Schema '1921681851_hel' created/verified successfully
2025-10-07 10:28:04,877 - INFO - Last value is None for dbo.stock_items5, using hash-based deduplication
2025-10-07 10:28:04,939 - INFO - No new rows found for dbo.stock_items5
2025-10-07 10:28:05,239 - INFO - [INCR SYNC] dbo.stock_items6: row_count=10, sync_col=id, last_value=None
2025-10-07 10:28:05,337 - INFO - Schema '1921681851_hel' created/verified successfully
2025-10-07 10:28:05,382 - INFO - Last value is None for dbo.stock_items6, using hash-based deduplication
2025-10-07 10:28:05,444 - INFO - No new rows found for dbo.stock_items6
2025-10-07 10:28:05,679 - INFO - [INCR SYNC] sys.trace_xe_action_map: row_count=22, sync_col=None, last_value=None
2025-10-07 10:28:05,940 - INFO - [INCR SYNC] sys.trace_xe_event_map: row_count=139, sync_col=None, last_value=None
2025-10-07 10:28:05,943 - INFO - === INCREMENTAL sync completed for hel, 10/10 tables processed ===
2025-10-07 10:28:05,971 - INFO - server1/hel: processed 10 tables
2025-10-07 10:28:06,013 - INFO - DATABASE START: server1/saad1
2025-10-07 10:28:06,016 - INFO - Cleaned up system table: 1921681851_saad1.sys_trace_xe_event_map
2025-10-07 10:28:06,019 - INFO - Cleaned up system table: 1921681851_saad1.sys_trace_xe_action_map
2025-10-07 10:28:06,170 - INFO - === Starting INCREMENTAL sync for database: saad1 ===
2025-10-07 10:28:06,538 - INFO - [INCR SYNC] dbo.stock_items6: row_count=10, sync_col=id, last_value=None
2025-10-07 10:28:06,940 - INFO - Schema '1921681851_saad1' created/verified successfully
2025-10-07 10:28:07,011 - INFO - Last value is None for dbo.stock_items6, using hash-based deduplication
2025-10-07 10:28:07,077 - INFO - No new rows found for dbo.stock_items6
2025-10-07 10:28:07,299 - INFO - [INCR SYNC] sys.trace_xe_action_map: row_count=22, sync_col=None, last_value=None
2025-10-07 10:28:07,517 - INFO - [INCR SYNC] sys.trace_xe_event_map: row_count=139, sync_col=None, last_value=None
2025-10-07 10:28:07,519 - INFO - === INCREMENTAL sync completed for saad1, 3/3 tables processed ===
2025-10-07 10:28:07,544 - INFO - server1/saad1: processed 3 tables
2025-10-07 10:28:07,580 - INFO - DATABASE START: server1/SampleDB3
2025-10-07 10:28:07,583 - INFO - Cleaned up system table: 1921681851_SampleDB3.sys_trace_xe_event_map
2025-10-07 10:28:07,586 - INFO - Cleaned up system table: 1921681851_SampleDB3.sys_trace_xe_action_map
2025-10-07 10:28:07,788 - INFO - === Starting INCREMENTAL sync for database: SampleDB3 ===
2025-10-07 10:28:08,244 - INFO - [INCR SYNC] dbo.Employees: row_count=5, sync_col=EmployeeID, last_value=None
2025-10-07 10:28:08,626 - INFO - Schema '1921681851_SampleDB3' created/verified successfully
2025-10-07 10:28:08,677 - INFO - Last value is None for dbo.Employees, using hash-based deduplication
2025-10-07 10:28:08,735 - INFO - No new rows found for dbo.Employees
2025-10-07 10:28:09,030 - INFO - [INCR SYNC] sys.trace_xe_action_map: row_count=22, sync_col=None, last_value=None
2025-10-07 10:28:09,343 - INFO - [INCR SYNC] sys.trace_xe_event_map: row_count=139, sync_col=None, last_value=None
2025-10-07 10:28:09,345 - INFO - === INCREMENTAL sync completed for SampleDB3, 3/3 tables processed ===
2025-10-07 10:28:09,373 - INFO - server1/SampleDB3: processed 3 tables
2025-10-07 10:28:09,401 - INFO - DATABASE START: server1/SampleDB4
2025-10-07 10:28:09,403 - INFO - Cleaned up system table: 1921681851_SampleDB4.sys_trace_xe_event_map
2025-10-07 10:28:09,406 - INFO - Cleaned up system table: 1921681851_SampleDB4.sys_trace_xe_action_map
2025-10-07 10:28:09,626 - INFO - === Starting INCREMENTAL sync for database: SampleDB4 ===
2025-10-07 10:28:10,151 - INFO - [INCR SYNC] dbo.Employees: row_count=5, sync_col=EmployeeID, last_value=None
2025-10-07 10:28:10,528 - INFO - Schema '1921681851_SampleDB4' created/verified successfully
2025-10-07 10:28:10,576 - INFO - Last value is None for dbo.Employees, using hash-based deduplication
2025-10-07 10:28:10,634 - INFO - No new rows found for dbo.Employees
2025-10-07 10:28:10,976 - INFO - [INCR SYNC] sys.trace_xe_action_map: row_count=22, sync_col=None, last_value=None
2025-10-07 10:28:11,259 - INFO - [INCR SYNC] sys.trace_xe_event_map: row_count=139, sync_col=None, last_value=None
2025-10-07 10:28:11,260 - INFO - === INCREMENTAL sync completed for SampleDB4, 3/3 tables processed ===
2025-10-07 10:28:11,264 - INFO - server1/SampleDB4: processed 3 tables
2025-10-07 10:28:11,288 - INFO - DATABASE START: server1/SampleDB5
2025-10-07 10:28:11,291 - INFO - Cleaned up system table: 1921681851_SampleDB5.sys_trace_xe_event_map
2025-10-07 10:28:11,292 - INFO - Cleaned up system table: 1921681851_SampleDB5.sys_trace_xe_action_map
2025-10-07 10:28:11,545 - INFO - === Starting INCREMENTAL sync for database: SampleDB5 ===
2025-10-07 10:28:12,012 - INFO - [INCR SYNC] dbo.Employees: row_count=5, sync_col=EmployeeID, last_value=None
2025-10-07 10:28:12,471 - INFO - Schema '1921681851_SampleDB5' created/verified successfully
2025-10-07 10:28:12,517 - INFO - Last value is None for dbo.Employees, using hash-based deduplication
2025-10-07 10:28:12,566 - INFO - No new rows found for dbo.Employees
2025-10-07 10:28:12,920 - INFO - [INCR SYNC] sys.trace_xe_action_map: row_count=22, sync_col=None, last_value=None
2025-10-07 10:28:13,248 - INFO - [INCR SYNC] sys.trace_xe_event_map: row_count=139, sync_col=None, last_value=None
2025-10-07 10:28:13,249 - INFO - === INCREMENTAL sync completed for SampleDB5, 3/3 tables processed ===
2025-10-07 10:28:13,252 - INFO - server1/SampleDB5: processed 3 tables
2025-10-07 10:28:13,307 - INFO - DATABASE START: server1/Vikas
2025-10-07 10:28:13,311 - INFO - Cleaned up system table: 1921681851_Vikas.sys_trace_xe_event_map
2025-10-07 10:28:13,313 - INFO - Cleaned up system table: 1921681851_Vikas.sys_trace_xe_action_map
2025-10-07 10:28:13,426 - INFO - === Starting INCREMENTAL sync for database: Vikas ===
2025-10-07 10:28:13,944 - INFO - [INCR SYNC] dbo.stock_items6: row_count=10, sync_col=id, last_value=None
2025-10-07 10:28:14,290 - INFO - Schema '1921681851_Vikas' created/verified successfully
2025-10-07 10:28:14,339 - INFO - Last value is None for dbo.stock_items6, using hash-based deduplication
2025-10-07 10:28:14,421 - INFO - No new rows found for dbo.stock_items6
2025-10-07 10:28:14,670 - INFO - [INCR SYNC] dbo.Table_1: row_count=0, sync_col=None, last_value=None
2025-10-07 10:28:14,757 - INFO - Schema '1921681851_Vikas' created/verified successfully
2025-10-07 10:28:14,849 - INFO - Table dbo.Table_1 is empty, but schema ensured in PostgreSQL
2025-10-07 10:28:15,126 - INFO - [INCR SYNC] sys.trace_xe_action_map: row_count=22, sync_col=None, last_value=None
2025-10-07 10:28:15,389 - INFO - [INCR SYNC] sys.trace_xe_event_map: row_count=139, sync_col=None, last_value=None
2025-10-07 10:28:15,391 - INFO - === INCREMENTAL sync completed for Vikas, 4/4 tables processed ===
2025-10-07 10:28:15,416 - INFO - server1/Vikas: processed 4 tables
2025-10-07 10:28:15,454 - INFO - Completed server1
2025-10-07 10:28:15,550 - INFO - [RESP] GET /sync/server1 - 302
2025-10-07 10:28:15,551 - INFO - 127.0.0.1 - - [07/Oct/2025 10:28:15] "[32mGET /sync/server1 HTTP/1.1[0m" 302 -
2025-10-07 10:28:15,558 - INFO - [REQ] GET / - 127.0.0.1
2025-10-07 10:28:15,565 - INFO - [AUTH] Authenticated access: admin (admin) to /
2025-10-07 10:28:15,566 - INFO - [HOME] Homepage accessed by user: admin
2025-10-07 10:28:15,568 - INFO - [INFO] Loaded 1 SQL servers for display
2025-10-07 10:28:15,569 - INFO - [RESP] GET / - 200
2025-10-07 10:28:15,570 - INFO - 127.0.0.1 - - [07/Oct/2025 10:28:15] "GET / HTTP/1.1" 200 -
2025-10-07 10:28:17,141 - INFO - [REQ] GET /sync-summary - 127.0.0.1
2025-10-07 10:28:17,150 - INFO - [AUTH] Authenticated access: admin (admin) to /sync-summary
2025-10-07 10:28:18,417 - INFO - [RESP] GET /sync-summary - 200
2025-10-07 10:28:18,418 - INFO - 127.0.0.1 - - [07/Oct/2025 10:28:18] "GET /sync-summary HTTP/1.1" 200 -
2025-10-07 10:28:18,448 - INFO - [REQ] GET /static/actin-logo.png - 127.0.0.1
2025-10-07 10:28:18,450 - INFO - [RESP] GET /static/actin-logo.png - 304
2025-10-07 10:28:18,452 - INFO - 127.0.0.1 - - [07/Oct/2025 10:28:18] "[36mGET /static/actin-logo.png HTTP/1.1[0m" 304 -
2025-10-07 10:28:18,703 - INFO - [REQ] GET /sync-summary/quick.json - 127.0.0.1
2025-10-07 10:28:18,711 - INFO - [AUTH] Authenticated access: admin (admin) to /sync-summary/quick.json
2025-10-07 10:28:18,712 - INFO - Cache hit for all_servers
2025-10-07 10:28:18,713 - INFO - [RESP] GET /sync-summary/quick.json - 200
2025-10-07 10:28:18,714 - INFO - 127.0.0.1 - - [07/Oct/2025 10:28:18] "GET /sync-summary/quick.json HTTP/1.1" 200 -
2025-10-07 10:28:21,753 - INFO - [REQ] GET /sync-summary/server1 - 127.0.0.1
2025-10-07 10:28:21,774 - INFO - [AUTH] Authenticated access: admin (admin) to /sync-summary/server1
2025-10-07 10:28:21,775 - INFO - Cache hit for individual:server1
2025-10-07 10:28:22,499 - INFO - [RESP] GET /sync-summary/server1 - 200
2025-10-07 10:28:22,503 - INFO - 127.0.0.1 - - [07/Oct/2025 10:28:22] "GET /sync-summary/server1 HTTP/1.1" 200 -
2025-10-07 10:28:22,539 - INFO - [REQ] GET /static/actin-logo.png - 127.0.0.1
2025-10-07 10:28:22,543 - INFO - [RESP] GET /static/actin-logo.png - 304
2025-10-07 10:28:22,546 - INFO - 127.0.0.1 - - [07/Oct/2025 10:28:22] "[36mGET /static/actin-logo.png HTTP/1.1[0m" 304 -
2025-10-07 10:28:26,318 - INFO - [REQ] GET /schedule - 127.0.0.1
2025-10-07 10:28:26,331 - INFO - [AUTH] Authenticated access: admin (admin) to /schedule
2025-10-07 10:28:26,487 - INFO - [RESP] GET /schedule - 200
2025-10-07 10:28:26,489 - INFO - 127.0.0.1 - - [07/Oct/2025 10:28:26] "GET /schedule HTTP/1.1" 200 -
2025-10-07 10:28:26,515 - INFO - [REQ] GET /static/actin-logo.png - 127.0.0.1
2025-10-07 10:28:26,517 - INFO - [RESP] GET /static/actin-logo.png - 304
2025-10-07 10:28:26,520 - INFO - 127.0.0.1 - - [07/Oct/2025 10:28:26] "[36mGET /static/actin-logo.png HTTP/1.1[0m" 304 -
2025-10-07 10:28:31,106 - INFO - [REQ] GET /dashboard - 127.0.0.1
2025-10-07 10:28:31,125 - INFO - [AUTH] Authenticated access: admin (admin) to /dashboard
2025-10-07 10:28:31,362 - INFO - [RESP] GET /dashboard - 200
2025-10-07 10:28:31,364 - INFO - 127.0.0.1 - - [07/Oct/2025 10:28:31] "GET /dashboard HTTP/1.1" 200 -
2025-10-07 10:28:31,390 - INFO - [REQ] GET /static/actin-logo.png - 127.0.0.1
2025-10-07 10:28:31,392 - INFO - [RESP] GET /static/actin-logo.png - 304
2025-10-07 10:28:31,394 - INFO - 127.0.0.1 - - [07/Oct/2025 10:28:31] "[36mGET /static/actin-logo.png HTTP/1.1[0m" 304 -
2025-10-07 10:28:35,186 - INFO - [REQ] GET /view-schedules - 127.0.0.1
2025-10-07 10:28:35,200 - INFO - [AUTH] Authenticated access: admin (admin) to /view-schedules
2025-10-07 10:28:35,289 - INFO - [RESP] GET /view-schedules - 200
2025-10-07 10:28:35,291 - INFO - 127.0.0.1 - - [07/Oct/2025 10:28:35] "GET /view-schedules HTTP/1.1" 200 -
2025-10-07 10:28:35,318 - INFO - [REQ] GET /static/actin-logo.png - 127.0.0.1
2025-10-07 10:28:35,320 - INFO - [RESP] GET /static/actin-logo.png - 304
2025-10-07 10:28:35,321 - INFO - 127.0.0.1 - - [07/Oct/2025 10:28:35] "[36mGET /static/actin-logo.png HTTP/1.1[0m" 304 -
2025-10-07 10:28:35,537 - INFO - [REQ] GET /api/job-statuses - 127.0.0.1
2025-10-07 10:28:35,545 - INFO - [AUTH] Authenticated access: admin (admin) to /api/job-statuses
2025-10-07 10:28:35,547 - INFO - [RESP] GET /api/job-statuses - 404
2025-10-07 10:28:35,549 - INFO - 127.0.0.1 - - [07/Oct/2025 10:28:35] "[33mGET /api/job-statuses HTTP/1.1[0m" 404 -
2025-10-07 10:28:36,530 - INFO - [REQ] GET /sync-summary - 127.0.0.1
2025-10-07 10:28:36,544 - INFO - [AUTH] Authenticated access: admin (admin) to /sync-summary
2025-10-07 10:28:36,546 - INFO - Cache hit for all_servers
2025-10-07 10:28:36,548 - INFO - [RESP] GET /sync-summary - 200
2025-10-07 10:28:36,550 - INFO - 127.0.0.1 - - [07/Oct/2025 10:28:36] "GET /sync-summary HTTP/1.1" 200 -
2025-10-07 10:28:36,580 - INFO - [REQ] GET /static/actin-logo.png - 127.0.0.1
2025-10-07 10:28:36,581 - INFO - [RESP] GET /static/actin-logo.png - 304
2025-10-07 10:28:36,584 - INFO - 127.0.0.1 - - [07/Oct/2025 10:28:36] "[36mGET /static/actin-logo.png HTTP/1.1[0m" 304 -
2025-10-07 10:28:36,822 - INFO - [REQ] GET /sync-summary/quick.json - 127.0.0.1
2025-10-07 10:28:36,831 - INFO - [AUTH] Authenticated access: admin (admin) to /sync-summary/quick.json
2025-10-07 10:28:36,832 - INFO - Cache hit for all_servers
2025-10-07 10:28:36,834 - INFO - [RESP] GET /sync-summary/quick.json - 200
2025-10-07 10:28:36,835 - INFO - 127.0.0.1 - - [07/Oct/2025 10:28:36] "GET /sync-summary/quick.json HTTP/1.1" 200 -
2025-10-07 10:28:37,744 - INFO - [REQ] GET /logs - 127.0.0.1
2025-10-07 10:28:37,763 - INFO - [AUTH] Authenticated access: admin (admin) to /logs
2025-10-07 10:28:41,895 - INFO - [RESP] GET /logs - 200
2025-10-07 10:28:41,898 - INFO - 127.0.0.1 - - [07/Oct/2025 10:28:41] "GET /logs HTTP/1.1" 200 -
2025-10-07 10:28:41,940 - INFO - [REQ] GET /static/actin-logo.png - 127.0.0.1
2025-10-07 10:28:41,942 - INFO - [RESP] GET /static/actin-logo.png - 304
2025-10-07 10:28:41,944 - INFO - 127.0.0.1 - - [07/Oct/2025 10:28:41] "[36mGET /static/actin-logo.png HTTP/1.1[0m" 304 -
2025-10-07 10:28:49,293 - INFO - [REQ] GET /create-user - 127.0.0.1
2025-10-07 10:28:49,318 - INFO - [AUTH] Authenticated access: admin (admin) to /create-user
2025-10-07 10:28:49,327 - INFO - [RESP] GET /create-user - 200
2025-10-07 10:28:49,330 - INFO - 127.0.0.1 - - [07/Oct/2025 10:28:49] "GET /create-user HTTP/1.1" 200 -
2025-10-07 10:28:49,361 - INFO - [REQ] GET /static/actin-logo.png - 127.0.0.1
2025-10-07 10:28:49,364 - INFO - [RESP] GET /static/actin-logo.png - 304
2025-10-07 10:28:49,366 - INFO - 127.0.0.1 - - [07/Oct/2025 10:28:49] "[36mGET /static/actin-logo.png HTTP/1.1[0m" 304 -
2025-10-07 10:28:51,039 - INFO - [REQ] GET / - 127.0.0.1
2025-10-07 10:28:51,050 - INFO - [AUTH] Authenticated access: admin (admin) to /
2025-10-07 10:28:51,051 - INFO - [HOME] Homepage accessed by user: admin
2025-10-07 10:28:51,057 - INFO - [INFO] Loaded 1 SQL servers for display
2025-10-07 10:28:51,059 - INFO - [RESP] GET / - 200
2025-10-07 10:28:51,061 - INFO - 127.0.0.1 - - [07/Oct/2025 10:28:51] "GET / HTTP/1.1" 200 -
2025-10-07 10:28:51,087 - INFO - [REQ] GET /static/actin-logo.png - 127.0.0.1
2025-10-07 10:28:51,089 - INFO - [RESP] GET /static/actin-logo.png - 304
2025-10-07 10:28:51,090 - INFO - 127.0.0.1 - - [07/Oct/2025 10:28:51] "[36mGET /static/actin-logo.png HTTP/1.1[0m" 304 -
2025-10-07 10:29:38,413 - INFO - [REQ] GET /sync-summary - 127.0.0.1
2025-10-07 10:29:38,415 - INFO - [DEBUG] Checking auth for /sync-summary - Session: {'_flashes': [('warning', 'Please log in to access this page'), ('success', 'Welcome, admin!')], '_permanent': True, 'role': 'admin', 'session_ip': '127.0.0.1', 'session_start_time': 1759812038.018072, 'username': 'admin'}
2025-10-07 10:29:38,417 - INFO - [AUTH] Cleared old session from previous server instance
2025-10-07 10:29:38,418 - WARNING - [AUTH] BLOCKED unauthenticated access to /sync-summary from 127.0.0.1
2025-10-07 10:29:38,421 - WARNING - [AUTH] Session contents: {}
2025-10-07 10:29:38,423 - INFO - [RESP] GET /sync-summary - 302
2025-10-07 10:29:38,427 - INFO - 127.0.0.1 - - [07/Oct/2025 10:29:38] "[32mGET /sync-summary HTTP/1.1[0m" 302 -
2025-10-07 10:29:38,433 - INFO - [REQ] GET /login - 127.0.0.1
2025-10-07 10:29:38,437 - INFO - [RESP] GET /login - 200
2025-10-07 10:29:38,438 - INFO - 127.0.0.1 - - [07/Oct/2025 10:29:38] "GET /login HTTP/1.1" 200 -
2025-10-07 10:29:44,803 - INFO - [REQ] POST /login - 127.0.0.1
2025-10-07 10:29:45,443 - INFO - [LOGIN] Successful login: admin (admin) from 127.0.0.1
2025-10-07 10:29:45,446 - INFO - [RESP] POST /login - 302
2025-10-07 10:29:45,450 - INFO - 127.0.0.1 - - [07/Oct/2025 10:29:45] "[32mPOST /login HTTP/1.1[0m" 302 -
2025-10-07 10:29:45,458 - INFO - [REQ] GET / - 127.0.0.1
2025-10-07 10:29:45,462 - INFO - [DEBUG] Checking auth for / - Session: {'_flashes': [('warning', 'Please log in to access this page'), ('success', 'Welcome, admin!')], '_permanent': True, 'role': 'admin', 'session_ip': '127.0.0.1', 'session_start_time': 1759813185.442919, 'username': 'admin'}
2025-10-07 10:29:45,465 - INFO - [AUTH] Authenticated access: admin (admin) to /
2025-10-07 10:29:45,466 - INFO - [HOME] Homepage accessed by user: admin
2025-10-07 10:29:45,476 - INFO - [INFO] Loaded 1 SQL servers for display
2025-10-07 10:29:45,487 - INFO - [RESP] GET / - 200
2025-10-07 10:29:45,492 - INFO - 127.0.0.1 - - [07/Oct/2025 10:29:45] "GET / HTTP/1.1" 200 -
2025-10-07 10:29:45,549 - INFO - [REQ] GET /static/actin-logo.png - 127.0.0.1
2025-10-07 10:29:45,551 - INFO - [RESP] GET /static/actin-logo.png - 304
2025-10-07 10:29:45,555 - INFO - 127.0.0.1 - - [07/Oct/2025 10:29:45] "[36mGET /static/actin-logo.png HTTP/1.1[0m" 304 -
2025-10-07 10:29:49,867 - INFO - [REQ] GET /sync/server1 - 127.0.0.1
2025-10-07 10:29:49,871 - INFO - [DEBUG] Checking auth for /sync/server1 - Session: {'_flashes': [('warning', 'Please log in to access this page'), ('success', 'Welcome, admin!')], '_permanent': True, 'role': 'admin', 'session_ip': '127.0.0.1', 'session_start_time': 1759813185.442919, 'username': 'admin'}
2025-10-07 10:29:49,873 - INFO - [AUTH] Authenticated access: admin (admin) to /sync/server1
2025-10-07 10:29:49,933 - INFO - MIGRATION STARTED for server1
2025-10-07 10:29:50,052 - INFO - Sync tracking table created/verified
2025-10-07 10:29:50,489 - INFO - Connected to SQL Server: 192.168.18.51
2025-10-07 10:29:50,628 - INFO - Found 6 databases on 192.168.18.51
2025-10-07 10:29:50,630 - INFO - DATABASE START: server1/hel
2025-10-07 10:29:50,633 - INFO - Cleaned up system table: 1921681851_hel.sys_trace_xe_event_map
2025-10-07 10:29:50,635 - INFO - Cleaned up system table: 1921681851_hel.sys_trace_xe_action_map
2025-10-07 10:29:50,880 - INFO - === Starting INCREMENTAL sync for database: hel ===
2025-10-07 10:29:51,476 - INFO - [INCR SYNC] dbo.hel2et: row_count=10, sync_col=HelmetId, last_value=None
2025-10-07 10:29:51,922 - INFO - Schema '1921681851_hel' created/verified successfully
2025-10-07 10:29:52,055 - INFO - Last value is None for dbo.hel2et, using hash-based deduplication
2025-10-07 10:29:52,143 - INFO - No new rows found for dbo.hel2et
2025-10-07 10:29:52,383 - INFO - [INCR SYNC] dbo.helmet: row_count=10, sync_col=HelmetId, last_value=None
2025-10-07 10:29:52,474 - INFO - Schema '1921681851_hel' created/verified successfully
2025-10-07 10:29:52,554 - INFO - Last value is None for dbo.helmet, using hash-based deduplication
2025-10-07 10:29:52,612 - INFO - No new rows found for dbo.helmet
2025-10-07 10:29:52,867 - INFO - [INCR SYNC] dbo.stock_items1: row_count=10, sync_col=id, last_value=None
2025-10-07 10:29:52,944 - INFO - Schema '1921681851_hel' created/verified successfully
2025-10-07 10:29:53,003 - INFO - Last value is None for dbo.stock_items1, using hash-based deduplication
2025-10-07 10:29:53,066 - INFO - No new rows found for dbo.stock_items1
2025-10-07 10:29:53,308 - INFO - [INCR SYNC] dbo.stock_items2: row_count=10, sync_col=id, last_value=None
2025-10-07 10:29:53,380 - INFO - Schema '1921681851_hel' created/verified successfully
2025-10-07 10:29:53,462 - INFO - Last value is None for dbo.stock_items2, using hash-based deduplication
2025-10-07 10:29:53,525 - INFO - No new rows found for dbo.stock_items2
2025-10-07 10:29:53,774 - INFO - [INCR SYNC] dbo.stock_items3: row_count=10, sync_col=id, last_value=None
2025-10-07 10:29:53,871 - INFO - Schema '1921681851_hel' created/verified successfully
2025-10-07 10:29:53,919 - INFO - Last value is None for dbo.stock_items3, using hash-based deduplication
2025-10-07 10:29:53,990 - INFO - No new rows found for dbo.stock_items3
2025-10-07 10:29:54,256 - INFO - [INCR SYNC] dbo.stock_items4: row_count=10, sync_col=id, last_value=None
2025-10-07 10:29:54,342 - INFO - Schema '1921681851_hel' created/verified successfully
2025-10-07 10:29:54,398 - INFO - Last value is None for dbo.stock_items4, using hash-based deduplication
2025-10-07 10:29:54,454 - INFO - No new rows found for dbo.stock_items4
2025-10-07 10:29:54,714 - INFO - [INCR SYNC] dbo.stock_items5: row_count=10, sync_col=id, last_value=None
2025-10-07 10:29:54,784 - INFO - Schema '1921681851_hel' created/verified successfully
2025-10-07 10:29:54,829 - INFO - Last value is None for dbo.stock_items5, using hash-based deduplication
2025-10-07 10:29:54,893 - INFO - No new rows found for dbo.stock_items5
2025-10-07 10:29:55,139 - INFO - [INCR SYNC] dbo.stock_items6: row_count=10, sync_col=id, last_value=None
2025-10-07 10:29:55,208 - INFO - Schema '1921681851_hel' created/verified successfully
2025-10-07 10:29:55,276 - INFO - Last value is None for dbo.stock_items6, using hash-based deduplication
2025-10-07 10:29:55,352 - INFO - No new rows found for dbo.stock_items6
2025-10-07 10:29:55,586 - INFO - [INCR SYNC] sys.trace_xe_action_map: row_count=22, sync_col=None, last_value=None
2025-10-07 10:29:55,817 - INFO - [INCR SYNC] sys.trace_xe_event_map: row_count=139, sync_col=None, last_value=None
2025-10-07 10:29:55,820 - INFO - === INCREMENTAL sync completed for hel, 10/10 tables processed ===
2025-10-07 10:29:55,850 - INFO - server1/hel: processed 10 tables
2025-10-07 10:29:55,890 - INFO - DATABASE START: server1/saad1
2025-10-07 10:29:55,894 - INFO - Cleaned up system table: 1921681851_saad1.sys_trace_xe_event_map
2025-10-07 10:29:55,896 - INFO - Cleaned up system table: 1921681851_saad1.sys_trace_xe_action_map
2025-10-07 10:29:55,946 - INFO - === Starting INCREMENTAL sync for database: saad1 ===
2025-10-07 10:29:56,428 - INFO - [INCR SYNC] dbo.stock_items6: row_count=10, sync_col=id, last_value=None
2025-10-07 10:29:56,589 - INFO - [REQ] GET /sync-summary - 127.0.0.1
2025-10-07 10:29:56,601 - INFO - [DEBUG] Checking auth for /sync-summary - Session: {'_flashes': [('warning', 'Please log in to access this page'), ('success', 'Welcome, admin!')], '_permanent': True, 'role': 'admin', 'session_ip': '127.0.0.1', 'session_start_time': 1759813185.442919, 'username': 'admin'}
2025-10-07 10:29:56,602 - INFO - [AUTH] Authenticated access: admin (admin) to /sync-summary
2025-10-07 10:29:56,603 - INFO - Cache expired for all_servers
2025-10-07 10:29:56,607 - INFO - Cache expired for individual:server1
2025-10-07 10:29:56,767 - INFO - Schema '1921681851_saad1' created/verified successfully
2025-10-07 10:29:56,833 - INFO - Last value is None for dbo.stock_items6, using hash-based deduplication
2025-10-07 10:29:56,901 - INFO - No new rows found for dbo.stock_items6
2025-10-07 10:29:57,178 - INFO - [INCR SYNC] sys.trace_xe_action_map: row_count=22, sync_col=None, last_value=None
2025-10-07 10:29:57,534 - INFO - [INCR SYNC] sys.trace_xe_event_map: row_count=139, sync_col=None, last_value=None
2025-10-07 10:29:57,536 - INFO - === INCREMENTAL sync completed for saad1, 3/3 tables processed ===
2025-10-07 10:29:57,563 - INFO - server1/saad1: processed 3 tables
2025-10-07 10:29:57,595 - INFO - DATABASE START: server1/SampleDB3
2025-10-07 10:29:57,599 - INFO - Cleaned up system table: 1921681851_SampleDB3.sys_trace_xe_event_map
2025-10-07 10:29:57,602 - INFO - Cleaned up system table: 1921681851_SampleDB3.sys_trace_xe_action_map
2025-10-07 10:29:57,666 - INFO - === Starting INCREMENTAL sync for database: SampleDB3 ===
2025-10-07 10:29:58,073 - INFO - Cache expired for pgdb:saadnew7
2025-10-07 10:29:58,098 - INFO - [INCR SYNC] dbo.Employees: row_count=5, sync_col=EmployeeID, last_value=None
2025-10-07 10:29:58,225 - INFO - [RESP] GET /sync-summary - 200
2025-10-07 10:29:58,228 - INFO - 127.0.0.1 - - [07/Oct/2025 10:29:58] "GET /sync-summary HTTP/1.1" 200 -
2025-10-07 10:29:58,399 - INFO - Schema '1921681851_SampleDB3' created/verified successfully
2025-10-07 10:29:58,451 - INFO - Last value is None for dbo.Employees, using hash-based deduplication
2025-10-07 10:29:58,513 - INFO - No new rows found for dbo.Employees
2025-10-07 10:29:58,581 - INFO - [REQ] GET /sync-summary/quick.json - 127.0.0.1
2025-10-07 10:29:58,583 - INFO - [DEBUG] Checking auth for /sync-summary/quick.json - Session: {'_flashes': [('warning', 'Please log in to access this page'), ('success', 'Welcome, admin!')], '_permanent': True, 'role': 'admin', 'session_ip': '127.0.0.1', 'session_start_time': 1759813185.442919, 'username': 'admin'}
2025-10-07 10:29:58,584 - INFO - [AUTH] Authenticated access: admin (admin) to /sync-summary/quick.json
2025-10-07 10:29:58,585 - INFO - Cache hit for all_servers
2025-10-07 10:29:58,586 - INFO - [RESP] GET /sync-summary/quick.json - 200
2025-10-07 10:29:58,589 - INFO - 127.0.0.1 - - [07/Oct/2025 10:29:58] "GET /sync-summary/quick.json HTTP/1.1" 200 -
2025-10-07 10:29:58,675 - INFO - [REQ] GET /static/actin-logo.png - 127.0.0.1
2025-10-07 10:29:58,678 - INFO - [RESP] GET /static/actin-logo.png - 304
2025-10-07 10:29:58,680 - INFO - 127.0.0.1 - - [07/Oct/2025 10:29:58] "[36mGET /static/actin-logo.png HTTP/1.1[0m" 304 -
2025-10-07 10:29:58,746 - INFO - [INCR SYNC] sys.trace_xe_action_map: row_count=22, sync_col=None, last_value=None
2025-10-07 10:29:58,969 - INFO - [INCR SYNC] sys.trace_xe_event_map: row_count=139, sync_col=None, last_value=None
2025-10-07 10:29:58,971 - INFO - === INCREMENTAL sync completed for SampleDB3, 3/3 tables processed ===
2025-10-07 10:29:58,999 - INFO - server1/SampleDB3: processed 3 tables
2025-10-07 10:29:59,028 - INFO - DATABASE START: server1/SampleDB4
2025-10-07 10:29:59,031 - INFO - Cleaned up system table: 1921681851_SampleDB4.sys_trace_xe_event_map
2025-10-07 10:29:59,034 - INFO - Cleaned up system table: 1921681851_SampleDB4.sys_trace_xe_action_map
2025-10-07 10:29:59,092 - INFO - === Starting INCREMENTAL sync for database: SampleDB4 ===
2025-10-07 10:29:59,518 - INFO - [INCR SYNC] dbo.Employees: row_count=5, sync_col=EmployeeID, last_value=None
2025-10-07 10:29:59,840 - INFO - Schema '1921681851_SampleDB4' created/verified successfully
2025-10-07 10:29:59,905 - INFO - Last value is None for dbo.Employees, using hash-based deduplication
2025-10-07 10:29:59,967 - INFO - No new rows found for dbo.Employees
2025-10-07 10:30:00,222 - INFO - [INCR SYNC] sys.trace_xe_action_map: row_count=22, sync_col=None, last_value=None
2025-10-07 10:30:00,459 - INFO - [INCR SYNC] sys.trace_xe_event_map: row_count=139, sync_col=None, last_value=None
2025-10-07 10:30:00,468 - INFO - === INCREMENTAL sync completed for SampleDB4, 3/3 tables processed ===
2025-10-07 10:30:00,486 - INFO - server1/SampleDB4: processed 3 tables
2025-10-07 10:30:00,537 - INFO - DATABASE START: server1/SampleDB5
2025-10-07 10:30:00,546 - INFO - Cleaned up system table: 1921681851_SampleDB5.sys_trace_xe_event_map
2025-10-07 10:30:00,552 - INFO - Cleaned up system table: 1921681851_SampleDB5.sys_trace_xe_action_map
2025-10-07 10:30:00,601 - INFO - === Starting INCREMENTAL sync for database: SampleDB5 ===
2025-10-07 10:30:01,073 - INFO - [INCR SYNC] dbo.Employees: row_count=5, sync_col=EmployeeID, last_value=None
2025-10-07 10:30:01,385 - INFO - Schema '1921681851_SampleDB5' created/verified successfully
2025-10-07 10:30:01,435 - INFO - Last value is None for dbo.Employees, using hash-based deduplication
2025-10-07 10:30:01,493 - INFO - No new rows found for dbo.Employees
2025-10-07 10:30:01,737 - INFO - [INCR SYNC] sys.trace_xe_action_map: row_count=22, sync_col=None, last_value=None
2025-10-07 10:30:01,972 - INFO - [INCR SYNC] sys.trace_xe_event_map: row_count=139, sync_col=None, last_value=None
2025-10-07 10:30:01,977 - INFO - === INCREMENTAL sync completed for SampleDB5, 3/3 tables processed ===
2025-10-07 10:30:02,004 - INFO - server1/SampleDB5: processed 3 tables
2025-10-07 10:30:02,053 - INFO - DATABASE START: server1/Vikas
2025-10-07 10:30:02,059 - INFO - Cleaned up system table: 1921681851_Vikas.sys_trace_xe_event_map
2025-10-07 10:30:02,063 - INFO - Cleaned up system table: 1921681851_Vikas.sys_trace_xe_action_map
2025-10-07 10:30:02,120 - INFO - === Starting INCREMENTAL sync for database: Vikas ===
2025-10-07 10:30:02,600 - INFO - [INCR SYNC] dbo.stock_items6: row_count=10, sync_col=id, last_value=None
2025-10-07 10:30:02,726 - INFO - [REQ] GET / - 127.0.0.1
2025-10-07 10:30:02,727 - INFO - [DEBUG] Checking auth for / - Session: {'_flashes': [('warning', 'Please log in to access this page'), ('success', 'Welcome, admin!')], '_permanent': True, 'role': 'admin', 'session_ip': '127.0.0.1', 'session_start_time': 1759813185.442919, 'username': 'admin'}
2025-10-07 10:30:02,728 - INFO - [AUTH] Authenticated access: admin (admin) to /
2025-10-07 10:30:02,729 - INFO - [HOME] Homepage accessed by user: admin
2025-10-07 10:30:02,734 - INFO - [INFO] Loaded 1 SQL servers for display
2025-10-07 10:30:02,739 - INFO - [RESP] GET / - 200
2025-10-07 10:30:02,744 - INFO - 127.0.0.1 - - [07/Oct/2025 10:30:02] "GET / HTTP/1.1" 200 -
2025-10-07 10:30:02,881 - INFO - Schema '1921681851_Vikas' created/verified successfully
2025-10-07 10:30:02,921 - INFO - Last value is None for dbo.stock_items6, using hash-based deduplication
2025-10-07 10:30:02,978 - INFO - No new rows found for dbo.stock_items6
2025-10-07 10:30:03,116 - INFO - [REQ] GET /static/actin-logo.png - 127.0.0.1
2025-10-07 10:30:03,119 - INFO - [RESP] GET /static/actin-logo.png - 304
2025-10-07 10:30:03,122 - INFO - 127.0.0.1 - - [07/Oct/2025 10:30:03] "[36mGET /static/actin-logo.png HTTP/1.1[0m" 304 -
2025-10-07 10:30:03,299 - INFO - [INCR SYNC] dbo.Table_1: row_count=0, sync_col=None, last_value=None
2025-10-07 10:30:03,386 - INFO - Schema '1921681851_Vikas' created/verified successfully
2025-10-07 10:30:03,481 - INFO - Table dbo.Table_1 is empty, but schema ensured in PostgreSQL
2025-10-07 10:30:03,828 - INFO - [INCR SYNC] sys.trace_xe_action_map: row_count=22, sync_col=None, last_value=None
2025-10-07 10:30:04,138 - INFO - [REQ] GET /schedule - 127.0.0.1
2025-10-07 10:30:04,144 - INFO - [DEBUG] Checking auth for /schedule - Session: {'_flashes': [('warning', 'Please log in to access this page'), ('success', 'Welcome, admin!')], '_permanent': True, 'role': 'admin', 'session_ip': '127.0.0.1', 'session_start_time': 1759813185.442919, 'username': 'admin'}
2025-10-07 10:30:04,147 - INFO - [AUTH] Authenticated access: admin (admin) to /schedule
2025-10-07 10:30:04,231 - INFO - [RESP] GET /schedule - 200
2025-10-07 10:30:04,233 - INFO - 127.0.0.1 - - [07/Oct/2025 10:30:04] "GET /schedule HTTP/1.1" 200 -
2025-10-07 10:30:04,239 - INFO - [INCR SYNC] sys.trace_xe_event_map: row_count=139, sync_col=None, last_value=None
2025-10-07 10:30:04,243 - INFO - === INCREMENTAL sync completed for Vikas, 4/4 tables processed ===
2025-10-07 10:30:04,266 - INFO - server1/Vikas: processed 4 tables
2025-10-07 10:30:04,294 - INFO - Completed server1
2025-10-07 10:30:04,419 - INFO - [RESP] GET /sync/server1 - 302
2025-10-07 10:30:04,421 - INFO - 127.0.0.1 - - [07/Oct/2025 10:30:04] "[32mGET /sync/server1 HTTP/1.1[0m" 302 -
2025-10-07 10:30:04,583 - INFO - [REQ] GET /static/actin-logo.png - 127.0.0.1
2025-10-07 10:30:04,586 - INFO - [RESP] GET /static/actin-logo.png - 304
2025-10-07 10:30:04,588 - INFO - 127.0.0.1 - - [07/Oct/2025 10:30:04] "[36mGET /static/actin-logo.png HTTP/1.1[0m" 304 -
2025-10-07 10:30:06,690 - INFO - [REQ] GET /dashboard - 127.0.0.1
2025-10-07 10:30:06,691 - INFO - [DEBUG] Checking auth for /dashboard - Session: {'_flashes': [('warning', 'Please log in to access this page'), ('success', 'Welcome, admin!')], '_permanent': True, 'role': 'admin', 'session_ip': '127.0.0.1', 'session_start_time': 1759813185.442919, 'username': 'admin'}
2025-10-07 10:30:06,692 - INFO - [AUTH] Authenticated access: admin (admin) to /dashboard
2025-10-07 10:30:07,047 - INFO - [RESP] GET /dashboard - 200
2025-10-07 10:30:07,049 - INFO - 127.0.0.1 - - [07/Oct/2025 10:30:07] "GET /dashboard HTTP/1.1" 200 -
2025-10-07 10:30:07,080 - INFO - [REQ] GET /static/actin-logo.png - 127.0.0.1
2025-10-07 10:30:07,082 - INFO - [RESP] GET /static/actin-logo.png - 304
2025-10-07 10:30:07,084 - INFO - 127.0.0.1 - - [07/Oct/2025 10:30:07] "[36mGET /static/actin-logo.png HTTP/1.1[0m" 304 -
2025-10-07 10:30:12,279 - INFO - [REQ] GET /dashboard/data - 127.0.0.1
2025-10-07 10:30:12,280 - INFO - [DEBUG] Checking auth for /dashboard/data - Session: {'_flashes': [('warning', 'Please log in to access this page'), ('success', 'Welcome, admin!')], '_permanent': True, 'role': 'admin', 'session_ip': '127.0.0.1', 'session_start_time': 1759813185.442919, 'username': 'admin'}
2025-10-07 10:30:12,282 - INFO - [AUTH] Authenticated access: admin (admin) to /dashboard/data
2025-10-07 10:30:12,442 - INFO - [RESP] GET /dashboard/data - 200
2025-10-07 10:30:12,445 - INFO - 127.0.0.1 - - [07/Oct/2025 10:30:12] "GET /dashboard/data HTTP/1.1" 200 -
2025-10-07 10:30:18,555 - INFO - [REQ] GET /dashboard/data - 127.0.0.1
2025-10-07 10:30:18,557 - INFO - [DEBUG] Checking auth for /dashboard/data - Session: {'_flashes': [('warning', 'Please log in to access this page'), ('success', 'Welcome, admin!')], '_permanent': True, 'role': 'admin', 'session_ip': '127.0.0.1', 'session_start_time': 1759813185.442919, 'username': 'admin'}
2025-10-07 10:30:18,557 - INFO - [AUTH] Authenticated access: admin (admin) to /dashboard/data
2025-10-07 10:30:18,730 - INFO - [RESP] GET /dashboard/data - 200
2025-10-07 10:30:18,732 - INFO - 127.0.0.1 - - [07/Oct/2025 10:30:18] "GET /dashboard/data HTTP/1.1" 200 -
2025-10-07 10:30:23,249 - INFO - [REQ] GET /dashboard/data - 127.0.0.1
2025-10-07 10:30:23,250 - INFO - [DEBUG] Checking auth for /dashboard/data - Session: {'_flashes': [('warning', 'Please log in to access this page'), ('success', 'Welcome, admin!')], '_permanent': True, 'role': 'admin', 'session_ip': '127.0.0.1', 'session_start_time': 1759813185.442919, 'username': 'admin'}
2025-10-07 10:30:23,251 - INFO - [AUTH] Authenticated access: admin (admin) to /dashboard/data
2025-10-07 10:30:23,388 - INFO - [RESP] GET /dashboard/data - 200
2025-10-07 10:30:23,390 - INFO - 127.0.0.1 - - [07/Oct/2025 10:30:23] "GET /dashboard/data HTTP/1.1" 200 -
2025-10-07 10:30:28,557 - INFO - [REQ] GET /dashboard/data - 127.0.0.1
2025-10-07 10:30:28,558 - INFO - [DEBUG] Checking auth for /dashboard/data - Session: {'_flashes': [('warning', 'Please log in to access this page'), ('success', 'Welcome, admin!')], '_permanent': True, 'role': 'admin', 'session_ip': '127.0.0.1', 'session_start_time': 1759813185.442919, 'username': 'admin'}
2025-10-07 10:30:28,559 - INFO - [AUTH] Authenticated access: admin (admin) to /dashboard/data
2025-10-07 10:30:28,766 - INFO - [RESP] GET /dashboard/data - 200
2025-10-07 10:30:28,769 - INFO - 127.0.0.1 - - [07/Oct/2025 10:30:28] "GET /dashboard/data HTTP/1.1" 200 -
2025-10-07 10:30:33,243 - INFO - [REQ] GET /dashboard/data - 127.0.0.1
2025-10-07 10:30:33,244 - INFO - [DEBUG] Checking auth for /dashboard/data - Session: {'_flashes': [('warning', 'Please log in to access this page'), ('success', 'Welcome, admin!')], '_permanent': True, 'role': 'admin', 'session_ip': '127.0.0.1', 'session_start_time': 1759813185.442919, 'username': 'admin'}
2025-10-07 10:30:33,245 - INFO - [AUTH] Authenticated access: admin (admin) to /dashboard/data
2025-10-07 10:30:33,430 - INFO - [RESP] GET /dashboard/data - 200
2025-10-07 10:30:33,432 - INFO - 127.0.0.1 - - [07/Oct/2025 10:30:33] "GET /dashboard/data HTTP/1.1" 200 -
2025-10-07 10:30:38,550 - INFO - [REQ] GET /dashboard/data - 127.0.0.1
2025-10-07 10:30:38,550 - INFO - [DEBUG] Checking auth for /dashboard/data - Session: {'_flashes': [('warning', 'Please log in to access this page'), ('success', 'Welcome, admin!')], '_permanent': True, 'role': 'admin', 'session_ip': '127.0.0.1', 'session_start_time': 1759813185.442919, 'username': 'admin'}
2025-10-07 10:30:38,552 - INFO - [AUTH] Authenticated access: admin (admin) to /dashboard/data
2025-10-07 10:30:38,814 - INFO - [RESP] GET /dashboard/data - 200
2025-10-07 10:30:38,816 - INFO - 127.0.0.1 - - [07/Oct/2025 10:30:38] "GET /dashboard/data HTTP/1.1" 200 -
2025-10-07 10:30:43,243 - INFO - [REQ] GET /dashboard/data - 127.0.0.1
2025-10-07 10:30:43,244 - INFO - [DEBUG] Checking auth for /dashboard/data - Session: {'_flashes': [('warning', 'Please log in to access this page'), ('success', 'Welcome, admin!')], '_permanent': True, 'role': 'admin', 'session_ip': '127.0.0.1', 'session_start_time': 1759813185.442919, 'username': 'admin'}
2025-10-07 10:30:43,245 - INFO - [AUTH] Authenticated access: admin (admin) to /dashboard/data
2025-10-07 10:30:43,420 - INFO - [RESP] GET /dashboard/data - 200
2025-10-07 10:30:43,423 - INFO - 127.0.0.1 - - [07/Oct/2025 10:30:43] "GET /dashboard/data HTTP/1.1" 200 -
2025-10-07 10:30:48,554 - INFO - [REQ] GET /dashboard/data - 127.0.0.1
2025-10-07 10:30:48,555 - INFO - [DEBUG] Checking auth for /dashboard/data - Session: {'_flashes': [('warning', 'Please log in to access this page'), ('success', 'Welcome, admin!')], '_permanent': True, 'role': 'admin', 'session_ip': '127.0.0.1', 'session_start_time': 1759813185.442919, 'username': 'admin'}
2025-10-07 10:30:48,555 - INFO - [AUTH] Authenticated access: admin (admin) to /dashboard/data
2025-10-07 10:30:48,766 - INFO - [RESP] GET /dashboard/data - 200
2025-10-07 10:30:48,768 - INFO - 127.0.0.1 - - [07/Oct/2025 10:30:48] "GET /dashboard/data HTTP/1.1" 200 -
2025-10-07 10:30:53,254 - INFO - [REQ] GET /dashboard/data - 127.0.0.1
2025-10-07 10:30:53,254 - INFO - [DEBUG] Checking auth for /dashboard/data - Session: {'_flashes': [('warning', 'Please log in to access this page'), ('success', 'Welcome, admin!')], '_permanent': True, 'role': 'admin', 'session_ip': '127.0.0.1', 'session_start_time': 1759813185.442919, 'username': 'admin'}
2025-10-07 10:30:53,255 - INFO - [AUTH] Authenticated access: admin (admin) to /dashboard/data
2025-10-07 10:30:53,508 - INFO - [RESP] GET /dashboard/data - 200
2025-10-07 10:30:53,509 - INFO - 127.0.0.1 - - [07/Oct/2025 10:30:53] "GET /dashboard/data HTTP/1.1" 200 -
2025-10-07 10:30:58,586 - INFO - [REQ] GET /dashboard/data - 127.0.0.1
2025-10-07 10:30:58,587 - INFO - [DEBUG] Checking auth for /dashboard/data - Session: {'_flashes': [('warning', 'Please log in to access this page'), ('success', 'Welcome, admin!')], '_permanent': True, 'role': 'admin', 'session_ip': '127.0.0.1', 'session_start_time': 1759813185.442919, 'username': 'admin'}
2025-10-07 10:30:58,588 - INFO - [AUTH] Authenticated access: admin (admin) to /dashboard/data
2025-10-07 10:30:58,714 - INFO - [RESP] GET /dashboard/data - 200
2025-10-07 10:30:58,717 - INFO - 127.0.0.1 - - [07/Oct/2025 10:30:58] "GET /dashboard/data HTTP/1.1" 200 -
2025-10-07 10:31:03,245 - INFO - [REQ] GET /dashboard/data - 127.0.0.1
2025-10-07 10:31:03,246 - INFO - [DEBUG] Checking auth for /dashboard/data - Session: {'_flashes': [('warning', 'Please log in to access this page'), ('success', 'Welcome, admin!')], '_permanent': True, 'role': 'admin', 'session_ip': '127.0.0.1', 'session_start_time': 1759813185.442919, 'username': 'admin'}
2025-10-07 10:31:03,247 - INFO - [AUTH] Authenticated access: admin (admin) to /dashboard/data
2025-10-07 10:31:03,372 - INFO - [RESP] GET /dashboard/data - 200
2025-10-07 10:31:03,386 - INFO - 127.0.0.1 - - [07/Oct/2025 10:31:03] "GET /dashboard/data HTTP/1.1" 200 -
2025-10-07 10:31:08,553 - INFO - [REQ] GET /dashboard/data - 127.0.0.1
2025-10-07 10:31:08,554 - INFO - [DEBUG] Checking auth for /dashboard/data - Session: {'_flashes': [('warning', 'Please log in to access this page'), ('success', 'Welcome, admin!')], '_permanent': True, 'role': 'admin', 'session_ip': '127.0.0.1', 'session_start_time': 1759813185.442919, 'username': 'admin'}
2025-10-07 10:31:08,555 - INFO - [AUTH] Authenticated access: admin (admin) to /dashboard/data
2025-10-07 10:31:08,750 - INFO - [RESP] GET /dashboard/data - 200
2025-10-07 10:31:08,754 - INFO - 127.0.0.1 - - [07/Oct/2025 10:31:08] "GET /dashboard/data HTTP/1.1" 200 -
2025-10-07 10:31:13,250 - INFO - [REQ] GET /dashboard/data - 127.0.0.1
2025-10-07 10:31:13,251 - INFO - [DEBUG] Checking auth for /dashboard/data - Session: {'_flashes': [('warning', 'Please log in to access this page'), ('success', 'Welcome, admin!')], '_permanent': True, 'role': 'admin', 'session_ip': '127.0.0.1', 'session_start_time': 1759813185.442919, 'username': 'admin'}
2025-10-07 10:31:13,253 - INFO - [AUTH] Authenticated access: admin (admin) to /dashboard/data
2025-10-07 10:31:13,550 - INFO - [RESP] GET /dashboard/data - 200
2025-10-07 10:31:13,554 - INFO - 127.0.0.1 - - [07/Oct/2025 10:31:13] "GET /dashboard/data HTTP/1.1" 200 -
2025-10-07 10:32:05,553 - INFO - [REQ] GET /dashboard/data - 127.0.0.1
2025-10-07 10:32:05,554 - INFO - [DEBUG] Checking auth for /dashboard/data - Session: {'_flashes': [('warning', 'Please log in to access this page'), ('success', 'Welcome, admin!')], '_permanent': True, 'role': 'admin', 'session_ip': '127.0.0.1', 'session_start_time': 1759813185.442919, 'username': 'admin'}
2025-10-07 10:32:05,555 - INFO - [AUTH] Authenticated access: admin (admin) to /dashboard/data
2025-10-07 10:32:05,723 - INFO - [RESP] GET /dashboard/data - 200
2025-10-07 10:32:05,725 - INFO - 127.0.0.1 - - [07/Oct/2025 10:32:05] "GET /dashboard/data HTTP/1.1" 200 -
2025-10-07 10:33:05,248 - INFO - [REQ] GET /dashboard/data - 127.0.0.1
2025-10-07 10:33:05,249 - INFO - [DEBUG] Checking auth for /dashboard/data - Session: {'_flashes': [('warning', 'Please log in to access this page'), ('success', 'Welcome, admin!')], '_permanent': True, 'role': 'admin', 'session_ip': '127.0.0.1', 'session_start_time': 1759813185.442919, 'username': 'admin'}
2025-10-07 10:33:05,250 - INFO - [AUTH] Authenticated access: admin (admin) to /dashboard/data
2025-10-07 10:33:05,452 - INFO - [RESP] GET /dashboard/data - 200
2025-10-07 10:33:05,454 - INFO - 127.0.0.1 - - [07/Oct/2025 10:33:05] "GET /dashboard/data HTTP/1.1" 200 -
2025-10-07 10:34:05,554 - INFO - [REQ] GET /dashboard/data - 127.0.0.1
2025-10-07 10:34:05,555 - INFO - [DEBUG] Checking auth for /dashboard/data - Session: {'_flashes': [('warning', 'Please log in to access this page'), ('success', 'Welcome, admin!')], '_permanent': True, 'role': 'admin', 'session_ip': '127.0.0.1', 'session_start_time': 1759813185.442919, 'username': 'admin'}
2025-10-07 10:34:05,556 - INFO - [AUTH] Authenticated access: admin (admin) to /dashboard/data
2025-10-07 10:34:05,741 - INFO - [RESP] GET /dashboard/data - 200
2025-10-07 10:34:05,744 - INFO - 127.0.0.1 - - [07/Oct/2025 10:34:05] "GET /dashboard/data HTTP/1.1" 200 -
2025-10-07 10:35:05,578 - INFO - [REQ] GET /dashboard/data - 127.0.0.1
2025-10-07 10:35:05,579 - INFO - [DEBUG] Checking auth for /dashboard/data - Session: {'_flashes': [('warning', 'Please log in to access this page'), ('success', 'Welcome, admin!')], '_permanent': True, 'role': 'admin', 'session_ip': '127.0.0.1', 'session_start_time': 1759813185.442919, 'username': 'admin'}
2025-10-07 10:35:05,580 - INFO - [AUTH] Authenticated access: admin (admin) to /dashboard/data
2025-10-07 10:35:05,713 - INFO - [RESP] GET /dashboard/data - 200
2025-10-07 10:35:05,715 - INFO - 127.0.0.1 - - [07/Oct/2025 10:35:05] "GET /dashboard/data HTTP/1.1" 200 -
2025-10-07 10:36:05,254 - INFO - [REQ] GET /dashboard/data - 127.0.0.1
2025-10-07 10:36:05,255 - INFO - [DEBUG] Checking auth for /dashboard/data - Session: {'_flashes': [('warning', 'Please log in to access this page'), ('success', 'Welcome, admin!')], '_permanent': True, 'role': 'admin', 'session_ip': '127.0.0.1', 'session_start_time': 1759813185.442919, 'username': 'admin'}
2025-10-07 10:36:05,256 - INFO - [AUTH] Authenticated access: admin (admin) to /dashboard/data
2025-10-07 10:36:05,370 - INFO - [RESP] GET /dashboard/data - 200
2025-10-07 10:36:05,371 - INFO - 127.0.0.1 - - [07/Oct/2025 10:36:05] "GET /dashboard/data HTTP/1.1" 200 -
2025-10-07 10:36:12,279 - INFO - [REQ] GET /dashboard/data - 127.0.0.1
2025-10-07 10:36:12,280 - INFO - [DEBUG] Checking auth for /dashboard/data - Session: {'_flashes': [('warning', 'Please log in to access this page'), ('success', 'Welcome, admin!')], '_permanent': True, 'role': 'admin', 'session_ip': '127.0.0.1', 'session_start_time': 1759813185.442919, 'username': 'admin'}
2025-10-07 10:36:12,283 - INFO - [AUTH] Authenticated access: admin (admin) to /dashboard/data
2025-10-07 10:36:12,369 - INFO - [RESP] GET /dashboard/data - 200
2025-10-07 10:36:12,370 - INFO - 127.0.0.1 - - [07/Oct/2025 10:36:12] "GET /dashboard/data HTTP/1.1" 200 -
2025-10-07 10:36:12,527 - INFO - [REQ] GET /dashboard/data - 127.0.0.1
2025-10-07 10:36:12,529 - INFO - [DEBUG] Checking auth for /dashboard/data - Session: {'_flashes': [('warning', 'Please log in to access this page'), ('success', 'Welcome, admin!')], '_permanent': True, 'role': 'admin', 'session_ip': '127.0.0.1', 'session_start_time': 1759813185.442919, 'username': 'admin'}
2025-10-07 10:36:12,529 - INFO - [AUTH] Authenticated access: admin (admin) to /dashboard/data
2025-10-07 10:36:12,615 - INFO - [RESP] GET /dashboard/data - 200
2025-10-07 10:36:12,616 - INFO - 127.0.0.1 - - [07/Oct/2025 10:36:12] "GET /dashboard/data HTTP/1.1" 200 -
2025-10-07 10:36:18,254 - INFO - [REQ] GET /dashboard/data - 127.0.0.1
2025-10-07 10:36:18,256 - INFO - [DEBUG] Checking auth for /dashboard/data - Session: {'_flashes': [('warning', 'Please log in to access this page'), ('success', 'Welcome, admin!')], '_permanent': True, 'role': 'admin', 'session_ip': '127.0.0.1', 'session_start_time': 1759813185.442919, 'username': 'admin'}
2025-10-07 10:36:18,258 - INFO - [AUTH] Authenticated access: admin (admin) to /dashboard/data
2025-10-07 10:36:18,448 - INFO - [RESP] GET /dashboard/data - 200
2025-10-07 10:36:18,451 - INFO - 127.0.0.1 - - [07/Oct/2025 10:36:18] "GET /dashboard/data HTTP/1.1" 200 -
2025-10-07 10:36:23,553 - INFO - [REQ] GET /dashboard/data - 127.0.0.1
2025-10-07 10:36:23,555 - INFO - [DEBUG] Checking auth for /dashboard/data - Session: {'_flashes': [('warning', 'Please log in to access this page'), ('success', 'Welcome, admin!')], '_permanent': True, 'role': 'admin', 'session_ip': '127.0.0.1', 'session_start_time': 1759813185.442919, 'username': 'admin'}
2025-10-07 10:36:23,556 - INFO - [AUTH] Authenticated access: admin (admin) to /dashboard/data
2025-10-07 10:36:23,743 - INFO - [RESP] GET /dashboard/data - 200
2025-10-07 10:36:23,745 - INFO - 127.0.0.1 - - [07/Oct/2025 10:36:23] "GET /dashboard/data HTTP/1.1" 200 -
2025-10-07 10:36:28,241 - INFO - [REQ] GET /dashboard/data - 127.0.0.1
2025-10-07 10:36:28,242 - INFO - [DEBUG] Checking auth for /dashboard/data - Session: {'_flashes': [('warning', 'Please log in to access this page'), ('success', 'Welcome, admin!')], '_permanent': True, 'role': 'admin', 'session_ip': '127.0.0.1', 'session_start_time': 1759813185.442919, 'username': 'admin'}
2025-10-07 10:36:28,243 - INFO - [AUTH] Authenticated access: admin (admin) to /dashboard/data
2025-10-07 10:36:28,471 - INFO - [RESP] GET /dashboard/data - 200
2025-10-07 10:36:28,471 - INFO - 127.0.0.1 - - [07/Oct/2025 10:36:28] "GET /dashboard/data HTTP/1.1" 200 -
2025-10-07 10:36:33,549 - INFO - [REQ] GET /dashboard/data - 127.0.0.1
2025-10-07 10:36:33,550 - INFO - [DEBUG] Checking auth for /dashboard/data - Session: {'_flashes': [('warning', 'Please log in to access this page'), ('success', 'Welcome, admin!')], '_permanent': True, 'role': 'admin', 'session_ip': '127.0.0.1', 'session_start_time': 1759813185.442919, 'username': 'admin'}
2025-10-07 10:36:33,550 - INFO - [AUTH] Authenticated access: admin (admin) to /dashboard/data
2025-10-07 10:36:33,654 - INFO - [RESP] GET /dashboard/data - 200
2025-10-07 10:36:33,656 - INFO - 127.0.0.1 - - [07/Oct/2025 10:36:33] "GET /dashboard/data HTTP/1.1" 200 -
2025-10-07 10:36:38,238 - INFO - [REQ] GET /dashboard/data - 127.0.0.1
2025-10-07 10:36:38,239 - INFO - [DEBUG] Checking auth for /dashboard/data - Session: {'_flashes': [('warning', 'Please log in to access this page'), ('success', 'Welcome, admin!')], '_permanent': True, 'role': 'admin', 'session_ip': '127.0.0.1', 'session_start_time': 1759813185.442919, 'username': 'admin'}
2025-10-07 10:36:38,239 - INFO - [AUTH] Authenticated access: admin (admin) to /dashboard/data
2025-10-07 10:36:38,368 - INFO - [RESP] GET /dashboard/data - 200
2025-10-07 10:36:38,369 - INFO - 127.0.0.1 - - [07/Oct/2025 10:36:38] "GET /dashboard/data HTTP/1.1" 200 -
2025-10-07 10:36:43,556 - INFO - [REQ] GET /dashboard/data - 127.0.0.1
2025-10-07 10:36:43,557 - INFO - [DEBUG] Checking auth for /dashboard/data - Session: {'_flashes': [('warning', 'Please log in to access this page'), ('success', 'Welcome, admin!')], '_permanent': True, 'role': 'admin', 'session_ip': '127.0.0.1', 'session_start_time': 1759813185.442919, 'username': 'admin'}
2025-10-07 10:36:43,558 - INFO - [AUTH] Authenticated access: admin (admin) to /dashboard/data
2025-10-07 10:36:43,855 - INFO - [RESP] GET /dashboard/data - 200
2025-10-07 10:36:43,858 - INFO - 127.0.0.1 - - [07/Oct/2025 10:36:43] "GET /dashboard/data HTTP/1.1" 200 -
2025-10-07 10:36:48,246 - INFO - [REQ] GET /dashboard/data - 127.0.0.1
2025-10-07 10:36:48,247 - INFO - [DEBUG] Checking auth for /dashboard/data - Session: {'_flashes': [('warning', 'Please log in to access this page'), ('success', 'Welcome, admin!')], '_permanent': True, 'role': 'admin', 'session_ip': '127.0.0.1', 'session_start_time': 1759813185.442919, 'username': 'admin'}
2025-10-07 10:36:48,248 - INFO - [AUTH] Authenticated access: admin (admin) to /dashboard/data
2025-10-07 10:36:48,558 - INFO - [RESP] GET /dashboard/data - 200
2025-10-07 10:36:48,560 - INFO - 127.0.0.1 - - [07/Oct/2025 10:36:48] "GET /dashboard/data HTTP/1.1" 200 -
2025-10-07 10:36:53,560 - INFO - [REQ] GET /dashboard/data - 127.0.0.1
2025-10-07 10:36:53,561 - INFO - [DEBUG] Checking auth for /dashboard/data - Session: {'_flashes': [('warning', 'Please log in to access this page'), ('success', 'Welcome, admin!')], '_permanent': True, 'role': 'admin', 'session_ip': '127.0.0.1', 'session_start_time': 1759813185.442919, 'username': 'admin'}
2025-10-07 10:36:53,562 - INFO - [AUTH] Authenticated access: admin (admin) to /dashboard/data
2025-10-07 10:36:53,716 - INFO - [RESP] GET /dashboard/data - 200
2025-10-07 10:36:53,717 - INFO - 127.0.0.1 - - [07/Oct/2025 10:36:53] "GET /dashboard/data HTTP/1.1" 200 -
2025-10-07 10:36:58,253 - INFO - [REQ] GET /dashboard/data - 127.0.0.1
2025-10-07 10:36:58,254 - INFO - [DEBUG] Checking auth for /dashboard/data - Session: {'_flashes': [('warning', 'Please log in to access this page'), ('success', 'Welcome, admin!')], '_permanent': True, 'role': 'admin', 'session_ip': '127.0.0.1', 'session_start_time': 1759813185.442919, 'username': 'admin'}
2025-10-07 10:36:58,255 - INFO - [AUTH] Authenticated access: admin (admin) to /dashboard/data
2025-10-07 10:36:58,412 - INFO - [RESP] GET /dashboard/data - 200
2025-10-07 10:36:58,414 - INFO - 127.0.0.1 - - [07/Oct/2025 10:36:58] "GET /dashboard/data HTTP/1.1" 200 -
2025-10-07 10:37:03,570 - INFO - [REQ] GET /dashboard/data - 127.0.0.1
2025-10-07 10:37:03,572 - INFO - [DEBUG] Checking auth for /dashboard/data - Session: {'_flashes': [('warning', 'Please log in to access this page'), ('success', 'Welcome, admin!')], '_permanent': True, 'role': 'admin', 'session_ip': '127.0.0.1', 'session_start_time': 1759813185.442919, 'username': 'admin'}
2025-10-07 10:37:03,573 - INFO - [AUTH] Authenticated access: admin (admin) to /dashboard/data
2025-10-07 10:37:03,741 - INFO - [RESP] GET /dashboard/data - 200
2025-10-07 10:37:03,743 - INFO - 127.0.0.1 - - [07/Oct/2025 10:37:03] "GET /dashboard/data HTTP/1.1" 200 -
2025-10-07 10:37:08,252 - INFO - [REQ] GET /dashboard/data - 127.0.0.1
2025-10-07 10:37:08,253 - INFO - [DEBUG] Checking auth for /dashboard/data - Session: {'_flashes': [('warning', 'Please log in to access this page'), ('success', 'Welcome, admin!')], '_permanent': True, 'role': 'admin', 'session_ip': '127.0.0.1', 'session_start_time': 1759813185.442919, 'username': 'admin'}
2025-10-07 10:37:08,254 - INFO - [AUTH] Authenticated access: admin (admin) to /dashboard/data
2025-10-07 10:37:08,368 - INFO - [RESP] GET /dashboard/data - 200
2025-10-07 10:37:08,370 - INFO - 127.0.0.1 - - [07/Oct/2025 10:37:08] "GET /dashboard/data HTTP/1.1" 200 -
2025-10-07 10:38:30,744 - INFO - [INIT] Initializing Flask application...
2025-10-07 10:38:30,745 - INFO - [CONFIG] Loading configuration...
2025-10-07 10:38:30,745 - INFO - [AUTH] Authentication system ready
2025-10-07 10:38:30,745 - INFO - [DATABASE] Database connections configured
2025-10-07 10:38:30,746 - INFO - [SCHEDULER] Scheduler system active
2025-10-07 10:38:30,746 - INFO - [STARTUP] Application startup complete!
2025-10-07 10:38:30,774 - INFO - [31m[1mWARNING: This is a development server. Do not use it in a production deployment. Use a production WSGI server instead.[0m
 * Running on http://127.0.0.1:5000
2025-10-07 10:38:30,774 - INFO - [33mPress CTRL+C to quit[0m
2025-10-07 10:38:30,776 - INFO -  * Restarting with stat
2025-10-07 10:38:32,495 - INFO - [INIT] Initializing Flask application...
2025-10-07 10:38:32,495 - INFO - [CONFIG] Loading configuration...
2025-10-07 10:38:32,495 - INFO - [AUTH] Authentication system ready
2025-10-07 10:38:32,496 - INFO - [DATABASE] Database connections configured
2025-10-07 10:38:32,497 - INFO - [SCHEDULER] Scheduler system active
2025-10-07 10:38:32,497 - INFO - [STARTUP] Application startup complete!
2025-10-07 10:38:32,523 - WARNING -  * Debugger is active!
2025-10-07 10:38:32,527 - INFO -  * Debugger PIN: 499-062-501
2025-10-07 10:38:32,553 - INFO - [REQ] GET /login - 127.0.0.1
2025-10-07 10:38:32,558 - INFO - [RESP] GET /login - 200
2025-10-07 10:38:32,560 - INFO - 127.0.0.1 - - [07/Oct/2025 10:38:32] "GET /login HTTP/1.1" 200 -
2025-10-07 10:38:33,063 - INFO - [REQ] GET /favicon.ico - 127.0.0.1
2025-10-07 10:38:33,063 - INFO - [DEBUG] Checking auth for /favicon.ico - Session: {}
2025-10-07 10:38:33,064 - WARNING - [AUTH] BLOCKED unauthenticated access to /favicon.ico from 127.0.0.1
2025-10-07 10:38:33,064 - WARNING - [AUTH] Session contents: {}
2025-10-07 10:38:33,065 - INFO - [RESP] GET /favicon.ico - 302
2025-10-07 10:38:33,065 - INFO - 127.0.0.1 - - [07/Oct/2025 10:38:33] "[32mGET /favicon.ico HTTP/1.1[0m" 302 -
2025-10-07 10:38:33,071 - INFO - [REQ] GET /login - 127.0.0.1
2025-10-07 10:38:33,073 - INFO - [RESP] GET /login - 200
2025-10-07 10:38:33,074 - INFO - 127.0.0.1 - - [07/Oct/2025 10:38:33] "GET /login HTTP/1.1" 200 -
2025-10-07 10:38:40,513 - INFO - [REQ] POST /login - 127.0.0.1
2025-10-07 10:38:41,160 - INFO - [LOGIN] Successful login: admin (admin) from 127.0.0.1
2025-10-07 10:38:41,162 - INFO - [RESP] POST /login - 302
2025-10-07 10:38:41,164 - INFO - 127.0.0.1 - - [07/Oct/2025 10:38:41] "[32mPOST /login HTTP/1.1[0m" 302 -
2025-10-07 10:38:41,178 - INFO - [REQ] GET / - 127.0.0.1
2025-10-07 10:38:41,179 - INFO - [DEBUG] Checking auth for / - Session: {'_flashes': [('warning', 'Please log in to access this page'), ('success', 'Welcome, admin!')], '_permanent': True, 'role': 'admin', 'session_ip': '127.0.0.1', 'session_start_time': 1759813721.160573, 'username': 'admin'}
2025-10-07 10:38:41,180 - INFO - [AUTH] Authenticated access: admin (admin) to /
2025-10-07 10:38:41,181 - INFO - [HOME] Homepage accessed by user: admin
2025-10-07 10:38:41,186 - INFO - [INFO] Loaded 1 SQL servers for display
2025-10-07 10:38:41,326 - INFO - [RESP] GET / - 200
2025-10-07 10:38:41,329 - INFO - 127.0.0.1 - - [07/Oct/2025 10:38:41] "GET / HTTP/1.1" 200 -
2025-10-07 10:38:41,385 - INFO - [REQ] GET /static/actin-logo.png - 127.0.0.1
2025-10-07 10:38:41,522 - INFO - [RESP] GET /static/actin-logo.png - 304
2025-10-07 10:38:41,524 - INFO - 127.0.0.1 - - [07/Oct/2025 10:38:41] "[36mGET /static/actin-logo.png HTTP/1.1[0m" 304 -
2025-10-07 10:38:41,873 - INFO - [REQ] GET /favicon.ico - 127.0.0.1
2025-10-07 10:38:41,873 - INFO - [DEBUG] Checking auth for /favicon.ico - Session: {'_flashes': [('warning', 'Please log in to access this page'), ('success', 'Welcome, admin!')], '_permanent': True, 'role': 'admin', 'session_ip': '127.0.0.1', 'session_start_time': 1759813721.160573, 'username': 'admin'}
2025-10-07 10:38:41,874 - INFO - [AUTH] Authenticated access: admin (admin) to /favicon.ico
2025-10-07 10:38:41,875 - INFO - [RESP] GET /favicon.ico - 404
2025-10-07 10:38:41,876 - INFO - 127.0.0.1 - - [07/Oct/2025 10:38:41] "[33mGET /favicon.ico HTTP/1.1[0m" 404 -
2025-10-07 10:38:43,726 - INFO - [REQ] GET /sync/server1 - 127.0.0.1
2025-10-07 10:38:43,727 - INFO - [DEBUG] Checking auth for /sync/server1 - Session: {'_flashes': [('warning', 'Please log in to access this page'), ('success', 'Welcome, admin!')], '_permanent': True, 'role': 'admin', 'session_ip': '127.0.0.1', 'session_start_time': 1759813721.160573, 'username': 'admin'}
2025-10-07 10:38:43,728 - INFO - [AUTH] Authenticated access: admin (admin) to /sync/server1
2025-10-07 10:38:43,751 - INFO - MIGRATION STARTED for server1
2025-10-07 10:38:43,919 - INFO - Sync tracking table created/verified
2025-10-07 10:38:44,154 - INFO - Connected to SQL Server: 192.168.18.51
2025-10-07 10:38:44,292 - INFO - Found 6 databases on 192.168.18.51
2025-10-07 10:38:44,294 - INFO - DATABASE START: server1/hel
2025-10-07 10:38:44,298 - INFO - Cleaned up system table: 1921681851_hel.sys_trace_xe_event_map
2025-10-07 10:38:44,306 - INFO - Cleaned up system table: 1921681851_hel.sys_trace_xe_action_map
2025-10-07 10:38:44,656 - INFO - === Starting INCREMENTAL sync for database: hel ===
2025-10-07 10:38:45,337 - INFO - [INCR SYNC] dbo.hel2et: row_count=10, sync_col=HelmetId, last_value=None
2025-10-07 10:38:45,690 - INFO - Schema '1921681851_hel' created/verified successfully
2025-10-07 10:38:45,791 - INFO - Last value is None for dbo.hel2et, using hash-based deduplication
2025-10-07 10:38:45,798 - INFO - [REQ] GET /sync-summary - 127.0.0.1
2025-10-07 10:38:45,799 - INFO - [DEBUG] Checking auth for /sync-summary - Session: {'_flashes': [('warning', 'Please log in to access this page'), ('success', 'Welcome, admin!')], '_permanent': True, 'role': 'admin', 'session_ip': '127.0.0.1', 'session_start_time': 1759813721.160573, 'username': 'admin'}
2025-10-07 10:38:45,800 - INFO - [AUTH] Authenticated access: admin (admin) to /sync-summary
2025-10-07 10:38:45,860 - INFO - No new rows found for dbo.hel2et
2025-10-07 10:38:46,148 - INFO - [INCR SYNC] dbo.helmet: row_count=10, sync_col=HelmetId, last_value=None
2025-10-07 10:38:46,252 - INFO - Schema '1921681851_hel' created/verified successfully
2025-10-07 10:38:46,308 - INFO - Last value is None for dbo.helmet, using hash-based deduplication
2025-10-07 10:38:46,366 - INFO - No new rows found for dbo.helmet
2025-10-07 10:38:46,636 - INFO - [INCR SYNC] dbo.stock_items1: row_count=10, sync_col=id, last_value=None
2025-10-07 10:38:46,729 - INFO - Schema '1921681851_hel' created/verified successfully
2025-10-07 10:38:46,773 - INFO - Last value is None for dbo.stock_items1, using hash-based deduplication
2025-10-07 10:38:46,826 - INFO - No new rows found for dbo.stock_items1
2025-10-07 10:38:47,142 - INFO - [INCR SYNC] dbo.stock_items2: row_count=10, sync_col=id, last_value=None
2025-10-07 10:38:47,261 - INFO - Schema '1921681851_hel' created/verified successfully
2025-10-07 10:38:47,307 - INFO - Last value is None for dbo.stock_items2, using hash-based deduplication
2025-10-07 10:38:47,364 - INFO - No new rows found for dbo.stock_items2
2025-10-07 10:38:47,653 - INFO - [INCR SYNC] dbo.stock_items3: row_count=10, sync_col=id, last_value=None
2025-10-07 10:38:47,746 - INFO - Schema '1921681851_hel' created/verified successfully
2025-10-07 10:38:47,789 - INFO - Last value is None for dbo.stock_items3, using hash-based deduplication
2025-10-07 10:38:47,836 - INFO - No new rows found for dbo.stock_items3
2025-10-07 10:38:47,882 - INFO - [RESP] GET /sync-summary - 200
2025-10-07 10:38:47,883 - INFO - 127.0.0.1 - - [07/Oct/2025 10:38:47] "GET /sync-summary HTTP/1.1" 200 -
2025-10-07 10:38:48,091 - INFO - [INCR SYNC] dbo.stock_items4: row_count=10, sync_col=id, last_value=None
2025-10-07 10:38:48,184 - INFO - Schema '1921681851_hel' created/verified successfully
2025-10-07 10:38:48,219 - INFO - [REQ] GET /sync-summary/quick.json - 127.0.0.1
2025-10-07 10:38:48,220 - INFO - [DEBUG] Checking auth for /sync-summary/quick.json - Session: {'_flashes': [('warning', 'Please log in to access this page'), ('success', 'Welcome, admin!')], '_permanent': True, 'role': 'admin', 'session_ip': '127.0.0.1', 'session_start_time': 1759813721.160573, 'username': 'admin'}
2025-10-07 10:38:48,221 - INFO - [AUTH] Authenticated access: admin (admin) to /sync-summary/quick.json
2025-10-07 10:38:48,221 - INFO - Cache hit for all_servers
2025-10-07 10:38:48,225 - INFO - [RESP] GET /sync-summary/quick.json - 200
2025-10-07 10:38:48,227 - INFO - 127.0.0.1 - - [07/Oct/2025 10:38:48] "GET /sync-summary/quick.json HTTP/1.1" 200 -
2025-10-07 10:38:48,229 - INFO - Last value is None for dbo.stock_items4, using hash-based deduplication
2025-10-07 10:38:48,285 - INFO - No new rows found for dbo.stock_items4
2025-10-07 10:38:48,476 - INFO - [REQ] GET /static/actin-logo.png - 127.0.0.1
2025-10-07 10:38:48,478 - INFO - [RESP] GET /static/actin-logo.png - 304
2025-10-07 10:38:48,480 - INFO - 127.0.0.1 - - [07/Oct/2025 10:38:48] "[36mGET /static/actin-logo.png HTTP/1.1[0m" 304 -
2025-10-07 10:38:48,529 - INFO - [INCR SYNC] dbo.stock_items5: row_count=10, sync_col=id, last_value=None
2025-10-07 10:38:48,595 - INFO - Schema '1921681851_hel' created/verified successfully
2025-10-07 10:38:48,635 - INFO - Last value is None for dbo.stock_items5, using hash-based deduplication
2025-10-07 10:38:48,675 - INFO - No new rows found for dbo.stock_items5
2025-10-07 10:38:49,017 - INFO - [INCR SYNC] dbo.stock_items6: row_count=10, sync_col=id, last_value=None
2025-10-07 10:38:49,093 - INFO - Schema '1921681851_hel' created/verified successfully
2025-10-07 10:38:49,145 - INFO - Last value is None for dbo.stock_items6, using hash-based deduplication
2025-10-07 10:38:49,186 - INFO - No new rows found for dbo.stock_items6
2025-10-07 10:38:49,540 - INFO - [INCR SYNC] sys.trace_xe_action_map: row_count=22, sync_col=None, last_value=None
2025-10-07 10:38:49,902 - INFO - [INCR SYNC] sys.trace_xe_event_map: row_count=139, sync_col=None, last_value=None
2025-10-07 10:38:49,903 - INFO - === INCREMENTAL sync completed for hel, 10/10 tables processed ===
2025-10-07 10:38:49,932 - INFO - server1/hel: processed 10 tables
2025-10-07 10:38:49,978 - INFO - DATABASE START: server1/saad1
2025-10-07 10:38:49,982 - INFO - Cleaned up system table: 1921681851_saad1.sys_trace_xe_event_map
2025-10-07 10:38:49,985 - INFO - Cleaned up system table: 1921681851_saad1.sys_trace_xe_action_map
2025-10-07 10:38:50,076 - INFO - === Starting INCREMENTAL sync for database: saad1 ===
2025-10-07 10:38:50,692 - INFO - [INCR SYNC] dbo.stock_items6: row_count=10, sync_col=id, last_value=None
2025-10-07 10:38:50,757 - INFO - [REQ] GET / - 127.0.0.1
2025-10-07 10:38:50,759 - INFO - [DEBUG] Checking auth for / - Session: {'_flashes': [('warning', 'Please log in to access this page'), ('success', 'Welcome, admin!')], '_permanent': True, 'role': 'admin', 'session_ip': '127.0.0.1', 'session_start_time': 1759813721.160573, 'username': 'admin'}
2025-10-07 10:38:50,761 - INFO - [AUTH] Authenticated access: admin (admin) to /
2025-10-07 10:38:50,762 - INFO - [HOME] Homepage accessed by user: admin
2025-10-07 10:38:50,769 - INFO - [INFO] Loaded 1 SQL servers for display
2025-10-07 10:38:50,773 - INFO - [RESP] GET / - 200
2025-10-07 10:38:50,776 - INFO - 127.0.0.1 - - [07/Oct/2025 10:38:50] "GET / HTTP/1.1" 200 -
2025-10-07 10:38:51,106 - INFO - Schema '1921681851_saad1' created/verified successfully
2025-10-07 10:38:51,139 - INFO - [REQ] GET /static/actin-logo.png - 127.0.0.1
2025-10-07 10:38:51,142 - INFO - [RESP] GET /static/actin-logo.png - 304
2025-10-07 10:38:51,144 - INFO - 127.0.0.1 - - [07/Oct/2025 10:38:51] "[36mGET /static/actin-logo.png HTTP/1.1[0m" 304 -
2025-10-07 10:38:51,164 - INFO - Last value is None for dbo.stock_items6, using hash-based deduplication
2025-10-07 10:38:51,270 - INFO - No new rows found for dbo.stock_items6
2025-10-07 10:38:51,719 - INFO - [INCR SYNC] sys.trace_xe_action_map: row_count=22, sync_col=None, last_value=None
2025-10-07 10:38:52,076 - INFO - [INCR SYNC] sys.trace_xe_event_map: row_count=139, sync_col=None, last_value=None
2025-10-07 10:38:52,077 - INFO - === INCREMENTAL sync completed for saad1, 3/3 tables processed ===
2025-10-07 10:38:52,082 - INFO - server1/saad1: processed 3 tables
2025-10-07 10:38:52,107 - INFO - DATABASE START: server1/SampleDB3
2025-10-07 10:38:52,109 - INFO - Cleaned up system table: 1921681851_SampleDB3.sys_trace_xe_event_map
2025-10-07 10:38:52,111 - INFO - Cleaned up system table: 1921681851_SampleDB3.sys_trace_xe_action_map
2025-10-07 10:38:52,197 - INFO - === Starting INCREMENTAL sync for database: SampleDB3 ===
2025-10-07 10:38:52,922 - INFO - [INCR SYNC] dbo.Employees: row_count=5, sync_col=EmployeeID, last_value=None
2025-10-07 10:38:53,256 - INFO - Schema '1921681851_SampleDB3' created/verified successfully
2025-10-07 10:38:53,303 - INFO - Last value is None for dbo.Employees, using hash-based deduplication
2025-10-07 10:38:53,356 - INFO - No new rows found for dbo.Employees
2025-10-07 10:38:53,473 - INFO - [REQ] GET /view-schedules - 127.0.0.1
2025-10-07 10:38:53,475 - INFO - [DEBUG] Checking auth for /view-schedules - Session: {'_flashes': [('warning', 'Please log in to access this page'), ('success', 'Welcome, admin!')], '_permanent': True, 'role': 'admin', 'session_ip': '127.0.0.1', 'session_start_time': 1759813721.160573, 'username': 'admin'}
2025-10-07 10:38:53,475 - INFO - [AUTH] Authenticated access: admin (admin) to /view-schedules
2025-10-07 10:38:53,605 - INFO - [INCR SYNC] sys.trace_xe_action_map: row_count=22, sync_col=None, last_value=None
2025-10-07 10:38:53,690 - INFO - [RESP] GET /view-schedules - 200
2025-10-07 10:38:53,691 - INFO - 127.0.0.1 - - [07/Oct/2025 10:38:53] "GET /view-schedules HTTP/1.1" 200 -
2025-10-07 10:38:53,867 - INFO - [INCR SYNC] sys.trace_xe_event_map: row_count=139, sync_col=None, last_value=None
2025-10-07 10:38:53,869 - INFO - === INCREMENTAL sync completed for SampleDB3, 3/3 tables processed ===
2025-10-07 10:38:53,873 - INFO - server1/SampleDB3: processed 3 tables
2025-10-07 10:38:53,896 - INFO - DATABASE START: server1/SampleDB4
2025-10-07 10:38:53,899 - INFO - Cleaned up system table: 1921681851_SampleDB4.sys_trace_xe_event_map
2025-10-07 10:38:53,900 - INFO - Cleaned up system table: 1921681851_SampleDB4.sys_trace_xe_action_map
2025-10-07 10:38:53,987 - INFO - === Starting INCREMENTAL sync for database: SampleDB4 ===
2025-10-07 10:38:54,040 - INFO - [REQ] GET /static/actin-logo.png - 127.0.0.1
2025-10-07 10:38:54,042 - INFO - [RESP] GET /static/actin-logo.png - 304
2025-10-07 10:38:54,044 - INFO - 127.0.0.1 - - [07/Oct/2025 10:38:54] "[36mGET /static/actin-logo.png HTTP/1.1[0m" 304 -
2025-10-07 10:38:54,481 - INFO - [INCR SYNC] dbo.Employees: row_count=5, sync_col=EmployeeID, last_value=None
2025-10-07 10:38:54,554 - INFO - [REQ] GET /api/job-statuses - 127.0.0.1
2025-10-07 10:38:54,555 - INFO - [DEBUG] Checking auth for /api/job-statuses - Session: {'_flashes': [('warning', 'Please log in to access this page'), ('success', 'Welcome, admin!')], '_permanent': True, 'role': 'admin', 'session_ip': '127.0.0.1', 'session_start_time': 1759813721.160573, 'username': 'admin'}
2025-10-07 10:38:54,556 - INFO - [AUTH] Authenticated access: admin (admin) to /api/job-statuses
2025-10-07 10:38:54,558 - INFO - [RESP] GET /api/job-statuses - 404
2025-10-07 10:38:54,560 - INFO - 127.0.0.1 - - [07/Oct/2025 10:38:54] "[33mGET /api/job-statuses HTTP/1.1[0m" 404 -
2025-10-07 10:38:54,799 - INFO - Schema '1921681851_SampleDB4' created/verified successfully
2025-10-07 10:38:54,849 - INFO - Last value is None for dbo.Employees, using hash-based deduplication
2025-10-07 10:38:54,912 - INFO - No new rows found for dbo.Employees
2025-10-07 10:38:55,209 - INFO - [INCR SYNC] sys.trace_xe_action_map: row_count=22, sync_col=None, last_value=None
2025-10-07 10:38:55,498 - INFO - [INCR SYNC] sys.trace_xe_event_map: row_count=139, sync_col=None, last_value=None
2025-10-07 10:38:55,499 - INFO - === INCREMENTAL sync completed for SampleDB4, 3/3 tables processed ===
2025-10-07 10:38:55,507 - INFO - server1/SampleDB4: processed 3 tables
2025-10-07 10:38:55,536 - INFO - DATABASE START: server1/SampleDB5
2025-10-07 10:38:55,539 - INFO - Cleaned up system table: 1921681851_SampleDB5.sys_trace_xe_event_map
2025-10-07 10:38:55,543 - INFO - Cleaned up system table: 1921681851_SampleDB5.sys_trace_xe_action_map
2025-10-07 10:38:55,619 - INFO - === Starting INCREMENTAL sync for database: SampleDB5 ===
2025-10-07 10:38:55,691 - INFO - [REQ] GET /dashboard - 127.0.0.1
2025-10-07 10:38:55,691 - INFO - [DEBUG] Checking auth for /dashboard - Session: {'_flashes': [('warning', 'Please log in to access this page'), ('success', 'Welcome, admin!')], '_permanent': True, 'role': 'admin', 'session_ip': '127.0.0.1', 'session_start_time': 1759813721.160573, 'username': 'admin'}
2025-10-07 10:38:55,693 - INFO - [AUTH] Authenticated access: admin (admin) to /dashboard
2025-10-07 10:38:56,039 - INFO - [RESP] GET /dashboard - 200
2025-10-07 10:38:56,042 - INFO - 127.0.0.1 - - [07/Oct/2025 10:38:56] "GET /dashboard HTTP/1.1" 200 -
2025-10-07 10:38:56,287 - INFO - [INCR SYNC] dbo.Employees: row_count=5, sync_col=EmployeeID, last_value=None
2025-10-07 10:38:56,393 - INFO - [REQ] GET /static/actin-logo.png - 127.0.0.1
2025-10-07 10:38:56,395 - INFO - [RESP] GET /static/actin-logo.png - 304
2025-10-07 10:38:56,396 - INFO - 127.0.0.1 - - [07/Oct/2025 10:38:56] "[36mGET /static/actin-logo.png HTTP/1.1[0m" 304 -
2025-10-07 10:38:56,641 - INFO - Schema '1921681851_SampleDB5' created/verified successfully
2025-10-07 10:38:56,691 - INFO - Last value is None for dbo.Employees, using hash-based deduplication
2025-10-07 10:38:56,731 - INFO - No new rows found for dbo.Employees
2025-10-07 10:38:57,102 - INFO - [INCR SYNC] sys.trace_xe_action_map: row_count=22, sync_col=None, last_value=None
2025-10-07 10:38:57,341 - INFO - [INCR SYNC] sys.trace_xe_event_map: row_count=139, sync_col=None, last_value=None
2025-10-07 10:38:57,343 - INFO - === INCREMENTAL sync completed for SampleDB5, 3/3 tables processed ===
2025-10-07 10:38:57,346 - INFO - server1/SampleDB5: processed 3 tables
2025-10-07 10:38:57,367 - INFO - DATABASE START: server1/Vikas
2025-10-07 10:38:57,369 - INFO - Cleaned up system table: 1921681851_Vikas.sys_trace_xe_event_map
2025-10-07 10:38:57,370 - INFO - Cleaned up system table: 1921681851_Vikas.sys_trace_xe_action_map
2025-10-07 10:38:57,456 - INFO - === Starting INCREMENTAL sync for database: Vikas ===
2025-10-07 10:38:57,981 - INFO - [INCR SYNC] dbo.stock_items6: row_count=10, sync_col=id, last_value=None
2025-10-07 10:38:58,301 - INFO - Schema '1921681851_Vikas' created/verified successfully
2025-10-07 10:38:58,346 - INFO - Last value is None for dbo.stock_items6, using hash-based deduplication
2025-10-07 10:38:58,392 - INFO - No new rows found for dbo.stock_items6
2025-10-07 10:38:58,752 - INFO - [INCR SYNC] dbo.Table_1: row_count=0, sync_col=None, last_value=None
2025-10-07 10:38:58,838 - INFO - Schema '1921681851_Vikas' created/verified successfully
2025-10-07 10:38:58,924 - INFO - Table dbo.Table_1 is empty, but schema ensured in PostgreSQL
2025-10-07 10:38:59,169 - INFO - [INCR SYNC] sys.trace_xe_action_map: row_count=22, sync_col=None, last_value=None
2025-10-07 10:38:59,455 - INFO - [INCR SYNC] sys.trace_xe_event_map: row_count=139, sync_col=None, last_value=None
2025-10-07 10:38:59,458 - INFO - === INCREMENTAL sync completed for Vikas, 4/4 tables processed ===
2025-10-07 10:38:59,485 - INFO - server1/Vikas: processed 4 tables
2025-10-07 10:38:59,507 - INFO - Completed server1
2025-10-07 10:38:59,594 - INFO - [RESP] GET /sync/server1 - 302
2025-10-07 10:38:59,596 - INFO - 127.0.0.1 - - [07/Oct/2025 10:38:59] "[32mGET /sync/server1 HTTP/1.1[0m" 302 -
2025-10-07 10:39:00,180 - INFO - [REQ] GET / - 127.0.0.1
2025-10-07 10:39:00,191 - INFO - [AUTH] Authenticated access: admin (admin) to /
2025-10-07 10:39:00,192 - INFO - [HOME] Homepage accessed by user: admin
2025-10-07 10:39:00,200 - INFO - [INFO] Loaded 1 SQL servers for display
2025-10-07 10:39:00,203 - INFO - [RESP] GET / - 200
2025-10-07 10:39:00,206 - INFO - 127.0.0.1 - - [07/Oct/2025 10:39:00] "GET / HTTP/1.1" 200 -
2025-10-07 10:39:00,414 - INFO - [REQ] GET /static/actin-logo.png - 127.0.0.1
2025-10-07 10:39:00,417 - INFO - [RESP] GET /static/actin-logo.png - 304
2025-10-07 10:39:00,420 - INFO - 127.0.0.1 - - [07/Oct/2025 10:39:00] "[36mGET /static/actin-logo.png HTTP/1.1[0m" 304 -
2025-10-07 10:39:02,151 - INFO - [REQ] GET /sync/server1 - 127.0.0.1
2025-10-07 10:39:02,166 - INFO - [AUTH] Authenticated access: admin (admin) to /sync/server1
2025-10-07 10:39:02,188 - INFO - MIGRATION STARTED for server1
2025-10-07 10:39:02,290 - INFO - Sync tracking table created/verified
2025-10-07 10:39:02,305 - INFO - Connected to SQL Server: 192.168.18.51
2025-10-07 10:39:02,332 - INFO - Found 6 databases on 192.168.18.51
2025-10-07 10:39:02,334 - INFO - DATABASE START: server1/hel
2025-10-07 10:39:02,338 - INFO - Cleaned up system table: 1921681851_hel.sys_trace_xe_event_map
2025-10-07 10:39:02,342 - INFO - Cleaned up system table: 1921681851_hel.sys_trace_xe_action_map
2025-10-07 10:39:02,362 - INFO - === Starting INCREMENTAL sync for database: hel ===
2025-10-07 10:39:02,456 - INFO - [INCR SYNC] dbo.hel2et: row_count=10, sync_col=HelmetId, last_value=None
2025-10-07 10:39:02,646 - INFO - Schema '1921681851_hel' created/verified successfully
2025-10-07 10:39:02,734 - INFO - Last value is None for dbo.hel2et, using hash-based deduplication
2025-10-07 10:39:02,791 - INFO - No new rows found for dbo.hel2et
2025-10-07 10:39:02,822 - INFO - [INCR SYNC] dbo.helmet: row_count=10, sync_col=HelmetId, last_value=None
2025-10-07 10:39:02,865 - INFO - Schema '1921681851_hel' created/verified successfully
2025-10-07 10:39:02,909 - INFO - Last value is None for dbo.helmet, using hash-based deduplication
2025-10-07 10:39:02,959 - INFO - No new rows found for dbo.helmet
2025-10-07 10:39:02,992 - INFO - [INCR SYNC] dbo.stock_items1: row_count=10, sync_col=id, last_value=None
2025-10-07 10:39:03,040 - INFO - Schema '1921681851_hel' created/verified successfully
2025-10-07 10:39:03,090 - INFO - Last value is None for dbo.stock_items1, using hash-based deduplication
2025-10-07 10:39:03,143 - INFO - No new rows found for dbo.stock_items1
2025-10-07 10:39:03,182 - INFO - [INCR SYNC] dbo.stock_items2: row_count=10, sync_col=id, last_value=None
2025-10-07 10:39:03,221 - INFO - Schema '1921681851_hel' created/verified successfully
2025-10-07 10:39:03,268 - INFO - Last value is None for dbo.stock_items2, using hash-based deduplication
2025-10-07 10:39:03,331 - INFO - No new rows found for dbo.stock_items2
2025-10-07 10:39:03,363 - INFO - [INCR SYNC] dbo.stock_items3: row_count=10, sync_col=id, last_value=None
2025-10-07 10:39:03,404 - INFO - Schema '1921681851_hel' created/verified successfully
2025-10-07 10:39:03,450 - INFO - Last value is None for dbo.stock_items3, using hash-based deduplication
2025-10-07 10:39:03,503 - INFO - No new rows found for dbo.stock_items3
2025-10-07 10:39:03,538 - INFO - [INCR SYNC] dbo.stock_items4: row_count=10, sync_col=id, last_value=None
2025-10-07 10:39:03,569 - INFO - Schema '1921681851_hel' created/verified successfully
2025-10-07 10:39:03,633 - INFO - Last value is None for dbo.stock_items4, using hash-based deduplication
2025-10-07 10:39:03,684 - INFO - No new rows found for dbo.stock_items4
2025-10-07 10:39:03,718 - INFO - [INCR SYNC] dbo.stock_items5: row_count=10, sync_col=id, last_value=None
2025-10-07 10:39:03,766 - INFO - Schema '1921681851_hel' created/verified successfully
2025-10-07 10:39:03,826 - INFO - Last value is None for dbo.stock_items5, using hash-based deduplication
2025-10-07 10:39:03,893 - INFO - No new rows found for dbo.stock_items5
2025-10-07 10:39:03,927 - INFO - [INCR SYNC] dbo.stock_items6: row_count=10, sync_col=id, last_value=None
2025-10-07 10:39:03,986 - INFO - Schema '1921681851_hel' created/verified successfully
2025-10-07 10:39:04,049 - INFO - Last value is None for dbo.stock_items6, using hash-based deduplication
2025-10-07 10:39:04,121 - INFO - No new rows found for dbo.stock_items6
2025-10-07 10:39:04,161 - INFO - [INCR SYNC] sys.trace_xe_action_map: row_count=22, sync_col=None, last_value=None
2025-10-07 10:39:04,195 - INFO - [INCR SYNC] sys.trace_xe_event_map: row_count=139, sync_col=None, last_value=None
2025-10-07 10:39:04,198 - INFO - === INCREMENTAL sync completed for hel, 10/10 tables processed ===
2025-10-07 10:39:04,205 - INFO - server1/hel: processed 10 tables
2025-10-07 10:39:04,225 - INFO - DATABASE START: server1/saad1
2025-10-07 10:39:04,227 - INFO - Cleaned up system table: 1921681851_saad1.sys_trace_xe_event_map
2025-10-07 10:39:04,231 - INFO - Cleaned up system table: 1921681851_saad1.sys_trace_xe_action_map
2025-10-07 10:39:04,242 - INFO - === Starting INCREMENTAL sync for database: saad1 ===
2025-10-07 10:39:04,287 - INFO - [INCR SYNC] dbo.stock_items6: row_count=10, sync_col=id, last_value=None
2025-10-07 10:39:04,446 - INFO - Schema '1921681851_saad1' created/verified successfully
2025-10-07 10:39:04,501 - INFO - Last value is None for dbo.stock_items6, using hash-based deduplication
2025-10-07 10:39:04,547 - INFO - No new rows found for dbo.stock_items6
2025-10-07 10:39:04,587 - INFO - [INCR SYNC] sys.trace_xe_action_map: row_count=22, sync_col=None, last_value=None
2025-10-07 10:39:04,636 - INFO - [INCR SYNC] sys.trace_xe_event_map: row_count=139, sync_col=None, last_value=None
2025-10-07 10:39:04,638 - INFO - === INCREMENTAL sync completed for saad1, 3/3 tables processed ===
2025-10-07 10:39:04,642 - INFO - server1/saad1: processed 3 tables
2025-10-07 10:39:04,674 - INFO - DATABASE START: server1/SampleDB3
2025-10-07 10:39:04,677 - INFO - Cleaned up system table: 1921681851_SampleDB3.sys_trace_xe_event_map
2025-10-07 10:39:04,680 - INFO - Cleaned up system table: 1921681851_SampleDB3.sys_trace_xe_action_map
2025-10-07 10:39:04,730 - INFO - === Starting INCREMENTAL sync for database: SampleDB3 ===
2025-10-07 10:39:04,778 - INFO - [INCR SYNC] dbo.Employees: row_count=5, sync_col=EmployeeID, last_value=None
2025-10-07 10:39:04,932 - INFO - Schema '1921681851_SampleDB3' created/verified successfully
2025-10-07 10:39:04,998 - INFO - Last value is None for dbo.Employees, using hash-based deduplication
2025-10-07 10:39:05,067 - INFO - No new rows found for dbo.Employees
2025-10-07 10:39:05,101 - INFO - [INCR SYNC] sys.trace_xe_action_map: row_count=22, sync_col=None, last_value=None
2025-10-07 10:39:05,148 - INFO - [INCR SYNC] sys.trace_xe_event_map: row_count=139, sync_col=None, last_value=None
2025-10-07 10:39:05,150 - INFO - === INCREMENTAL sync completed for SampleDB3, 3/3 tables processed ===
2025-10-07 10:39:05,155 - INFO - server1/SampleDB3: processed 3 tables
2025-10-07 10:39:05,185 - INFO - DATABASE START: server1/SampleDB4
2025-10-07 10:39:05,189 - INFO - Cleaned up system table: 1921681851_SampleDB4.sys_trace_xe_event_map
2025-10-07 10:39:05,193 - INFO - Cleaned up system table: 1921681851_SampleDB4.sys_trace_xe_action_map
2025-10-07 10:39:05,259 - INFO - === Starting INCREMENTAL sync for database: SampleDB4 ===
2025-10-07 10:39:05,317 - INFO - [INCR SYNC] dbo.Employees: row_count=5, sync_col=EmployeeID, last_value=None
2025-10-07 10:39:05,431 - INFO - Schema '1921681851_SampleDB4' created/verified successfully
2025-10-07 10:39:05,477 - INFO - Last value is None for dbo.Employees, using hash-based deduplication
2025-10-07 10:39:05,532 - INFO - No new rows found for dbo.Employees
2025-10-07 10:39:05,560 - INFO - [REQ] GET /dashboard/data - 127.0.0.1
2025-10-07 10:39:05,562 - INFO - [DEBUG] Checking auth for /dashboard/data - Session: {'_flashes': [('warning', 'Please log in to access this page'), ('success', 'Welcome, admin!')], '_permanent': True, 'role': 'admin', 'session_ip': '127.0.0.1', 'session_start_time': 1759813185.442919, 'username': 'admin'}
2025-10-07 10:39:05,563 - INFO - [AUTH] Cleared old session from previous server instance
2025-10-07 10:39:05,564 - WARNING - [AUTH] BLOCKED unauthenticated access to /dashboard/data from 127.0.0.1
2025-10-07 10:39:05,565 - INFO - [INCR SYNC] sys.trace_xe_action_map: row_count=22, sync_col=None, last_value=None
2025-10-07 10:39:05,566 - WARNING - [AUTH] Session contents: {}
2025-10-07 10:39:05,569 - INFO - [RESP] GET /dashboard/data - 302
2025-10-07 10:39:05,571 - INFO - 127.0.0.1 - - [07/Oct/2025 10:39:05] "[32mGET /dashboard/data HTTP/1.1[0m" 302 -
2025-10-07 10:39:05,603 - INFO - [INCR SYNC] sys.trace_xe_event_map: row_count=139, sync_col=None, last_value=None
2025-10-07 10:39:05,605 - INFO - === INCREMENTAL sync completed for SampleDB4, 3/3 tables processed ===
2025-10-07 10:39:05,610 - INFO - server1/SampleDB4: processed 3 tables
2025-10-07 10:39:05,638 - INFO - DATABASE START: server1/SampleDB5
2025-10-07 10:39:05,642 - INFO - Cleaned up system table: 1921681851_SampleDB5.sys_trace_xe_event_map
2025-10-07 10:39:05,645 - INFO - Cleaned up system table: 1921681851_SampleDB5.sys_trace_xe_action_map
2025-10-07 10:39:05,659 - INFO - === Starting INCREMENTAL sync for database: SampleDB5 ===
2025-10-07 10:39:05,714 - INFO - [INCR SYNC] dbo.Employees: row_count=5, sync_col=EmployeeID, last_value=None
2025-10-07 10:39:05,806 - INFO - [REQ] GET /login - 127.0.0.1
2025-10-07 10:39:05,808 - INFO - [RESP] GET /login - 200
2025-10-07 10:39:05,810 - INFO - 127.0.0.1 - - [07/Oct/2025 10:39:05] "GET /login HTTP/1.1" 200 -
2025-10-07 10:39:05,822 - INFO - Schema '1921681851_SampleDB5' created/verified successfully
2025-10-07 10:39:05,866 - INFO - Last value is None for dbo.Employees, using hash-based deduplication
2025-10-07 10:39:05,916 - INFO - No new rows found for dbo.Employees
2025-10-07 10:39:05,955 - INFO - [INCR SYNC] sys.trace_xe_action_map: row_count=22, sync_col=None, last_value=None
2025-10-07 10:39:05,995 - INFO - [INCR SYNC] sys.trace_xe_event_map: row_count=139, sync_col=None, last_value=None
2025-10-07 10:39:05,996 - INFO - === INCREMENTAL sync completed for SampleDB5, 3/3 tables processed ===
2025-10-07 10:39:05,999 - INFO - server1/SampleDB5: processed 3 tables
2025-10-07 10:39:06,040 - INFO - DATABASE START: server1/Vikas
2025-10-07 10:39:06,043 - INFO - Cleaned up system table: 1921681851_Vikas.sys_trace_xe_event_map
2025-10-07 10:39:06,046 - INFO - Cleaned up system table: 1921681851_Vikas.sys_trace_xe_action_map
2025-10-07 10:39:06,055 - INFO - === Starting INCREMENTAL sync for database: Vikas ===
2025-10-07 10:39:06,096 - INFO - [INCR SYNC] dbo.stock_items6: row_count=10, sync_col=id, last_value=None
2025-10-07 10:39:06,207 - INFO - Schema '1921681851_Vikas' created/verified successfully
2025-10-07 10:39:06,270 - INFO - Last value is None for dbo.stock_items6, using hash-based deduplication
2025-10-07 10:39:06,334 - INFO - No new rows found for dbo.stock_items6
2025-10-07 10:39:06,372 - INFO - [INCR SYNC] dbo.Table_1: row_count=0, sync_col=None, last_value=None
2025-10-07 10:39:06,404 - INFO - Schema '1921681851_Vikas' created/verified successfully
2025-10-07 10:39:06,502 - INFO - Table dbo.Table_1 is empty, but schema ensured in PostgreSQL
2025-10-07 10:39:06,538 - INFO - [INCR SYNC] sys.trace_xe_action_map: row_count=22, sync_col=None, last_value=None
2025-10-07 10:39:06,578 - INFO - [INCR SYNC] sys.trace_xe_event_map: row_count=139, sync_col=None, last_value=None
2025-10-07 10:39:06,579 - INFO - === INCREMENTAL sync completed for Vikas, 4/4 tables processed ===
2025-10-07 10:39:06,585 - INFO - server1/Vikas: processed 4 tables
2025-10-07 10:39:06,611 - INFO - Completed server1
2025-10-07 10:39:06,730 - INFO - [RESP] GET /sync/server1 - 302
2025-10-07 10:39:06,731 - INFO - 127.0.0.1 - - [07/Oct/2025 10:39:06] "[32mGET /sync/server1 HTTP/1.1[0m" 302 -
2025-10-07 10:39:07,045 - INFO - [REQ] GET / - 127.0.0.1
2025-10-07 10:39:07,052 - INFO - [AUTH] Authenticated access: admin (admin) to /
2025-10-07 10:39:07,053 - INFO - [HOME] Homepage accessed by user: admin
2025-10-07 10:39:07,059 - INFO - [INFO] Loaded 1 SQL servers for display
2025-10-07 10:39:07,061 - INFO - [RESP] GET / - 200
2025-10-07 10:39:07,063 - INFO - 127.0.0.1 - - [07/Oct/2025 10:39:07] "GET / HTTP/1.1" 200 -
2025-10-07 10:40:05,283 - INFO - [REQ] GET /dashboard/data - 127.0.0.1
2025-10-07 10:40:05,284 - INFO - [DEBUG] Checking auth for /dashboard/data - Session: {'_flashes': [('warning', 'Please log in to access this page')]}
2025-10-07 10:40:05,285 - WARNING - [AUTH] BLOCKED unauthenticated access to /dashboard/data from 127.0.0.1
2025-10-07 10:40:05,285 - WARNING - [AUTH] Session contents: {'_flashes': [('warning', 'Please log in to access this page')]}
2025-10-07 10:40:05,286 - INFO - [RESP] GET /dashboard/data - 302
2025-10-07 10:40:05,288 - INFO - 127.0.0.1 - - [07/Oct/2025 10:40:05] "[32mGET /dashboard/data HTTP/1.1[0m" 302 -
2025-10-07 10:40:05,610 - INFO - [REQ] GET /login - 127.0.0.1
2025-10-07 10:40:05,613 - INFO - [RESP] GET /login - 200
2025-10-07 10:40:05,613 - INFO - 127.0.0.1 - - [07/Oct/2025 10:40:05] "GET /login HTTP/1.1" 200 -
2025-10-07 10:41:05,247 - INFO - [REQ] GET /dashboard/data - 127.0.0.1
2025-10-07 10:41:05,247 - INFO - [DEBUG] Checking auth for /dashboard/data - Session: {'_flashes': [('warning', 'Please log in to access this page')]}
2025-10-07 10:41:05,249 - WARNING - [AUTH] BLOCKED unauthenticated access to /dashboard/data from 127.0.0.1
2025-10-07 10:41:05,249 - WARNING - [AUTH] Session contents: {'_flashes': [('warning', 'Please log in to access this page')]}
2025-10-07 10:41:05,250 - INFO - [RESP] GET /dashboard/data - 302
2025-10-07 10:41:05,252 - INFO - 127.0.0.1 - - [07/Oct/2025 10:41:05] "[32mGET /dashboard/data HTTP/1.1[0m" 302 -
2025-10-07 10:41:05,587 - INFO - [REQ] GET /login - 127.0.0.1
2025-10-07 10:41:05,589 - INFO - [RESP] GET /login - 200
2025-10-07 10:41:05,591 - INFO - 127.0.0.1 - - [07/Oct/2025 10:41:05] "GET /login HTTP/1.1" 200 -
2025-10-07 10:42:05,244 - INFO - [REQ] GET /dashboard/data - 127.0.0.1
2025-10-07 10:42:05,245 - INFO - [DEBUG] Checking auth for /dashboard/data - Session: {'_flashes': [('warning', 'Please log in to access this page')]}
2025-10-07 10:42:05,247 - WARNING - [AUTH] BLOCKED unauthenticated access to /dashboard/data from 127.0.0.1
2025-10-07 10:42:05,247 - WARNING - [AUTH] Session contents: {'_flashes': [('warning', 'Please log in to access this page')]}
2025-10-07 10:42:05,248 - INFO - [RESP] GET /dashboard/data - 302
2025-10-07 10:42:05,251 - INFO - 127.0.0.1 - - [07/Oct/2025 10:42:05] "[32mGET /dashboard/data HTTP/1.1[0m" 302 -
2025-10-07 10:42:05,583 - INFO - [REQ] GET /login - 127.0.0.1
2025-10-07 10:42:05,585 - INFO - [RESP] GET /login - 200
2025-10-07 10:42:05,587 - INFO - 127.0.0.1 - - [07/Oct/2025 10:42:05] "GET /login HTTP/1.1" 200 -
2025-10-07 10:43:05,245 - INFO - [REQ] GET /dashboard/data - 127.0.0.1
2025-10-07 10:43:05,246 - INFO - [DEBUG] Checking auth for /dashboard/data - Session: {'_flashes': [('warning', 'Please log in to access this page')]}
2025-10-07 10:43:05,247 - WARNING - [AUTH] BLOCKED unauthenticated access to /dashboard/data from 127.0.0.1
2025-10-07 10:43:05,248 - WARNING - [AUTH] Session contents: {'_flashes': [('warning', 'Please log in to access this page')]}
2025-10-07 10:43:05,249 - INFO - [RESP] GET /dashboard/data - 302
2025-10-07 10:43:05,251 - INFO - 127.0.0.1 - - [07/Oct/2025 10:43:05] "[32mGET /dashboard/data HTTP/1.1[0m" 302 -
2025-10-07 10:43:05,580 - INFO - [REQ] GET /login - 127.0.0.1
2025-10-07 10:43:05,582 - INFO - [RESP] GET /login - 200
2025-10-07 10:43:05,582 - INFO - 127.0.0.1 - - [07/Oct/2025 10:43:05] "GET /login HTTP/1.1" 200 -
2025-10-07 10:43:32,875 - INFO -  * Detected change in 'C:\\Users\\SaadSayyed\\Desktop\\nitin_sir_7\\nitin_sir5\\app.py', reloading
2025-10-07 10:43:33,199 - INFO -  * Restarting with stat
2025-10-07 10:43:34,781 - INFO - [INIT] Initializing Flask application...
2025-10-07 10:43:34,781 - INFO - [CONFIG] Loading configuration...
2025-10-07 10:43:34,781 - INFO - [AUTH] Authentication system ready
2025-10-07 10:43:34,782 - INFO - [DATABASE] Database connections configured
2025-10-07 10:43:34,783 - INFO - [SCHEDULER] Scheduler system active
2025-10-07 10:43:34,783 - INFO - [STARTUP] Application startup complete!
2025-10-07 10:43:34,800 - WARNING -  * Debugger is active!
2025-10-07 10:43:34,804 - INFO -  * Debugger PIN: 499-062-501
2025-10-07 10:43:42,133 - INFO -  * Detected change in 'C:\\Users\\SaadSayyed\\Desktop\\nitin_sir_7\\nitin_sir5\\app.py', reloading
2025-10-07 10:43:42,387 - INFO -  * Restarting with stat
2025-10-07 10:43:44,060 - INFO - [INIT] Initializing Flask application...
2025-10-07 10:43:44,061 - INFO - [CONFIG] Loading configuration...
2025-10-07 10:43:44,061 - INFO - [AUTH] Authentication system ready
2025-10-07 10:43:44,061 - INFO - [DATABASE] Database connections configured
2025-10-07 10:43:44,062 - INFO - [SCHEDULER] Scheduler system active
2025-10-07 10:43:44,062 - INFO - [STARTUP] Application startup complete!
2025-10-07 10:43:44,078 - WARNING -  * Debugger is active!
2025-10-07 10:43:44,081 - INFO -  * Debugger PIN: 499-062-501
2025-10-07 10:43:55,599 - INFO -  * Detected change in 'C:\\Users\\SaadSayyed\\Desktop\\nitin_sir_7\\nitin_sir5\\hybrid_sync.py', reloading
2025-10-07 10:43:55,913 - INFO -  * Restarting with stat
2025-10-07 10:53:55,205 - INFO - [INIT] Initializing Flask application...
2025-10-07 10:53:55,206 - INFO - [CONFIG] Loading configuration...
2025-10-07 10:53:55,207 - INFO - [AUTH] Authentication system ready
2025-10-07 10:53:55,207 - INFO - [DATABASE] Database connections configured
2025-10-07 10:53:55,207 - INFO - [SCHEDULER] Scheduler system active
2025-10-07 10:53:55,207 - INFO - [STARTUP] Application startup complete!
2025-10-07 10:53:55,251 - INFO - [31m[1mWARNING: This is a development server. Do not use it in a production deployment. Use a production WSGI server instead.[0m
 * Running on http://127.0.0.1:5000
2025-10-07 10:53:55,251 - INFO - [33mPress CTRL+C to quit[0m
2025-10-07 10:53:55,254 - INFO -  * Restarting with stat
2025-10-07 10:53:56,859 - INFO - [INIT] Initializing Flask application...
2025-10-07 10:53:56,860 - INFO - [CONFIG] Loading configuration...
2025-10-07 10:53:56,860 - INFO - [AUTH] Authentication system ready
2025-10-07 10:53:56,861 - INFO - [DATABASE] Database connections configured
2025-10-07 10:53:56,862 - INFO - [SCHEDULER] Scheduler system active
2025-10-07 10:53:56,862 - INFO - [STARTUP] Application startup complete!
2025-10-07 10:53:56,882 - WARNING -  * Debugger is active!
2025-10-07 10:53:56,888 - INFO -  * Debugger PIN: 499-062-501
2025-10-07 10:53:56,918 - INFO - [REQ] GET /login - 127.0.0.1
2025-10-07 10:53:56,922 - INFO - [RESP] GET /login - 200
2025-10-07 10:53:56,924 - INFO - 127.0.0.1 - - [07/Oct/2025 10:53:56] "GET /login HTTP/1.1" 200 -
2025-10-07 10:54:04,467 - INFO - [REQ] POST /login - 127.0.0.1
2025-10-07 10:54:05,114 - INFO - [LOGIN] Successful login: admin (admin) from 127.0.0.1
2025-10-07 10:54:05,116 - INFO - [RESP] POST /login - 302
2025-10-07 10:54:05,119 - INFO - 127.0.0.1 - - [07/Oct/2025 10:54:05] "[32mPOST /login HTTP/1.1[0m" 302 -
2025-10-07 10:54:05,127 - INFO - [REQ] GET / - 127.0.0.1
2025-10-07 10:54:05,128 - INFO - [DEBUG] Checking auth for / - username=admin, role=admin, ip=127.0.0.1
2025-10-07 10:54:05,129 - INFO - [AUTH] Authenticated access: admin (admin) to /
2025-10-07 10:54:05,129 - INFO - [HOME] Homepage accessed by user: admin
2025-10-07 10:54:05,131 - INFO - [INFO] Loaded 1 SQL servers for display
2025-10-07 10:54:05,160 - INFO - [RESP] GET / - 200
2025-10-07 10:54:05,161 - INFO - 127.0.0.1 - - [07/Oct/2025 10:54:05] "GET / HTTP/1.1" 200 -
2025-10-07 10:54:05,504 - INFO - [REQ] GET /static/actin-logo.png - 127.0.0.1
2025-10-07 10:54:05,564 - INFO - [REQ] GET /dashboard/data - 127.0.0.1
2025-10-07 10:54:05,565 - INFO - [DEBUG] Checking auth for /dashboard/data - username=None, role=None, ip=None
2025-10-07 10:54:05,566 - WARNING - [AUTH] BLOCKED unauthenticated access to /dashboard/data from 127.0.0.1
2025-10-07 10:54:05,567 - WARNING - [AUTH] Session contents: {'_flashes': [('warning', 'Please log in to access this page')]}
2025-10-07 10:54:05,568 - INFO - [RESP] GET /dashboard/data - 302
2025-10-07 10:54:05,571 - INFO - 127.0.0.1 - - [07/Oct/2025 10:54:05] "[32mGET /dashboard/data HTTP/1.1[0m" 302 -
2025-10-07 10:54:05,677 - INFO - [RESP] GET /static/actin-logo.png - 304
2025-10-07 10:54:05,680 - INFO - 127.0.0.1 - - [07/Oct/2025 10:54:05] "[36mGET /static/actin-logo.png HTTP/1.1[0m" 304 -
2025-10-07 10:54:05,836 - INFO - [REQ] GET /login - 127.0.0.1
2025-10-07 10:54:05,839 - INFO - [RESP] GET /login - 200
2025-10-07 10:54:05,840 - INFO - 127.0.0.1 - - [07/Oct/2025 10:54:05] "GET /login HTTP/1.1" 200 -
2025-10-07 10:54:09,287 - INFO - [REQ] GET /sync-summary - 127.0.0.1
2025-10-07 10:54:09,289 - INFO - [DEBUG] Checking auth for /sync-summary - username=admin, role=admin, ip=127.0.0.1
2025-10-07 10:54:09,289 - INFO - [AUTH] Authenticated access: admin (admin) to /sync-summary
2025-10-07 10:54:11,691 - INFO - [RESP] GET /sync-summary - 200
2025-10-07 10:54:11,693 - INFO - 127.0.0.1 - - [07/Oct/2025 10:54:11] "GET /sync-summary HTTP/1.1" 200 -
2025-10-07 10:54:11,726 - INFO - [REQ] GET /static/actin-logo.png - 127.0.0.1
2025-10-07 10:54:11,728 - INFO - [RESP] GET /static/actin-logo.png - 304
2025-10-07 10:54:11,730 - INFO - 127.0.0.1 - - [07/Oct/2025 10:54:11] "[36mGET /static/actin-logo.png HTTP/1.1[0m" 304 -
2025-10-07 10:54:12,370 - INFO - [REQ] GET /sync-summary/quick.json - 127.0.0.1
2025-10-07 10:54:12,375 - INFO - [DEBUG] Checking auth for /sync-summary/quick.json - username=admin, role=admin, ip=127.0.0.1
2025-10-07 10:54:12,375 - INFO - [AUTH] Authenticated access: admin (admin) to /sync-summary/quick.json
2025-10-07 10:54:12,376 - INFO - Cache hit for all_servers
2025-10-07 10:54:12,377 - INFO - [RESP] GET /sync-summary/quick.json - 200
2025-10-07 10:54:12,378 - INFO - 127.0.0.1 - - [07/Oct/2025 10:54:12] "GET /sync-summary/quick.json HTTP/1.1" 200 -
2025-10-07 10:54:13,650 - INFO - [REQ] GET /view-schedules - 127.0.0.1
2025-10-07 10:54:13,651 - INFO - [DEBUG] Checking auth for /view-schedules - username=admin, role=admin, ip=127.0.0.1
2025-10-07 10:54:13,652 - INFO - [AUTH] Authenticated access: admin (admin) to /view-schedules
2025-10-07 10:54:13,757 - INFO - [RESP] GET /view-schedules - 200
2025-10-07 10:54:13,759 - INFO - 127.0.0.1 - - [07/Oct/2025 10:54:13] "GET /view-schedules HTTP/1.1" 200 -
2025-10-07 10:54:13,960 - INFO - [REQ] GET /static/actin-logo.png - 127.0.0.1
2025-10-07 10:54:13,962 - INFO - [RESP] GET /static/actin-logo.png - 304
2025-10-07 10:54:13,964 - INFO - 127.0.0.1 - - [07/Oct/2025 10:54:13] "[36mGET /static/actin-logo.png HTTP/1.1[0m" 304 -
2025-10-07 10:54:14,413 - INFO - [REQ] GET /api/job-statuses - 127.0.0.1
2025-10-07 10:54:14,414 - INFO - [DEBUG] Checking auth for /api/job-statuses - username=admin, role=admin, ip=127.0.0.1
2025-10-07 10:54:14,415 - INFO - [AUTH] Authenticated access: admin (admin) to /api/job-statuses
2025-10-07 10:54:14,415 - INFO - [RESP] GET /api/job-statuses - 404
2025-10-07 10:54:14,418 - INFO - 127.0.0.1 - - [07/Oct/2025 10:54:14] "[33mGET /api/job-statuses HTTP/1.1[0m" 404 -
2025-10-07 10:54:15,711 - INFO - [REQ] GET /dashboard - 127.0.0.1
2025-10-07 10:54:15,713 - INFO - [DEBUG] Checking auth for /dashboard - username=admin, role=admin, ip=127.0.0.1
2025-10-07 10:54:15,714 - INFO - [AUTH] Authenticated access: admin (admin) to /dashboard
2025-10-07 10:54:16,034 - INFO - [RESP] GET /dashboard - 200
2025-10-07 10:54:16,036 - INFO - 127.0.0.1 - - [07/Oct/2025 10:54:16] "GET /dashboard HTTP/1.1" 200 -
2025-10-07 10:54:16,081 - INFO - [REQ] GET /static/actin-logo.png - 127.0.0.1
2025-10-07 10:54:16,084 - INFO - [RESP] GET /static/actin-logo.png - 304
2025-10-07 10:54:16,087 - INFO - 127.0.0.1 - - [07/Oct/2025 10:54:16] "[36mGET /static/actin-logo.png HTTP/1.1[0m" 304 -
2025-10-07 10:54:21,108 - INFO - [REQ] GET / - 127.0.0.1
2025-10-07 10:54:21,109 - INFO - [DEBUG] Checking auth for / - username=admin, role=admin, ip=127.0.0.1
2025-10-07 10:54:21,110 - INFO - [AUTH] Authenticated access: admin (admin) to /
2025-10-07 10:54:21,111 - INFO - [HOME] Homepage accessed by user: admin
2025-10-07 10:54:21,115 - INFO - [INFO] Loaded 1 SQL servers for display
2025-10-07 10:54:21,117 - INFO - [RESP] GET / - 200
2025-10-07 10:54:21,119 - INFO - 127.0.0.1 - - [07/Oct/2025 10:54:21] "GET / HTTP/1.1" 200 -
2025-10-07 10:54:21,349 - INFO - [REQ] GET /static/actin-logo.png - 127.0.0.1
2025-10-07 10:54:21,351 - INFO - [RESP] GET /static/actin-logo.png - 304
2025-10-07 10:54:21,353 - INFO - 127.0.0.1 - - [07/Oct/2025 10:54:21] "[36mGET /static/actin-logo.png HTTP/1.1[0m" 304 -
2025-10-07 10:54:22,755 - INFO - [REQ] GET /sync/server1 - 127.0.0.1
2025-10-07 10:54:22,756 - INFO - [DEBUG] Checking auth for /sync/server1 - username=admin, role=admin, ip=127.0.0.1
2025-10-07 10:54:22,756 - INFO - [AUTH] Authenticated access: admin (admin) to /sync/server1
2025-10-07 10:54:22,757 - INFO - [SYNC START] Starting sync operation for server: server1
2025-10-07 10:54:22,841 - INFO - [PROCESS] Processing hybrid sync for server1
2025-10-07 10:54:22,843 - INFO - MIGRATION STARTED for server1
2025-10-07 10:54:23,004 - INFO - Sync tracking table created/verified
2025-10-07 10:54:23,155 - INFO - Connected to SQL Server: 192.168.18.51
2025-10-07 10:54:23,239 - INFO - Found 6 databases on 192.168.18.51
2025-10-07 10:54:23,242 - INFO - DATABASE START: server1/hel
2025-10-07 10:54:23,244 - INFO - Cleaned up system table: 1921681851_hel.sys_trace_xe_event_map
2025-10-07 10:54:23,246 - INFO - Cleaned up system table: 1921681851_hel.sys_trace_xe_action_map
2025-10-07 10:54:23,389 - INFO - === Starting INCREMENTAL sync for database: hel ===
2025-10-07 10:54:23,906 - INFO - [INCR SYNC] dbo.hel2et: row_count=10, sync_col=HelmetId, last_value=None
2025-10-07 10:54:24,324 - INFO - Schema '1921681851_hel' created/verified successfully
2025-10-07 10:54:24,797 - INFO - Last value is None for dbo.hel2et, using hash-based deduplication
2025-10-07 10:54:24,882 - INFO - No new rows found for dbo.hel2et
2025-10-07 10:54:25,305 - INFO - [INCR SYNC] dbo.helmet: row_count=10, sync_col=HelmetId, last_value=None
2025-10-07 10:54:25,432 - INFO - Schema '1921681851_hel' created/verified successfully
2025-10-07 10:54:25,818 - INFO - Last value is None for dbo.helmet, using hash-based deduplication
2025-10-07 10:54:25,895 - INFO - No new rows found for dbo.helmet
2025-10-07 10:54:26,232 - INFO - [INCR SYNC] dbo.stock_items1: row_count=10, sync_col=id, last_value=None
2025-10-07 10:54:26,329 - INFO - Schema '1921681851_hel' created/verified successfully
2025-10-07 10:54:26,750 - INFO - Last value is None for dbo.stock_items1, using hash-based deduplication
2025-10-07 10:54:26,817 - INFO - No new rows found for dbo.stock_items1
2025-10-07 10:54:27,255 - INFO - [INCR SYNC] dbo.stock_items2: row_count=10, sync_col=id, last_value=None
2025-10-07 10:54:27,356 - INFO - Schema '1921681851_hel' created/verified successfully
2025-10-07 10:54:27,397 - INFO - Last value is None for dbo.stock_items2, using hash-based deduplication
2025-10-07 10:54:27,441 - INFO - No new rows found for dbo.stock_items2
2025-10-07 10:54:27,696 - INFO - [INCR SYNC] dbo.stock_items3: row_count=10, sync_col=id, last_value=None
2025-10-07 10:54:27,773 - INFO - Schema '1921681851_hel' created/verified successfully
2025-10-07 10:54:27,820 - INFO - Last value is None for dbo.stock_items3, using hash-based deduplication
2025-10-07 10:54:27,874 - INFO - No new rows found for dbo.stock_items3
2025-10-07 10:54:28,132 - INFO - [INCR SYNC] dbo.stock_items4: row_count=10, sync_col=id, last_value=None
2025-10-07 10:54:28,196 - INFO - Schema '1921681851_hel' created/verified successfully
2025-10-07 10:54:28,234 - INFO - Last value is None for dbo.stock_items4, using hash-based deduplication
2025-10-07 10:54:28,281 - INFO - No new rows found for dbo.stock_items4
2025-10-07 10:54:28,532 - INFO - [INCR SYNC] dbo.stock_items5: row_count=10, sync_col=id, last_value=None
2025-10-07 10:54:28,607 - INFO - Schema '1921681851_hel' created/verified successfully
2025-10-07 10:54:28,652 - INFO - Last value is None for dbo.stock_items5, using hash-based deduplication
2025-10-07 10:54:28,703 - INFO - No new rows found for dbo.stock_items5
2025-10-07 10:54:28,953 - INFO - [INCR SYNC] dbo.stock_items6: row_count=10, sync_col=id, last_value=None
2025-10-07 10:54:29,032 - INFO - Schema '1921681851_hel' created/verified successfully
2025-10-07 10:54:29,079 - INFO - Last value is None for dbo.stock_items6, using hash-based deduplication
2025-10-07 10:54:29,129 - INFO - No new rows found for dbo.stock_items6
2025-10-07 10:54:29,479 - INFO - [INCR SYNC] sys.trace_xe_action_map: row_count=22, sync_col=None, last_value=None
2025-10-07 10:54:29,728 - INFO - [INCR SYNC] sys.trace_xe_event_map: row_count=139, sync_col=None, last_value=None
2025-10-07 10:54:29,737 - INFO - === INCREMENTAL sync completed for hel, 10/10 tables processed ===
2025-10-07 10:54:29,768 - INFO - server1/hel: processed 10 tables
2025-10-07 10:54:29,789 - INFO - DATABASE START: server1/saad1
2025-10-07 10:54:29,794 - INFO - Cleaned up system table: 1921681851_saad1.sys_trace_xe_event_map
2025-10-07 10:54:29,799 - INFO - Cleaned up system table: 1921681851_saad1.sys_trace_xe_action_map
2025-10-07 10:54:29,909 - INFO - === Starting INCREMENTAL sync for database: saad1 ===
2025-10-07 10:54:30,369 - INFO - [INCR SYNC] dbo.stock_items6: row_count=10, sync_col=id, last_value=None
2025-10-07 10:54:30,731 - INFO - Schema '1921681851_saad1' created/verified successfully
2025-10-07 10:54:30,779 - INFO - Last value is None for dbo.stock_items6, using hash-based deduplication
2025-10-07 10:54:30,834 - INFO - No new rows found for dbo.stock_items6
2025-10-07 10:54:31,119 - INFO - [INCR SYNC] sys.trace_xe_action_map: row_count=22, sync_col=None, last_value=None
2025-10-07 10:54:31,429 - INFO - [INCR SYNC] sys.trace_xe_event_map: row_count=139, sync_col=None, last_value=None
2025-10-07 10:54:31,431 - INFO - === INCREMENTAL sync completed for saad1, 3/3 tables processed ===
2025-10-07 10:54:31,458 - INFO - server1/saad1: processed 3 tables
2025-10-07 10:54:31,477 - INFO - DATABASE START: server1/SampleDB3
2025-10-07 10:54:31,480 - INFO - Cleaned up system table: 1921681851_SampleDB3.sys_trace_xe_event_map
2025-10-07 10:54:31,483 - INFO - Cleaned up system table: 1921681851_SampleDB3.sys_trace_xe_action_map
2025-10-07 10:54:31,580 - INFO - === Starting INCREMENTAL sync for database: SampleDB3 ===
2025-10-07 10:54:32,001 - INFO - [INCR SYNC] dbo.Employees: row_count=5, sync_col=EmployeeID, last_value=None
2025-10-07 10:54:32,309 - INFO - Schema '1921681851_SampleDB3' created/verified successfully
2025-10-07 10:54:32,396 - INFO - Last value is None for dbo.Employees, using hash-based deduplication
2025-10-07 10:54:32,449 - INFO - No new rows found for dbo.Employees
2025-10-07 10:54:32,758 - INFO - [INCR SYNC] sys.trace_xe_action_map: row_count=22, sync_col=None, last_value=None
2025-10-07 10:54:33,067 - INFO - [INCR SYNC] sys.trace_xe_event_map: row_count=139, sync_col=None, last_value=None
2025-10-07 10:54:33,069 - INFO - === INCREMENTAL sync completed for SampleDB3, 3/3 tables processed ===
2025-10-07 10:54:33,074 - INFO - server1/SampleDB3: processed 3 tables
2025-10-07 10:54:33,101 - INFO - DATABASE START: server1/SampleDB4
2025-10-07 10:54:33,106 - INFO - Cleaned up system table: 1921681851_SampleDB4.sys_trace_xe_event_map
2025-10-07 10:54:33,111 - INFO - Cleaned up system table: 1921681851_SampleDB4.sys_trace_xe_action_map
2025-10-07 10:54:33,227 - INFO - === Starting INCREMENTAL sync for database: SampleDB4 ===
2025-10-07 10:54:33,685 - INFO - [INCR SYNC] dbo.Employees: row_count=5, sync_col=EmployeeID, last_value=None
2025-10-07 10:54:33,976 - INFO - Schema '1921681851_SampleDB4' created/verified successfully
2025-10-07 10:54:34,042 - INFO - Last value is None for dbo.Employees, using hash-based deduplication
2025-10-07 10:54:34,104 - INFO - No new rows found for dbo.Employees
2025-10-07 10:54:34,403 - INFO - [INCR SYNC] sys.trace_xe_action_map: row_count=22, sync_col=None, last_value=None
2025-10-07 10:54:34,714 - INFO - [INCR SYNC] sys.trace_xe_event_map: row_count=139, sync_col=None, last_value=None
2025-10-07 10:54:34,715 - INFO - === INCREMENTAL sync completed for SampleDB4, 3/3 tables processed ===
2025-10-07 10:54:34,742 - INFO - server1/SampleDB4: processed 3 tables
2025-10-07 10:54:34,770 - INFO - DATABASE START: server1/SampleDB5
2025-10-07 10:54:34,773 - INFO - Cleaned up system table: 1921681851_SampleDB5.sys_trace_xe_event_map
2025-10-07 10:54:34,776 - INFO - Cleaned up system table: 1921681851_SampleDB5.sys_trace_xe_action_map
2025-10-07 10:54:34,900 - INFO - === Starting INCREMENTAL sync for database: SampleDB5 ===
2025-10-07 10:54:35,286 - INFO - [INCR SYNC] dbo.Employees: row_count=5, sync_col=EmployeeID, last_value=None
2025-10-07 10:54:35,584 - INFO - Schema '1921681851_SampleDB5' created/verified successfully
2025-10-07 10:54:35,651 - INFO - Last value is None for dbo.Employees, using hash-based deduplication
2025-10-07 10:54:35,708 - INFO - No new rows found for dbo.Employees
2025-10-07 10:54:35,943 - INFO - [INCR SYNC] sys.trace_xe_action_map: row_count=22, sync_col=None, last_value=None
2025-10-07 10:54:36,177 - INFO - [INCR SYNC] sys.trace_xe_event_map: row_count=139, sync_col=None, last_value=None
2025-10-07 10:54:36,177 - INFO - === INCREMENTAL sync completed for SampleDB5, 3/3 tables processed ===
2025-10-07 10:54:36,204 - INFO - server1/SampleDB5: processed 3 tables
2025-10-07 10:54:36,231 - INFO - DATABASE START: server1/Vikas
2025-10-07 10:54:36,234 - INFO - Cleaned up system table: 1921681851_Vikas.sys_trace_xe_event_map
2025-10-07 10:54:36,237 - INFO - Cleaned up system table: 1921681851_Vikas.sys_trace_xe_action_map
2025-10-07 10:54:36,357 - INFO - === Starting INCREMENTAL sync for database: Vikas ===
2025-10-07 10:54:36,873 - INFO - [INCR SYNC] dbo.stock_items6: row_count=10, sync_col=id, last_value=None
2025-10-07 10:54:37,191 - INFO - Schema '1921681851_Vikas' created/verified successfully
2025-10-07 10:54:37,240 - INFO - Last value is None for dbo.stock_items6, using hash-based deduplication
2025-10-07 10:54:37,283 - INFO - No new rows found for dbo.stock_items6
2025-10-07 10:54:37,344 - INFO - [REQ] GET /view-schedules - 127.0.0.1
2025-10-07 10:54:37,346 - INFO - [DEBUG] Checking auth for /view-schedules - username=admin, role=admin, ip=127.0.0.1
2025-10-07 10:54:37,346 - INFO - [AUTH] Authenticated access: admin (admin) to /view-schedules
2025-10-07 10:54:37,443 - INFO - [RESP] GET /view-schedules - 200
2025-10-07 10:54:37,445 - INFO - 127.0.0.1 - - [07/Oct/2025 10:54:37] "GET /view-schedules HTTP/1.1" 200 -
2025-10-07 10:54:37,576 - INFO - [INCR SYNC] dbo.Table_1: row_count=0, sync_col=None, last_value=None
2025-10-07 10:54:37,655 - INFO - Schema '1921681851_Vikas' created/verified successfully
2025-10-07 10:54:37,727 - INFO - Table dbo.Table_1 is empty, but schema ensured in PostgreSQL
2025-10-07 10:54:37,815 - INFO - [REQ] GET /static/actin-logo.png - 127.0.0.1
2025-10-07 10:54:37,817 - INFO - [RESP] GET /static/actin-logo.png - 304
2025-10-07 10:54:37,820 - INFO - 127.0.0.1 - - [07/Oct/2025 10:54:37] "[36mGET /static/actin-logo.png HTTP/1.1[0m" 304 -
2025-10-07 10:54:38,000 - INFO - [INCR SYNC] sys.trace_xe_action_map: row_count=22, sync_col=None, last_value=None
2025-10-07 10:54:38,249 - INFO - [INCR SYNC] sys.trace_xe_event_map: row_count=139, sync_col=None, last_value=None
2025-10-07 10:54:38,252 - INFO - === INCREMENTAL sync completed for Vikas, 4/4 tables processed ===
2025-10-07 10:54:38,258 - INFO - server1/Vikas: processed 4 tables
2025-10-07 10:54:38,287 - INFO - Completed server1
2025-10-07 10:54:38,288 - INFO - Sync completed successfully for server1
2025-10-07 10:54:38,457 - INFO - [RESP] GET /sync/server1 - 302
2025-10-07 10:54:38,460 - INFO - 127.0.0.1 - - [07/Oct/2025 10:54:38] "[32mGET /sync/server1 HTTP/1.1[0m" 302 -
2025-10-07 10:54:38,499 - INFO - [REQ] GET /api/job-statuses - 127.0.0.1
2025-10-07 10:54:38,501 - INFO - [DEBUG] Checking auth for /api/job-statuses - username=admin, role=admin, ip=127.0.0.1
2025-10-07 10:54:38,501 - INFO - [AUTH] Authenticated access: admin (admin) to /api/job-statuses
2025-10-07 10:54:38,502 - INFO - [RESP] GET /api/job-statuses - 404
2025-10-07 10:54:38,504 - INFO - 127.0.0.1 - - [07/Oct/2025 10:54:38] "[33mGET /api/job-statuses HTTP/1.1[0m" 404 -
2025-10-07 10:54:40,621 - INFO - [REQ] GET / - 127.0.0.1
2025-10-07 10:54:40,623 - INFO - [DEBUG] Checking auth for / - username=admin, role=admin, ip=127.0.0.1
2025-10-07 10:54:40,624 - INFO - [AUTH] Authenticated access: admin (admin) to /
2025-10-07 10:54:40,624 - INFO - [HOME] Homepage accessed by user: admin
2025-10-07 10:54:40,629 - INFO - [INFO] Loaded 1 SQL servers for display
2025-10-07 10:54:40,631 - INFO - [RESP] GET / - 200
2025-10-07 10:54:40,632 - INFO - 127.0.0.1 - - [07/Oct/2025 10:54:40] "GET / HTTP/1.1" 200 -
2025-10-07 10:54:40,855 - INFO - [REQ] GET /static/actin-logo.png - 127.0.0.1
2025-10-07 10:54:40,857 - INFO - [RESP] GET /static/actin-logo.png - 304
2025-10-07 10:54:40,859 - INFO - 127.0.0.1 - - [07/Oct/2025 10:54:40] "[36mGET /static/actin-logo.png HTTP/1.1[0m" 304 -
2025-10-07 10:54:42,446 - INFO - [REQ] GET /view-schedules - 127.0.0.1
2025-10-07 10:54:42,447 - INFO - [DEBUG] Checking auth for /view-schedules - username=admin, role=admin, ip=127.0.0.1
2025-10-07 10:54:42,447 - INFO - [AUTH] Authenticated access: admin (admin) to /view-schedules
2025-10-07 10:54:42,539 - INFO - [RESP] GET /view-schedules - 200
2025-10-07 10:54:42,542 - INFO - 127.0.0.1 - - [07/Oct/2025 10:54:42] "GET /view-schedules HTTP/1.1" 200 -
2025-10-07 10:54:42,754 - INFO - [REQ] GET /static/actin-logo.png - 127.0.0.1
2025-10-07 10:54:42,771 - INFO - [RESP] GET /static/actin-logo.png - 304
2025-10-07 10:54:42,774 - INFO - 127.0.0.1 - - [07/Oct/2025 10:54:42] "[36mGET /static/actin-logo.png HTTP/1.1[0m" 304 -
2025-10-07 10:54:43,208 - INFO - [REQ] GET /api/job-statuses - 127.0.0.1
2025-10-07 10:54:43,220 - INFO - [DEBUG] Checking auth for /api/job-statuses - username=admin, role=admin, ip=127.0.0.1
2025-10-07 10:54:43,222 - INFO - [AUTH] Authenticated access: admin (admin) to /api/job-statuses
2025-10-07 10:54:43,223 - INFO - [RESP] GET /api/job-statuses - 404
2025-10-07 10:54:43,225 - INFO - 127.0.0.1 - - [07/Oct/2025 10:54:43] "[33mGET /api/job-statuses HTTP/1.1[0m" 404 -
2025-10-07 10:54:43,862 - INFO - [REQ] GET /dashboard - 127.0.0.1
2025-10-07 10:54:43,865 - INFO - [DEBUG] Checking auth for /dashboard - username=admin, role=admin, ip=127.0.0.1
2025-10-07 10:54:43,865 - INFO - [AUTH] Authenticated access: admin (admin) to /dashboard
2025-10-07 10:54:44,198 - INFO - [RESP] GET /dashboard - 200
2025-10-07 10:54:44,200 - INFO - 127.0.0.1 - - [07/Oct/2025 10:54:44] "GET /dashboard HTTP/1.1" 200 -
2025-10-07 10:54:44,252 - INFO - [REQ] GET /static/actin-logo.png - 127.0.0.1
2025-10-07 10:54:44,255 - INFO - [RESP] GET /static/actin-logo.png - 304
2025-10-07 10:54:44,258 - INFO - 127.0.0.1 - - [07/Oct/2025 10:54:44] "[36mGET /static/actin-logo.png HTTP/1.1[0m" 304 -
2025-10-07 10:54:49,741 - INFO - [REQ] GET /dashboard/data - 127.0.0.1
2025-10-07 10:54:49,743 - INFO - [DEBUG] Checking auth for /dashboard/data - username=admin, role=admin, ip=127.0.0.1
2025-10-07 10:54:49,743 - INFO - [AUTH] Authenticated access: admin (admin) to /dashboard/data
2025-10-07 10:54:49,888 - INFO - [RESP] GET /dashboard/data - 200
2025-10-07 10:54:49,890 - INFO - 127.0.0.1 - - [07/Oct/2025 10:54:49] "GET /dashboard/data HTTP/1.1" 200 -
2025-10-07 10:54:54,429 - INFO - [REQ] GET /dashboard/data - 127.0.0.1
2025-10-07 10:54:54,430 - INFO - [DEBUG] Checking auth for /dashboard/data - username=admin, role=admin, ip=127.0.0.1
2025-10-07 10:54:54,430 - INFO - [AUTH] Authenticated access: admin (admin) to /dashboard/data
2025-10-07 10:54:54,592 - INFO - [RESP] GET /dashboard/data - 200
2025-10-07 10:54:54,593 - INFO - 127.0.0.1 - - [07/Oct/2025 10:54:54] "GET /dashboard/data HTTP/1.1" 200 -
2025-10-07 10:54:54,868 - INFO - [REQ] GET / - 127.0.0.1
2025-10-07 10:54:54,869 - INFO - [DEBUG] Checking auth for / - username=admin, role=admin, ip=127.0.0.1
2025-10-07 10:54:54,870 - INFO - [AUTH] Authenticated access: admin (admin) to /
2025-10-07 10:54:54,871 - INFO - [HOME] Homepage accessed by user: admin
2025-10-07 10:54:54,875 - INFO - [INFO] Loaded 1 SQL servers for display
2025-10-07 10:54:54,877 - INFO - [RESP] GET / - 200
2025-10-07 10:54:54,878 - INFO - 127.0.0.1 - - [07/Oct/2025 10:54:54] "GET / HTTP/1.1" 200 -
2025-10-07 10:54:55,226 - INFO - [REQ] GET /static/actin-logo.png - 127.0.0.1
2025-10-07 10:54:55,228 - INFO - [RESP] GET /static/actin-logo.png - 304
2025-10-07 10:54:55,230 - INFO - 127.0.0.1 - - [07/Oct/2025 10:54:55] "[36mGET /static/actin-logo.png HTTP/1.1[0m" 304 -
2025-10-07 10:54:56,510 - INFO - [REQ] GET /sync/server1 - 127.0.0.1
2025-10-07 10:54:56,511 - INFO - [DEBUG] Checking auth for /sync/server1 - username=admin, role=admin, ip=127.0.0.1
2025-10-07 10:54:56,516 - INFO - [AUTH] Authenticated access: admin (admin) to /sync/server1
2025-10-07 10:54:56,517 - INFO - [SYNC START] Starting sync operation for server: server1
2025-10-07 10:54:56,630 - INFO - [PROCESS] Processing hybrid sync for server1
2025-10-07 10:54:56,631 - INFO - MIGRATION STARTED for server1
2025-10-07 10:54:56,734 - INFO - Sync tracking table created/verified
2025-10-07 10:54:56,777 - INFO - Connected to SQL Server: 192.168.18.51
2025-10-07 10:54:56,840 - INFO - Found 6 databases on 192.168.18.51
2025-10-07 10:54:56,843 - INFO - DATABASE START: server1/hel
2025-10-07 10:54:56,847 - INFO - Cleaned up system table: 1921681851_hel.sys_trace_xe_event_map
2025-10-07 10:54:56,849 - INFO - Cleaned up system table: 1921681851_hel.sys_trace_xe_action_map
2025-10-07 10:54:56,896 - INFO - === Starting INCREMENTAL sync for database: hel ===
2025-10-07 10:54:57,264 - INFO - [INCR SYNC] dbo.hel2et: row_count=10, sync_col=HelmetId, last_value=None
2025-10-07 10:54:57,512 - INFO - Schema '1921681851_hel' created/verified successfully
2025-10-07 10:54:57,593 - INFO - Last value is None for dbo.hel2et, using hash-based deduplication
2025-10-07 10:54:57,643 - INFO - No new rows found for dbo.hel2et
2025-10-07 10:54:57,914 - INFO - [INCR SYNC] dbo.helmet: row_count=10, sync_col=HelmetId, last_value=None
2025-10-07 10:54:57,990 - INFO - Schema '1921681851_hel' created/verified successfully
2025-10-07 10:54:58,030 - INFO - [REQ] GET /dashboard - 127.0.0.1
2025-10-07 10:54:58,031 - INFO - [DEBUG] Checking auth for /dashboard - username=admin, role=admin, ip=127.0.0.1
2025-10-07 10:54:58,032 - INFO - [AUTH] Authenticated access: admin (admin) to /dashboard
2025-10-07 10:54:58,037 - INFO - Last value is None for dbo.helmet, using hash-based deduplication
2025-10-07 10:54:58,106 - INFO - No new rows found for dbo.helmet
2025-10-07 10:54:58,280 - INFO - [RESP] GET /dashboard - 200
2025-10-07 10:54:58,282 - INFO - 127.0.0.1 - - [07/Oct/2025 10:54:58] "GET /dashboard HTTP/1.1" 200 -
2025-10-07 10:54:58,492 - INFO - [INCR SYNC] dbo.stock_items1: row_count=10, sync_col=id, last_value=None
2025-10-07 10:54:58,563 - INFO - Schema '1921681851_hel' created/verified successfully
2025-10-07 10:54:58,607 - INFO - Last value is None for dbo.stock_items1, using hash-based deduplication
2025-10-07 10:54:58,620 - INFO - [REQ] GET /static/actin-logo.png - 127.0.0.1
2025-10-07 10:54:58,623 - INFO - [RESP] GET /static/actin-logo.png - 304
2025-10-07 10:54:58,626 - INFO - 127.0.0.1 - - [07/Oct/2025 10:54:58] "[36mGET /static/actin-logo.png HTTP/1.1[0m" 304 -
2025-10-07 10:54:58,667 - INFO - No new rows found for dbo.stock_items1
2025-10-07 10:54:58,708 - INFO - [INCR SYNC] dbo.stock_items2: row_count=10, sync_col=id, last_value=None
2025-10-07 10:54:58,750 - INFO - Schema '1921681851_hel' created/verified successfully
2025-10-07 10:54:58,800 - INFO - Last value is None for dbo.stock_items2, using hash-based deduplication
2025-10-07 10:54:58,853 - INFO - No new rows found for dbo.stock_items2
2025-10-07 10:54:58,889 - INFO - [INCR SYNC] dbo.stock_items3: row_count=10, sync_col=id, last_value=None
2025-10-07 10:54:58,930 - INFO - Schema '1921681851_hel' created/verified successfully
2025-10-07 10:54:58,968 - INFO - Last value is None for dbo.stock_items3, using hash-based deduplication
2025-10-07 10:54:59,015 - INFO - No new rows found for dbo.stock_items3
2025-10-07 10:54:59,050 - INFO - [INCR SYNC] dbo.stock_items4: row_count=10, sync_col=id, last_value=None
2025-10-07 10:54:59,087 - INFO - Schema '1921681851_hel' created/verified successfully
2025-10-07 10:54:59,138 - INFO - Last value is None for dbo.stock_items4, using hash-based deduplication
2025-10-07 10:54:59,185 - INFO - No new rows found for dbo.stock_items4
2025-10-07 10:54:59,219 - INFO - [INCR SYNC] dbo.stock_items5: row_count=10, sync_col=id, last_value=None
2025-10-07 10:54:59,252 - INFO - Schema '1921681851_hel' created/verified successfully
2025-10-07 10:54:59,296 - INFO - Last value is None for dbo.stock_items5, using hash-based deduplication
2025-10-07 10:54:59,340 - INFO - No new rows found for dbo.stock_items5
2025-10-07 10:54:59,372 - INFO - [INCR SYNC] dbo.stock_items6: row_count=10, sync_col=id, last_value=None
2025-10-07 10:54:59,421 - INFO - Schema '1921681851_hel' created/verified successfully
2025-10-07 10:54:59,464 - INFO - Last value is None for dbo.stock_items6, using hash-based deduplication
2025-10-07 10:54:59,516 - INFO - No new rows found for dbo.stock_items6
2025-10-07 10:54:59,575 - INFO - [INCR SYNC] sys.trace_xe_action_map: row_count=22, sync_col=None, last_value=None
2025-10-07 10:54:59,610 - INFO - [INCR SYNC] sys.trace_xe_event_map: row_count=139, sync_col=None, last_value=None
2025-10-07 10:54:59,612 - INFO - === INCREMENTAL sync completed for hel, 10/10 tables processed ===
2025-10-07 10:54:59,618 - INFO - server1/hel: processed 10 tables
2025-10-07 10:54:59,645 - INFO - DATABASE START: server1/saad1
2025-10-07 10:54:59,648 - INFO - Cleaned up system table: 1921681851_saad1.sys_trace_xe_event_map
2025-10-07 10:54:59,652 - INFO - Cleaned up system table: 1921681851_saad1.sys_trace_xe_action_map
2025-10-07 10:54:59,663 - INFO - === Starting INCREMENTAL sync for database: saad1 ===
2025-10-07 10:54:59,722 - INFO - [INCR SYNC] dbo.stock_items6: row_count=10, sync_col=id, last_value=None
2025-10-07 10:54:59,857 - INFO - Schema '1921681851_saad1' created/verified successfully
2025-10-07 10:54:59,907 - INFO - Last value is None for dbo.stock_items6, using hash-based deduplication
2025-10-07 10:54:59,954 - INFO - No new rows found for dbo.stock_items6
2025-10-07 10:54:59,988 - INFO - [INCR SYNC] sys.trace_xe_action_map: row_count=22, sync_col=None, last_value=None
2025-10-07 10:55:00,025 - INFO - [INCR SYNC] sys.trace_xe_event_map: row_count=139, sync_col=None, last_value=None
2025-10-07 10:55:00,033 - INFO - === INCREMENTAL sync completed for saad1, 3/3 tables processed ===
2025-10-07 10:55:00,067 - INFO - server1/saad1: processed 3 tables
2025-10-07 10:55:00,107 - INFO - DATABASE START: server1/SampleDB3
2025-10-07 10:55:00,111 - INFO - Cleaned up system table: 1921681851_SampleDB3.sys_trace_xe_event_map
2025-10-07 10:55:00,113 - INFO - Cleaned up system table: 1921681851_SampleDB3.sys_trace_xe_action_map
2025-10-07 10:55:00,123 - INFO - === Starting INCREMENTAL sync for database: SampleDB3 ===
2025-10-07 10:55:00,193 - INFO - [INCR SYNC] dbo.Employees: row_count=5, sync_col=EmployeeID, last_value=None
2025-10-07 10:55:00,361 - INFO - Schema '1921681851_SampleDB3' created/verified successfully
2025-10-07 10:55:00,402 - INFO - Last value is None for dbo.Employees, using hash-based deduplication
2025-10-07 10:55:00,448 - INFO - No new rows found for dbo.Employees
2025-10-07 10:55:00,496 - INFO - [INCR SYNC] sys.trace_xe_action_map: row_count=22, sync_col=None, last_value=None
2025-10-07 10:55:00,537 - INFO - [INCR SYNC] sys.trace_xe_event_map: row_count=139, sync_col=None, last_value=None
2025-10-07 10:55:00,538 - INFO - === INCREMENTAL sync completed for SampleDB3, 3/3 tables processed ===
2025-10-07 10:55:00,565 - INFO - server1/SampleDB3: processed 3 tables
2025-10-07 10:55:00,594 - INFO - DATABASE START: server1/SampleDB4
2025-10-07 10:55:00,598 - INFO - Cleaned up system table: 1921681851_SampleDB4.sys_trace_xe_event_map
2025-10-07 10:55:00,600 - INFO - Cleaned up system table: 1921681851_SampleDB4.sys_trace_xe_action_map
2025-10-07 10:55:00,610 - INFO - === Starting INCREMENTAL sync for database: SampleDB4 ===
2025-10-07 10:55:00,665 - INFO - [INCR SYNC] dbo.Employees: row_count=5, sync_col=EmployeeID, last_value=None
2025-10-07 10:55:00,856 - INFO - Schema '1921681851_SampleDB4' created/verified successfully
2025-10-07 10:55:00,906 - INFO - Last value is None for dbo.Employees, using hash-based deduplication
2025-10-07 10:55:00,954 - INFO - No new rows found for dbo.Employees
2025-10-07 10:55:00,988 - INFO - [INCR SYNC] sys.trace_xe_action_map: row_count=22, sync_col=None, last_value=None
2025-10-07 10:55:01,016 - INFO - [INCR SYNC] sys.trace_xe_event_map: row_count=139, sync_col=None, last_value=None
2025-10-07 10:55:01,017 - INFO - === INCREMENTAL sync completed for SampleDB4, 3/3 tables processed ===
2025-10-07 10:55:01,045 - INFO - server1/SampleDB4: processed 3 tables
2025-10-07 10:55:01,069 - INFO - DATABASE START: server1/SampleDB5
2025-10-07 10:55:01,072 - INFO - Cleaned up system table: 1921681851_SampleDB5.sys_trace_xe_event_map
2025-10-07 10:55:01,075 - INFO - Cleaned up system table: 1921681851_SampleDB5.sys_trace_xe_action_map
2025-10-07 10:55:01,085 - INFO - === Starting INCREMENTAL sync for database: SampleDB5 ===
2025-10-07 10:55:01,133 - INFO - [INCR SYNC] dbo.Employees: row_count=5, sync_col=EmployeeID, last_value=None
2025-10-07 10:55:01,260 - INFO - Schema '1921681851_SampleDB5' created/verified successfully
2025-10-07 10:55:01,303 - INFO - Last value is None for dbo.Employees, using hash-based deduplication
2025-10-07 10:55:01,349 - INFO - No new rows found for dbo.Employees
2025-10-07 10:55:01,383 - INFO - [INCR SYNC] sys.trace_xe_action_map: row_count=22, sync_col=None, last_value=None
2025-10-07 10:55:01,418 - INFO - [INCR SYNC] sys.trace_xe_event_map: row_count=139, sync_col=None, last_value=None
2025-10-07 10:55:01,419 - INFO - === INCREMENTAL sync completed for SampleDB5, 3/3 tables processed ===
2025-10-07 10:55:01,445 - INFO - server1/SampleDB5: processed 3 tables
2025-10-07 10:55:01,473 - INFO - DATABASE START: server1/Vikas
2025-10-07 10:55:01,476 - INFO - Cleaned up system table: 1921681851_Vikas.sys_trace_xe_event_map
2025-10-07 10:55:01,479 - INFO - Cleaned up system table: 1921681851_Vikas.sys_trace_xe_action_map
2025-10-07 10:55:01,488 - INFO - === Starting INCREMENTAL sync for database: Vikas ===
2025-10-07 10:55:01,543 - INFO - [INCR SYNC] dbo.stock_items6: row_count=10, sync_col=id, last_value=None
2025-10-07 10:55:01,656 - INFO - Schema '1921681851_Vikas' created/verified successfully
2025-10-07 10:55:01,699 - INFO - Last value is None for dbo.stock_items6, using hash-based deduplication
2025-10-07 10:55:01,747 - INFO - No new rows found for dbo.stock_items6
2025-10-07 10:55:01,781 - INFO - [INCR SYNC] dbo.Table_1: row_count=0, sync_col=None, last_value=None
2025-10-07 10:55:01,820 - INFO - Schema '1921681851_Vikas' created/verified successfully
2025-10-07 10:55:01,908 - INFO - Table dbo.Table_1 is empty, but schema ensured in PostgreSQL
2025-10-07 10:55:01,940 - INFO - [INCR SYNC] sys.trace_xe_action_map: row_count=22, sync_col=None, last_value=None
2025-10-07 10:55:01,978 - INFO - [INCR SYNC] sys.trace_xe_event_map: row_count=139, sync_col=None, last_value=None
2025-10-07 10:55:01,981 - INFO - === INCREMENTAL sync completed for Vikas, 4/4 tables processed ===
2025-10-07 10:55:02,006 - INFO - server1/Vikas: processed 4 tables
2025-10-07 10:55:02,032 - INFO - Completed server1
2025-10-07 10:55:02,033 - INFO - Sync completed successfully for server1
2025-10-07 10:55:02,239 - INFO - [RESP] GET /sync/server1 - 302
2025-10-07 10:55:02,242 - INFO - 127.0.0.1 - - [07/Oct/2025 10:55:02] "[32mGET /sync/server1 HTTP/1.1[0m" 302 -
2025-10-07 10:55:03,932 - INFO - [REQ] GET /dashboard/data - 127.0.0.1
2025-10-07 10:55:03,935 - INFO - [DEBUG] Checking auth for /dashboard/data - username=admin, role=admin, ip=127.0.0.1
2025-10-07 10:55:03,936 - INFO - [AUTH] Authenticated access: admin (admin) to /dashboard/data
2025-10-07 10:55:04,101 - INFO - [RESP] GET /dashboard/data - 200
2025-10-07 10:55:04,102 - INFO - 127.0.0.1 - - [07/Oct/2025 10:55:04] "GET /dashboard/data HTTP/1.1" 200 -
2025-10-07 10:55:05,254 - INFO - [REQ] GET /dashboard/data - 127.0.0.1
2025-10-07 10:55:05,255 - INFO - [DEBUG] Checking auth for /dashboard/data - username=None, role=None, ip=None
2025-10-07 10:55:05,256 - WARNING - [AUTH] BLOCKED unauthenticated access to /dashboard/data from 127.0.0.1
2025-10-07 10:55:05,257 - WARNING - [AUTH] Session contents: {'_flashes': [('warning', 'Please log in to access this page')]}
2025-10-07 10:55:05,259 - INFO - [RESP] GET /dashboard/data - 302
2025-10-07 10:55:05,262 - INFO - 127.0.0.1 - - [07/Oct/2025 10:55:05] "[32mGET /dashboard/data HTTP/1.1[0m" 302 -
2025-10-07 10:55:05,576 - INFO - [REQ] GET /login - 127.0.0.1
2025-10-07 10:55:05,578 - INFO - [RESP] GET /login - 200
2025-10-07 10:55:05,580 - INFO - 127.0.0.1 - - [07/Oct/2025 10:55:05] "GET /login HTTP/1.1" 200 -
2025-10-07 10:55:08,623 - INFO - [REQ] GET /dashboard/data - 127.0.0.1
2025-10-07 10:55:08,623 - INFO - [DEBUG] Checking auth for /dashboard/data - username=admin, role=admin, ip=127.0.0.1
2025-10-07 10:55:08,624 - INFO - [AUTH] Authenticated access: admin (admin) to /dashboard/data
2025-10-07 10:55:08,902 - INFO - [RESP] GET /dashboard/data - 200
2025-10-07 10:55:08,904 - INFO - 127.0.0.1 - - [07/Oct/2025 10:55:08] "GET /dashboard/data HTTP/1.1" 200 -
2025-10-07 10:55:13,925 - INFO - [REQ] GET /dashboard/data - 127.0.0.1
2025-10-07 10:55:13,928 - INFO - [DEBUG] Checking auth for /dashboard/data - username=admin, role=admin, ip=127.0.0.1
2025-10-07 10:55:13,928 - INFO - [AUTH] Authenticated access: admin (admin) to /dashboard/data
2025-10-07 10:55:14,084 - INFO - [RESP] GET /dashboard/data - 200
2025-10-07 10:55:14,085 - INFO - 127.0.0.1 - - [07/Oct/2025 10:55:14] "GET /dashboard/data HTTP/1.1" 200 -
2025-10-07 10:55:19,254 - INFO - [REQ] GET /dashboard/data - 127.0.0.1
2025-10-07 10:55:19,255 - INFO - [DEBUG] Checking auth for /dashboard/data - username=admin, role=admin, ip=127.0.0.1
2025-10-07 10:55:19,256 - INFO - [AUTH] Authenticated access: admin (admin) to /dashboard/data
2025-10-07 10:55:19,413 - INFO - [RESP] GET /dashboard/data - 200
2025-10-07 10:55:19,415 - INFO - 127.0.0.1 - - [07/Oct/2025 10:55:19] "GET /dashboard/data HTTP/1.1" 200 -
2025-10-07 10:55:24,557 - INFO - [REQ] GET /dashboard/data - 127.0.0.1
2025-10-07 10:55:24,558 - INFO - [DEBUG] Checking auth for /dashboard/data - username=admin, role=admin, ip=127.0.0.1
2025-10-07 10:55:24,559 - INFO - [AUTH] Authenticated access: admin (admin) to /dashboard/data
2025-10-07 10:55:24,707 - INFO - [RESP] GET /dashboard/data - 200
2025-10-07 10:55:24,709 - INFO - 127.0.0.1 - - [07/Oct/2025 10:55:24] "GET /dashboard/data HTTP/1.1" 200 -
2025-10-07 10:55:29,244 - INFO - [REQ] GET /dashboard/data - 127.0.0.1
2025-10-07 10:55:29,245 - INFO - [DEBUG] Checking auth for /dashboard/data - username=admin, role=admin, ip=127.0.0.1
2025-10-07 10:55:29,247 - INFO - [AUTH] Authenticated access: admin (admin) to /dashboard/data
2025-10-07 10:55:29,475 - INFO - [RESP] GET /dashboard/data - 200
2025-10-07 10:55:29,476 - INFO - 127.0.0.1 - - [07/Oct/2025 10:55:29] "GET /dashboard/data HTTP/1.1" 200 -
2025-10-07 10:55:34,564 - INFO - [REQ] GET /dashboard/data - 127.0.0.1
2025-10-07 10:55:34,565 - INFO - [DEBUG] Checking auth for /dashboard/data - username=admin, role=admin, ip=127.0.0.1
2025-10-07 10:55:34,566 - INFO - [AUTH] Authenticated access: admin (admin) to /dashboard/data
2025-10-07 10:55:34,725 - INFO - [RESP] GET /dashboard/data - 200
2025-10-07 10:55:34,727 - INFO - 127.0.0.1 - - [07/Oct/2025 10:55:34] "GET /dashboard/data HTTP/1.1" 200 -
2025-10-07 10:55:39,251 - INFO - [REQ] GET /dashboard/data - 127.0.0.1
2025-10-07 10:55:39,252 - INFO - [DEBUG] Checking auth for /dashboard/data - username=admin, role=admin, ip=127.0.0.1
2025-10-07 10:55:39,254 - INFO - [AUTH] Authenticated access: admin (admin) to /dashboard/data
2025-10-07 10:55:39,558 - INFO - [RESP] GET /dashboard/data - 200
2025-10-07 10:55:39,560 - INFO - 127.0.0.1 - - [07/Oct/2025 10:55:39] "GET /dashboard/data HTTP/1.1" 200 -
2025-10-07 10:55:44,563 - INFO - [REQ] GET /dashboard/data - 127.0.0.1
2025-10-07 10:55:44,568 - INFO - [DEBUG] Checking auth for /dashboard/data - username=admin, role=admin, ip=127.0.0.1
2025-10-07 10:55:44,568 - INFO - [AUTH] Authenticated access: admin (admin) to /dashboard/data
2025-10-07 10:55:44,811 - INFO - [RESP] GET /dashboard/data - 200
2025-10-07 10:55:44,813 - INFO - 127.0.0.1 - - [07/Oct/2025 10:55:44] "GET /dashboard/data HTTP/1.1" 200 -
2025-10-07 10:55:49,252 - INFO - [REQ] GET /dashboard/data - 127.0.0.1
2025-10-07 10:55:49,254 - INFO - [DEBUG] Checking auth for /dashboard/data - username=admin, role=admin, ip=127.0.0.1
2025-10-07 10:55:49,255 - INFO - [AUTH] Authenticated access: admin (admin) to /dashboard/data
2025-10-07 10:55:49,411 - INFO - [RESP] GET /dashboard/data - 200
2025-10-07 10:55:49,412 - INFO - 127.0.0.1 - - [07/Oct/2025 10:55:49] "GET /dashboard/data HTTP/1.1" 200 -
2025-10-07 10:55:54,554 - INFO - [REQ] GET /dashboard/data - 127.0.0.1
2025-10-07 10:55:54,555 - INFO - [DEBUG] Checking auth for /dashboard/data - username=admin, role=admin, ip=127.0.0.1
2025-10-07 10:55:54,556 - INFO - [AUTH] Authenticated access: admin (admin) to /dashboard/data
2025-10-07 10:55:54,699 - INFO - [RESP] GET /dashboard/data - 200
2025-10-07 10:55:54,701 - INFO - 127.0.0.1 - - [07/Oct/2025 10:55:54] "GET /dashboard/data HTTP/1.1" 200 -
2025-10-07 10:55:59,250 - INFO - [REQ] GET /dashboard/data - 127.0.0.1
2025-10-07 10:55:59,251 - INFO - [DEBUG] Checking auth for /dashboard/data - username=admin, role=admin, ip=127.0.0.1
2025-10-07 10:55:59,252 - INFO - [AUTH] Authenticated access: admin (admin) to /dashboard/data
2025-10-07 10:55:59,392 - INFO - [RESP] GET /dashboard/data - 200
2025-10-07 10:55:59,393 - INFO - 127.0.0.1 - - [07/Oct/2025 10:55:59] "GET /dashboard/data HTTP/1.1" 200 -
2025-10-07 10:56:04,559 - INFO - [REQ] GET /dashboard/data - 127.0.0.1
2025-10-07 10:56:04,561 - INFO - [DEBUG] Checking auth for /dashboard/data - username=admin, role=admin, ip=127.0.0.1
2025-10-07 10:56:04,561 - INFO - [AUTH] Authenticated access: admin (admin) to /dashboard/data
2025-10-07 10:56:04,711 - INFO - [RESP] GET /dashboard/data - 200
2025-10-07 10:56:04,714 - INFO - 127.0.0.1 - - [07/Oct/2025 10:56:04] "GET /dashboard/data HTTP/1.1" 200 -
2025-10-07 10:56:05,242 - INFO - [REQ] GET /dashboard/data - 127.0.0.1
2025-10-07 10:56:05,243 - INFO - [DEBUG] Checking auth for /dashboard/data - username=None, role=None, ip=None
2025-10-07 10:56:05,255 - WARNING - [AUTH] BLOCKED unauthenticated access to /dashboard/data from 127.0.0.1
2025-10-07 10:56:05,255 - WARNING - [AUTH] Session contents: {'_flashes': [('warning', 'Please log in to access this page')]}
2025-10-07 10:56:05,256 - INFO - [RESP] GET /dashboard/data - 302
2025-10-07 10:56:05,258 - INFO - 127.0.0.1 - - [07/Oct/2025 10:56:05] "[32mGET /dashboard/data HTTP/1.1[0m" 302 -
2025-10-07 10:56:05,570 - INFO - [REQ] GET /login - 127.0.0.1
2025-10-07 10:56:05,571 - INFO - [RESP] GET /login - 200
2025-10-07 10:56:05,572 - INFO - 127.0.0.1 - - [07/Oct/2025 10:56:05] "GET /login HTTP/1.1" 200 -
2025-10-07 10:56:09,241 - INFO - [REQ] GET /dashboard/data - 127.0.0.1
2025-10-07 10:56:09,268 - INFO - [DEBUG] Checking auth for /dashboard/data - username=admin, role=admin, ip=127.0.0.1
2025-10-07 10:56:09,268 - INFO - [AUTH] Authenticated access: admin (admin) to /dashboard/data
2025-10-07 10:56:09,560 - INFO - [RESP] GET /dashboard/data - 200
2025-10-07 10:56:09,561 - INFO - 127.0.0.1 - - [07/Oct/2025 10:56:09] "GET /dashboard/data HTTP/1.1" 200 -
2025-10-07 10:56:14,557 - INFO - [REQ] GET /dashboard/data - 127.0.0.1
2025-10-07 10:56:14,558 - INFO - [DEBUG] Checking auth for /dashboard/data - username=admin, role=admin, ip=127.0.0.1
2025-10-07 10:56:14,558 - INFO - [AUTH] Authenticated access: admin (admin) to /dashboard/data
2025-10-07 10:56:14,807 - INFO - [RESP] GET /dashboard/data - 200
2025-10-07 10:56:14,808 - INFO - 127.0.0.1 - - [07/Oct/2025 10:56:14] "GET /dashboard/data HTTP/1.1" 200 -
2025-10-07 10:57:05,257 - INFO - [REQ] GET /dashboard/data - 127.0.0.1
2025-10-07 10:57:05,258 - INFO - [REQ] GET /dashboard/data - 127.0.0.1
2025-10-07 10:57:05,258 - INFO - [DEBUG] Checking auth for /dashboard/data - username=None, role=None, ip=None
2025-10-07 10:57:05,259 - INFO - [DEBUG] Checking auth for /dashboard/data - username=admin, role=admin, ip=127.0.0.1
2025-10-07 10:57:05,259 - WARNING - [AUTH] BLOCKED unauthenticated access to /dashboard/data from 127.0.0.1
2025-10-07 10:57:05,261 - INFO - [AUTH] Authenticated access: admin (admin) to /dashboard/data
2025-10-07 10:57:05,261 - WARNING - [AUTH] Session contents: {'_flashes': [('warning', 'Please log in to access this page')]}
2025-10-07 10:57:05,263 - INFO - [RESP] GET /dashboard/data - 302
2025-10-07 10:57:05,266 - INFO - 127.0.0.1 - - [07/Oct/2025 10:57:05] "[32mGET /dashboard/data HTTP/1.1[0m" 302 -
2025-10-07 10:57:05,411 - INFO - [RESP] GET /dashboard/data - 200
2025-10-07 10:57:05,414 - INFO - 127.0.0.1 - - [07/Oct/2025 10:57:05] "GET /dashboard/data HTTP/1.1" 200 -
2025-10-07 10:57:05,586 - INFO - [REQ] GET /login - 127.0.0.1
2025-10-07 10:57:05,588 - INFO - [RESP] GET /login - 200
2025-10-07 10:57:05,588 - INFO - 127.0.0.1 - - [07/Oct/2025 10:57:05] "GET /login HTTP/1.1" 200 -
2025-10-07 10:58:05,246 - INFO - [REQ] GET /dashboard/data - 127.0.0.1
2025-10-07 10:58:05,247 - INFO - [DEBUG] Checking auth for /dashboard/data - username=None, role=None, ip=None
2025-10-07 10:58:05,247 - WARNING - [AUTH] BLOCKED unauthenticated access to /dashboard/data from 127.0.0.1
2025-10-07 10:58:05,248 - WARNING - [AUTH] Session contents: {'_flashes': [('warning', 'Please log in to access this page')]}
2025-10-07 10:58:05,248 - INFO - [RESP] GET /dashboard/data - 302
2025-10-07 10:58:05,249 - INFO - 127.0.0.1 - - [07/Oct/2025 10:58:05] "[32mGET /dashboard/data HTTP/1.1[0m" 302 -
2025-10-07 10:58:05,550 - INFO - [REQ] GET /dashboard/data - 127.0.0.1
2025-10-07 10:58:05,551 - INFO - [DEBUG] Checking auth for /dashboard/data - username=admin, role=admin, ip=127.0.0.1
2025-10-07 10:58:05,551 - INFO - [AUTH] Authenticated access: admin (admin) to /dashboard/data
2025-10-07 10:58:05,565 - INFO - [REQ] GET /login - 127.0.0.1
2025-10-07 10:58:05,566 - INFO - [RESP] GET /login - 200
2025-10-07 10:58:05,567 - INFO - 127.0.0.1 - - [07/Oct/2025 10:58:05] "GET /login HTTP/1.1" 200 -
2025-10-07 10:58:05,750 - INFO - [RESP] GET /dashboard/data - 200
2025-10-07 10:58:05,751 - INFO - 127.0.0.1 - - [07/Oct/2025 10:58:05] "GET /dashboard/data HTTP/1.1" 200 -
2025-10-07 10:58:44,439 - INFO -  * Detected change in 'C:\\Users\\SaadSayyed\\Desktop\\nitin_sir_7\\nitin_sir5\\app.py', reloading
2025-10-07 10:58:44,694 - INFO -  * Restarting with stat
2025-10-07 10:58:45,910 - INFO - [INIT] Initializing Flask application...
2025-10-07 10:58:45,911 - INFO - [CONFIG] Loading configuration...
2025-10-07 10:58:45,911 - INFO - [AUTH] Authentication system ready
2025-10-07 10:58:45,911 - INFO - [DATABASE] Database connections configured
2025-10-07 10:58:45,911 - INFO - [SCHEDULER] Scheduler system active
2025-10-07 10:58:45,911 - INFO - [STARTUP] Application startup complete!
2025-10-07 10:58:45,923 - WARNING -  * Debugger is active!
2025-10-07 10:58:45,925 - INFO -  * Debugger PIN: 499-062-501
2025-10-07 10:59:05,552 - INFO - [REQ] GET /dashboard/data - 127.0.0.1
2025-10-07 10:59:05,553 - INFO - [REQ] GET /dashboard/data - 127.0.0.1
2025-10-07 10:59:05,553 - INFO - [DEBUG] Checking auth for /dashboard/data - username=admin, role=admin, ip=127.0.0.1
2025-10-07 10:59:05,553 - INFO - [DEBUG] Checking auth for /dashboard/data - username=None, role=None, ip=None
2025-10-07 10:59:05,555 - INFO - [AUTH] Cleared old session from previous server instance
2025-10-07 10:59:05,555 - WARNING - [AUTH] BLOCKED unauthenticated access to /dashboard/data from 127.0.0.1
2025-10-07 10:59:05,555 - WARNING - [AUTH] BLOCKED unauthenticated access to /dashboard/data from 127.0.0.1
2025-10-07 10:59:05,556 - WARNING - [AUTH] Session contents: {'_flashes': [('warning', 'Please log in to access this page')]}
2025-10-07 10:59:05,556 - WARNING - [AUTH] Session contents: {}
2025-10-07 10:59:05,556 - INFO - [RESP] GET /dashboard/data - 302
2025-10-07 10:59:05,557 - INFO - [RESP] GET /dashboard/data - 302
2025-10-07 10:59:05,558 - INFO - 127.0.0.1 - - [07/Oct/2025 10:59:05] "[32mGET /dashboard/data HTTP/1.1[0m" 302 -
2025-10-07 10:59:05,558 - INFO - 127.0.0.1 - - [07/Oct/2025 10:59:05] "[32mGET /dashboard/data HTTP/1.1[0m" 302 -
2025-10-07 10:59:05,818 - INFO - [REQ] GET /login - 127.0.0.1
2025-10-07 10:59:05,820 - INFO - [REQ] GET /login - 127.0.0.1
2025-10-07 10:59:05,823 - INFO - [RESP] GET /login - 200
2025-10-07 10:59:05,824 - INFO - 127.0.0.1 - - [07/Oct/2025 10:59:05] "GET /login HTTP/1.1" 200 -
2025-10-07 10:59:05,826 - INFO - [RESP] GET /login - 200
2025-10-07 10:59:05,827 - INFO - 127.0.0.1 - - [07/Oct/2025 10:59:05] "GET /login HTTP/1.1" 200 -
2025-10-07 11:00:05,242 - INFO - [REQ] GET /dashboard/data - 127.0.0.1
2025-10-07 11:00:05,243 - INFO - [REQ] GET /dashboard/data - 127.0.0.1
2025-10-07 11:00:05,243 - INFO - [DEBUG] Checking auth for /dashboard/data - username=None, role=None, ip=None
2025-10-07 11:00:05,244 - INFO - [DEBUG] Checking auth for /dashboard/data - username=None, role=None, ip=None
2025-10-07 11:00:05,244 - WARNING - [AUTH] BLOCKED unauthenticated access to /dashboard/data from 127.0.0.1
2025-10-07 11:00:05,244 - WARNING - [AUTH] BLOCKED unauthenticated access to /dashboard/data from 127.0.0.1
2025-10-07 11:00:05,244 - WARNING - [AUTH] Session contents: {'_flashes': [('warning', 'Please log in to access this page')]}
2025-10-07 11:00:05,245 - WARNING - [AUTH] Session contents: {'_flashes': [('warning', 'Please log in to access this page')]}
2025-10-07 11:00:05,245 - INFO - [RESP] GET /dashboard/data - 302
2025-10-07 11:00:05,245 - INFO - [RESP] GET /dashboard/data - 302
2025-10-07 11:00:05,246 - INFO - 127.0.0.1 - - [07/Oct/2025 11:00:05] "[32mGET /dashboard/data HTTP/1.1[0m" 302 -
2025-10-07 11:00:05,248 - INFO - 127.0.0.1 - - [07/Oct/2025 11:00:05] "[32mGET /dashboard/data HTTP/1.1[0m" 302 -
2025-10-07 11:00:05,564 - INFO - [REQ] GET /login - 127.0.0.1
2025-10-07 11:00:05,566 - INFO - [RESP] GET /login - 200
2025-10-07 11:00:05,567 - INFO - [REQ] GET /login - 127.0.0.1
2025-10-07 11:00:05,568 - INFO - 127.0.0.1 - - [07/Oct/2025 11:00:05] "GET /login HTTP/1.1" 200 -
2025-10-07 11:00:05,569 - INFO - [RESP] GET /login - 200
2025-10-07 11:00:05,570 - INFO - 127.0.0.1 - - [07/Oct/2025 11:00:05] "GET /login HTTP/1.1" 200 -
2025-10-07 11:00:20,824 - INFO -  * Detected change in 'C:\\Users\\SaadSayyed\\Desktop\\nitin_sir_7\\nitin_sir5\\app.py', reloading
2025-10-07 11:00:21,048 - INFO -  * Restarting with stat
2025-10-07 11:00:22,644 - INFO - [INIT] Initializing Flask application...
2025-10-07 11:00:22,645 - INFO - [CONFIG] Loading configuration...
2025-10-07 11:00:22,645 - INFO - [AUTH] Authentication system ready
2025-10-07 11:00:22,645 - INFO - [DATABASE] Database connections configured
2025-10-07 11:00:22,645 - INFO - [SCHEDULER] Scheduler system active
2025-10-07 11:00:22,645 - INFO - [STARTUP] Application startup complete!
2025-10-07 11:00:22,660 - WARNING -  * Debugger is active!
2025-10-07 11:00:22,664 - INFO -  * Debugger PIN: 499-062-501
2025-10-07 11:01:05,559 - INFO - [REQ] GET /dashboard/data - 127.0.0.1
2025-10-07 11:01:05,563 - INFO - [REQ] GET /dashboard/data - 127.0.0.1
2025-10-07 11:01:05,565 - INFO - [DEBUG] Checking auth for /dashboard/data - username=None, role=None, ip=None
2025-10-07 11:01:05,565 - INFO - [DEBUG] Checking auth for /dashboard/data - username=None, role=None, ip=None
2025-10-07 11:01:05,569 - WARNING - [AUTH] BLOCKED unauthenticated access to /dashboard/data from 127.0.0.1
2025-10-07 11:01:05,581 - WARNING - [AUTH] BLOCKED unauthenticated access to /dashboard/data from 127.0.0.1
2025-10-07 11:01:05,581 - WARNING - [AUTH] Session contents: {'_flashes': [('warning', 'Please log in to access this page')]}
2025-10-07 11:01:05,582 - WARNING - [AUTH] Session contents: {'_flashes': [('warning', 'Please log in to access this page')]}
2025-10-07 11:01:05,583 - INFO - [RESP] GET /dashboard/data - 302
2025-10-07 11:01:05,583 - INFO - [RESP] GET /dashboard/data - 302
2025-10-07 11:01:05,585 - INFO - 127.0.0.1 - - [07/Oct/2025 11:01:05] "[32mGET /dashboard/data HTTP/1.1[0m" 302 -
2025-10-07 11:01:05,587 - INFO - 127.0.0.1 - - [07/Oct/2025 11:01:05] "[32mGET /dashboard/data HTTP/1.1[0m" 302 -
2025-10-07 11:01:05,824 - INFO - [REQ] GET /login - 127.0.0.1
2025-10-07 11:01:05,827 - INFO - [REQ] GET /login - 127.0.0.1
2025-10-07 11:01:05,882 - INFO - [RESP] GET /login - 200
2025-10-07 11:01:05,884 - INFO - [RESP] GET /login - 200
2025-10-07 11:01:05,886 - INFO - 127.0.0.1 - - [07/Oct/2025 11:01:05] "GET /login HTTP/1.1" 200 -
2025-10-07 11:01:05,887 - INFO - 127.0.0.1 - - [07/Oct/2025 11:01:05] "GET /login HTTP/1.1" 200 -
2025-10-07 11:01:38,333 - INFO - [REQ] GET /dashboard/data - 127.0.0.1
2025-10-07 11:01:38,334 - INFO - [DEBUG] Checking auth for /dashboard/data - username=None, role=None, ip=None
2025-10-07 11:01:38,335 - WARNING - [AUTH] BLOCKED unauthenticated access to /dashboard/data from 127.0.0.1
2025-10-07 11:01:38,335 - WARNING - [AUTH] Session contents: {'_flashes': [('warning', 'Please log in to access this page')]}
2025-10-07 11:01:38,336 - INFO - [RESP] GET /dashboard/data - 302
2025-10-07 11:01:38,337 - INFO - 127.0.0.1 - - [07/Oct/2025 11:01:38] "[32mGET /dashboard/data HTTP/1.1[0m" 302 -
2025-10-07 11:01:38,648 - INFO - [REQ] GET /login - 127.0.0.1
2025-10-07 11:01:38,649 - INFO - [RESP] GET /login - 200
2025-10-07 11:01:38,650 - INFO - 127.0.0.1 - - [07/Oct/2025 11:01:38] "GET /login HTTP/1.1" 200 -
2025-10-07 11:01:38,911 - INFO - [REQ] GET /dashboard/data - 127.0.0.1
2025-10-07 11:01:38,912 - INFO - [DEBUG] Checking auth for /dashboard/data - username=None, role=None, ip=None
2025-10-07 11:01:38,913 - WARNING - [AUTH] BLOCKED unauthenticated access to /dashboard/data from 127.0.0.1
2025-10-07 11:01:38,913 - WARNING - [AUTH] Session contents: {'_flashes': [('warning', 'Please log in to access this page')]}
2025-10-07 11:01:38,914 - INFO - [RESP] GET /dashboard/data - 302
2025-10-07 11:01:38,916 - INFO - 127.0.0.1 - - [07/Oct/2025 11:01:38] "[32mGET /dashboard/data HTTP/1.1[0m" 302 -
2025-10-07 11:01:38,919 - INFO - [REQ] GET /login - 127.0.0.1
2025-10-07 11:01:38,920 - INFO - [RESP] GET /login - 200
2025-10-07 11:01:38,920 - INFO - 127.0.0.1 - - [07/Oct/2025 11:01:38] "GET /login HTTP/1.1" 200 -
2025-10-07 11:01:59,898 - INFO - [REQ] GET /login - 127.0.0.1
2025-10-07 11:01:59,899 - INFO - [RESP] GET /login - 200
2025-10-07 11:01:59,899 - INFO - 127.0.0.1 - - [07/Oct/2025 11:01:59] "GET /login HTTP/1.1" 200 -
2025-10-07 11:02:04,626 - INFO - [INIT] Initializing Flask application...
2025-10-07 11:02:04,626 - INFO - [CONFIG] Loading configuration...
2025-10-07 11:02:04,628 - INFO - [AUTH] Authentication system ready
2025-10-07 11:02:04,629 - INFO - [DATABASE] Database connections configured
2025-10-07 11:02:04,630 - INFO - [SCHEDULER] Scheduler system active
2025-10-07 11:02:04,631 - INFO - [STARTUP] Application startup complete!
2025-10-07 11:02:04,689 - INFO - [31m[1mWARNING: This is a development server. Do not use it in a production deployment. Use a production WSGI server instead.[0m
 * Running on http://127.0.0.1:5000
2025-10-07 11:02:04,691 - INFO - [33mPress CTRL+C to quit[0m
2025-10-07 11:02:04,694 - INFO -  * Restarting with stat
2025-10-07 11:02:05,250 - INFO - [REQ] GET /dashboard/data - 127.0.0.1
2025-10-07 11:02:05,250 - INFO - [DEBUG] Checking auth for /dashboard/data - username=None, role=None, ip=None
2025-10-07 11:02:05,250 - WARNING - [AUTH] BLOCKED unauthenticated access to /dashboard/data from 127.0.0.1
2025-10-07 11:02:05,251 - WARNING - [AUTH] Session contents: {'_flashes': [('warning', 'Please log in to access this page')]}
2025-10-07 11:02:05,251 - INFO - [RESP] GET /dashboard/data - 302
2025-10-07 11:02:05,251 - INFO - 127.0.0.1 - - [07/Oct/2025 11:02:05] "[32mGET /dashboard/data HTTP/1.1[0m" 302 -
2025-10-07 11:02:05,562 - INFO - [REQ] GET /login - 127.0.0.1
2025-10-07 11:02:05,564 - INFO - [RESP] GET /login - 200
2025-10-07 11:02:05,565 - INFO - 127.0.0.1 - - [07/Oct/2025 11:02:05] "GET /login HTTP/1.1" 200 -
2025-10-07 11:02:05,804 - INFO - [INIT] Initializing Flask application...
2025-10-07 11:02:05,805 - INFO - [CONFIG] Loading configuration...
2025-10-07 11:02:05,805 - INFO - [AUTH] Authentication system ready
2025-10-07 11:02:05,805 - INFO - [DATABASE] Database connections configured
2025-10-07 11:02:05,805 - INFO - [SCHEDULER] Scheduler system active
2025-10-07 11:02:05,805 - INFO - [STARTUP] Application startup complete!
2025-10-07 11:02:05,816 - WARNING -  * Debugger is active!
2025-10-07 11:02:05,818 - INFO -  * Debugger PIN: 499-062-501
2025-10-07 11:02:08,661 - INFO - [REQ] POST /login - 127.0.0.1
2025-10-07 11:02:09,184 - INFO - [LOGIN] Successful login: admin (admin) from 127.0.0.1
2025-10-07 11:02:09,186 - INFO - [RESP] POST /login - 302
2025-10-07 11:02:09,188 - INFO - 127.0.0.1 - - [07/Oct/2025 11:02:09] "[32mPOST /login HTTP/1.1[0m" 302 -
2025-10-07 11:02:09,191 - INFO - [REQ] GET / - 127.0.0.1
2025-10-07 11:02:09,191 - INFO - [DEBUG] Checking auth for / - username=admin, role=admin, ip=127.0.0.1
2025-10-07 11:02:09,192 - INFO - [AUTH] Authenticated access: admin (admin) to /
2025-10-07 11:02:09,192 - INFO - [HOME] Homepage accessed by user: admin
2025-10-07 11:02:09,194 - INFO - [INFO] Loaded 1 SQL servers for display
2025-10-07 11:02:09,284 - INFO - [RESP] GET / - 200
2025-10-07 11:02:09,287 - INFO - 127.0.0.1 - - [07/Oct/2025 11:02:09] "GET / HTTP/1.1" 200 -
2025-10-07 11:02:09,627 - INFO - [REQ] GET /static/actin-logo.png - 127.0.0.1
2025-10-07 11:02:09,807 - INFO - [RESP] GET /static/actin-logo.png - 304
2025-10-07 11:02:09,810 - INFO - 127.0.0.1 - - [07/Oct/2025 11:02:09] "[36mGET /static/actin-logo.png HTTP/1.1[0m" 304 -
2025-10-07 11:02:12,266 - INFO - [REQ] GET /sync_background/server1 - 127.0.0.1
2025-10-07 11:02:12,267 - INFO - [DEBUG] Checking auth for /sync_background/server1 - username=admin, role=admin, ip=127.0.0.1
2025-10-07 11:02:12,267 - INFO - [AUTH] Authenticated access: admin (admin) to /sync_background/server1
2025-10-07 11:02:12,268 - INFO - [SYNC-ASYNC START] Request to start background sync for: server1
2025-10-07 11:02:12,269 - INFO - [SYNC-ASYNC WORKER] Background worker started for: server1
2025-10-07 11:02:12,269 - INFO - [RESP] GET /sync_background/server1 - 202
2025-10-07 11:02:12,275 - INFO - 127.0.0.1 - - [07/Oct/2025 11:02:12] "[35m[1mGET /sync_background/server1 HTTP/1.1[0m" 202 -
2025-10-07 11:02:12,322 - INFO - [PROCESS] Background processing hybrid sync for server1
2025-10-07 11:02:12,324 - INFO - MIGRATION STARTED for server1
2025-10-07 11:02:12,467 - INFO - Sync tracking table created/verified
2025-10-07 11:02:12,658 - INFO - Connected to SQL Server: 192.168.18.51
2025-10-07 11:02:12,734 - INFO - Found 6 databases on 192.168.18.51
2025-10-07 11:02:12,736 - INFO - DATABASE START: server1/hel
2025-10-07 11:02:12,737 - INFO - Cleaned up system table: 1921681851_hel.sys_trace_xe_event_map
2025-10-07 11:02:12,738 - INFO - Cleaned up system table: 1921681851_hel.sys_trace_xe_action_map
2025-10-07 11:02:12,933 - INFO - === Starting INCREMENTAL sync for database: hel ===
2025-10-07 11:02:13,353 - INFO - [INCR SYNC] dbo.hel2et: row_count=10, sync_col=HelmetId, last_value=None
2025-10-07 11:02:13,662 - INFO - Schema '1921681851_hel' created/verified successfully
2025-10-07 11:02:13,729 - INFO - Last value is None for dbo.hel2et, using hash-based deduplication
2025-10-07 11:02:13,768 - INFO - No new rows found for dbo.hel2et
2025-10-07 11:02:14,019 - INFO - [INCR SYNC] dbo.helmet: row_count=10, sync_col=HelmetId, last_value=None
2025-10-07 11:02:14,095 - INFO - Schema '1921681851_hel' created/verified successfully
2025-10-07 11:02:14,137 - INFO - Last value is None for dbo.helmet, using hash-based deduplication
2025-10-07 11:02:14,173 - INFO - No new rows found for dbo.helmet
2025-10-07 11:02:14,434 - INFO - [INCR SYNC] dbo.stock_items1: row_count=10, sync_col=id, last_value=None
2025-10-07 11:02:14,511 - INFO - Schema '1921681851_hel' created/verified successfully
2025-10-07 11:02:14,545 - INFO - Last value is None for dbo.stock_items1, using hash-based deduplication
2025-10-07 11:02:14,581 - INFO - No new rows found for dbo.stock_items1
2025-10-07 11:02:14,851 - INFO - [INCR SYNC] dbo.stock_items2: row_count=10, sync_col=id, last_value=None
2025-10-07 11:02:14,946 - INFO - Schema '1921681851_hel' created/verified successfully
2025-10-07 11:02:15,001 - INFO - Last value is None for dbo.stock_items2, using hash-based deduplication
2025-10-07 11:02:15,056 - INFO - No new rows found for dbo.stock_items2
2025-10-07 11:02:15,304 - INFO - [INCR SYNC] dbo.stock_items3: row_count=10, sync_col=id, last_value=None
2025-10-07 11:02:15,398 - INFO - Schema '1921681851_hel' created/verified successfully
2025-10-07 11:02:15,431 - INFO - Last value is None for dbo.stock_items3, using hash-based deduplication
2025-10-07 11:02:15,472 - INFO - No new rows found for dbo.stock_items3
2025-10-07 11:02:15,699 - INFO - [INCR SYNC] dbo.stock_items4: row_count=10, sync_col=id, last_value=None
2025-10-07 11:02:15,767 - INFO - Schema '1921681851_hel' created/verified successfully
2025-10-07 11:02:15,798 - INFO - Last value is None for dbo.stock_items4, using hash-based deduplication
2025-10-07 11:02:15,839 - INFO - No new rows found for dbo.stock_items4
2025-10-07 11:02:16,076 - INFO - [INCR SYNC] dbo.stock_items5: row_count=10, sync_col=id, last_value=None
2025-10-07 11:02:16,148 - INFO - Schema '1921681851_hel' created/verified successfully
2025-10-07 11:02:16,185 - INFO - Last value is None for dbo.stock_items5, using hash-based deduplication
2025-10-07 11:02:16,220 - INFO - No new rows found for dbo.stock_items5
2025-10-07 11:02:16,489 - INFO - [INCR SYNC] dbo.stock_items6: row_count=10, sync_col=id, last_value=None
2025-10-07 11:02:16,563 - INFO - Schema '1921681851_hel' created/verified successfully
2025-10-07 11:02:16,608 - INFO - Last value is None for dbo.stock_items6, using hash-based deduplication
2025-10-07 11:02:16,650 - INFO - No new rows found for dbo.stock_items6
2025-10-07 11:02:16,925 - INFO - [INCR SYNC] sys.trace_xe_action_map: row_count=22, sync_col=None, last_value=None
2025-10-07 11:02:17,197 - INFO - [INCR SYNC] sys.trace_xe_event_map: row_count=139, sync_col=None, last_value=None
2025-10-07 11:02:17,203 - INFO - === INCREMENTAL sync completed for hel, 10/10 tables processed ===
2025-10-07 11:02:17,210 - INFO - server1/hel: processed 10 tables
2025-10-07 11:02:17,234 - INFO - DATABASE START: server1/saad1
2025-10-07 11:02:17,237 - INFO - Cleaned up system table: 1921681851_saad1.sys_trace_xe_event_map
2025-10-07 11:02:17,239 - INFO - Cleaned up system table: 1921681851_saad1.sys_trace_xe_action_map
2025-10-07 11:02:17,368 - INFO - === Starting INCREMENTAL sync for database: saad1 ===
2025-10-07 11:02:17,782 - INFO - [INCR SYNC] dbo.stock_items6: row_count=10, sync_col=id, last_value=None
2025-10-07 11:02:18,027 - INFO - [REQ] GET /schedule - 127.0.0.1
2025-10-07 11:02:18,029 - INFO - [DEBUG] Checking auth for /schedule - username=admin, role=admin, ip=127.0.0.1
2025-10-07 11:02:18,030 - INFO - [AUTH] Authenticated access: admin (admin) to /schedule
2025-10-07 11:02:18,076 - INFO - Schema '1921681851_saad1' created/verified successfully
2025-10-07 11:02:18,111 - INFO - Last value is None for dbo.stock_items6, using hash-based deduplication
2025-10-07 11:02:18,142 - INFO - [RESP] GET /schedule - 200
2025-10-07 11:02:18,144 - INFO - 127.0.0.1 - - [07/Oct/2025 11:02:18] "GET /schedule HTTP/1.1" 200 -
2025-10-07 11:02:18,158 - INFO - No new rows found for dbo.stock_items6
2025-10-07 11:02:18,166 - INFO - [REQ] GET /static/actin-logo.png - 127.0.0.1
2025-10-07 11:02:18,167 - INFO - [RESP] GET /static/actin-logo.png - 304
2025-10-07 11:02:18,167 - INFO - 127.0.0.1 - - [07/Oct/2025 11:02:18] "[36mGET /static/actin-logo.png HTTP/1.1[0m" 304 -
2025-10-07 11:02:18,416 - INFO - [INCR SYNC] sys.trace_xe_action_map: row_count=22, sync_col=None, last_value=None
2025-10-07 11:02:18,672 - INFO - [INCR SYNC] sys.trace_xe_event_map: row_count=139, sync_col=None, last_value=None
2025-10-07 11:02:18,673 - INFO - === INCREMENTAL sync completed for saad1, 3/3 tables processed ===
2025-10-07 11:02:18,681 - INFO - server1/saad1: processed 3 tables
2025-10-07 11:02:18,707 - INFO - DATABASE START: server1/SampleDB3
2025-10-07 11:02:18,709 - INFO - Cleaned up system table: 1921681851_SampleDB3.sys_trace_xe_event_map
2025-10-07 11:02:18,711 - INFO - Cleaned up system table: 1921681851_SampleDB3.sys_trace_xe_action_map
2025-10-07 11:02:18,941 - INFO - === Starting INCREMENTAL sync for database: SampleDB3 ===
2025-10-07 11:02:19,371 - INFO - [INCR SYNC] dbo.Employees: row_count=5, sync_col=EmployeeID, last_value=None
2025-10-07 11:02:19,710 - INFO - Schema '1921681851_SampleDB3' created/verified successfully
2025-10-07 11:02:19,745 - INFO - Last value is None for dbo.Employees, using hash-based deduplication
2025-10-07 11:02:19,779 - INFO - No new rows found for dbo.Employees
2025-10-07 11:02:20,034 - INFO - [INCR SYNC] sys.trace_xe_action_map: row_count=22, sync_col=None, last_value=None
2025-10-07 11:02:20,278 - INFO - [INCR SYNC] sys.trace_xe_event_map: row_count=139, sync_col=None, last_value=None
2025-10-07 11:02:20,279 - INFO - === INCREMENTAL sync completed for SampleDB3, 3/3 tables processed ===
2025-10-07 11:02:20,283 - INFO - server1/SampleDB3: processed 3 tables
2025-10-07 11:02:20,306 - INFO - DATABASE START: server1/SampleDB4
2025-10-07 11:02:20,308 - INFO - Cleaned up system table: 1921681851_SampleDB4.sys_trace_xe_event_map
2025-10-07 11:02:20,309 - INFO - Cleaned up system table: 1921681851_SampleDB4.sys_trace_xe_action_map
2025-10-07 11:02:20,557 - INFO - === Starting INCREMENTAL sync for database: SampleDB4 ===
2025-10-07 11:02:20,956 - INFO - [INCR SYNC] dbo.Employees: row_count=5, sync_col=EmployeeID, last_value=None
2025-10-07 11:02:21,228 - INFO - Schema '1921681851_SampleDB4' created/verified successfully
2025-10-07 11:02:21,278 - INFO - Last value is None for dbo.Employees, using hash-based deduplication
2025-10-07 11:02:21,317 - INFO - No new rows found for dbo.Employees
2025-10-07 11:02:21,570 - INFO - [INCR SYNC] sys.trace_xe_action_map: row_count=22, sync_col=None, last_value=None
2025-10-07 11:02:21,817 - INFO - [INCR SYNC] sys.trace_xe_event_map: row_count=139, sync_col=None, last_value=None
2025-10-07 11:02:21,818 - INFO - === INCREMENTAL sync completed for SampleDB4, 3/3 tables processed ===
2025-10-07 11:02:21,823 - INFO - server1/SampleDB4: processed 3 tables
2025-10-07 11:02:21,843 - INFO - DATABASE START: server1/SampleDB5
2025-10-07 11:02:21,844 - INFO - Cleaned up system table: 1921681851_SampleDB5.sys_trace_xe_event_map
2025-10-07 11:02:21,846 - INFO - Cleaned up system table: 1921681851_SampleDB5.sys_trace_xe_action_map
2025-10-07 11:02:22,060 - INFO - === Starting INCREMENTAL sync for database: SampleDB5 ===
2025-10-07 11:02:22,477 - INFO - [INCR SYNC] dbo.Employees: row_count=5, sync_col=EmployeeID, last_value=None
2025-10-07 11:02:22,775 - INFO - Schema '1921681851_SampleDB5' created/verified successfully
2025-10-07 11:02:22,813 - INFO - Last value is None for dbo.Employees, using hash-based deduplication
2025-10-07 11:02:22,849 - INFO - No new rows found for dbo.Employees
2025-10-07 11:02:23,107 - INFO - [INCR SYNC] sys.trace_xe_action_map: row_count=22, sync_col=None, last_value=None
2025-10-07 11:02:23,362 - INFO - [INCR SYNC] sys.trace_xe_event_map: row_count=139, sync_col=None, last_value=None
2025-10-07 11:02:23,363 - INFO - === INCREMENTAL sync completed for SampleDB5, 3/3 tables processed ===
2025-10-07 11:02:23,365 - INFO - server1/SampleDB5: processed 3 tables
2025-10-07 11:02:23,386 - INFO - DATABASE START: server1/Vikas
2025-10-07 11:02:23,388 - INFO - Cleaned up system table: 1921681851_Vikas.sys_trace_xe_event_map
2025-10-07 11:02:23,390 - INFO - Cleaned up system table: 1921681851_Vikas.sys_trace_xe_action_map
2025-10-07 11:02:23,503 - INFO - === Starting INCREMENTAL sync for database: Vikas ===
2025-10-07 11:02:23,911 - INFO - [INCR SYNC] dbo.stock_items6: row_count=10, sync_col=id, last_value=None
2025-10-07 11:02:24,190 - INFO - Schema '1921681851_Vikas' created/verified successfully
2025-10-07 11:02:24,233 - INFO - Last value is None for dbo.stock_items6, using hash-based deduplication
2025-10-07 11:02:24,276 - INFO - No new rows found for dbo.stock_items6
2025-10-07 11:02:24,542 - INFO - [INCR SYNC] dbo.Table_1: row_count=0, sync_col=None, last_value=None
2025-10-07 11:02:24,622 - INFO - Schema '1921681851_Vikas' created/verified successfully
2025-10-07 11:02:24,691 - INFO - Table dbo.Table_1 is empty, but schema ensured in PostgreSQL
2025-10-07 11:02:24,960 - INFO - [INCR SYNC] sys.trace_xe_action_map: row_count=22, sync_col=None, last_value=None
2025-10-07 11:02:25,245 - INFO - [INCR SYNC] sys.trace_xe_event_map: row_count=139, sync_col=None, last_value=None
2025-10-07 11:02:25,247 - INFO - === INCREMENTAL sync completed for Vikas, 4/4 tables processed ===
2025-10-07 11:02:25,253 - INFO - server1/Vikas: processed 4 tables
2025-10-07 11:02:25,276 - INFO - Completed server1
2025-10-07 11:02:25,276 - INFO - [SYNC-ASYNC COMPLETE] Background sync completed for server1
2025-10-07 11:03:05,253 - INFO - [REQ] GET /dashboard/data - 127.0.0.1
2025-10-07 11:03:05,254 - INFO - [DEBUG] Checking auth for /dashboard/data - username=None, role=None, ip=None
2025-10-07 11:03:05,255 - WARNING - [AUTH] BLOCKED unauthenticated access to /dashboard/data from 127.0.0.1
2025-10-07 11:03:05,256 - WARNING - [AUTH] Session contents: {'_flashes': [('warning', 'Please log in to access this page')]}
2025-10-07 11:03:05,257 - INFO - [RESP] GET /dashboard/data - 302
2025-10-07 11:03:05,258 - INFO - 127.0.0.1 - - [07/Oct/2025 11:03:05] "[32mGET /dashboard/data HTTP/1.1[0m" 302 -
2025-10-07 11:03:05,578 - INFO - [REQ] GET /login - 127.0.0.1
2025-10-07 11:03:05,580 - INFO - [RESP] GET /login - 200
2025-10-07 11:03:05,580 - INFO - 127.0.0.1 - - [07/Oct/2025 11:03:05] "GET /login HTTP/1.1" 200 -
2025-10-07 11:03:55,638 - INFO - [REQ] GET /dashboard - 127.0.0.1
2025-10-07 11:03:55,639 - INFO - [DEBUG] Checking auth for /dashboard - username=admin, role=admin, ip=127.0.0.1
2025-10-07 11:03:55,640 - INFO - [AUTH] Authenticated access: admin (admin) to /dashboard
2025-10-07 11:03:55,936 - INFO - [RESP] GET /dashboard - 200
2025-10-07 11:03:55,938 - INFO - 127.0.0.1 - - [07/Oct/2025 11:03:55] "GET /dashboard HTTP/1.1" 200 -
2025-10-07 11:03:55,968 - INFO - [REQ] GET /static/actin-logo.png - 127.0.0.1
2025-10-07 11:03:55,970 - INFO - [RESP] GET /static/actin-logo.png - 304
2025-10-07 11:03:55,971 - INFO - 127.0.0.1 - - [07/Oct/2025 11:03:55] "[36mGET /static/actin-logo.png HTTP/1.1[0m" 304 -
2025-10-07 11:03:58,811 - INFO - [REQ] GET / - 127.0.0.1
2025-10-07 11:03:58,813 - INFO - [DEBUG] Checking auth for / - username=admin, role=admin, ip=127.0.0.1
2025-10-07 11:03:58,813 - INFO - [AUTH] Authenticated access: admin (admin) to /
2025-10-07 11:03:58,814 - INFO - [HOME] Homepage accessed by user: admin
2025-10-07 11:03:58,816 - INFO - [INFO] Loaded 1 SQL servers for display
2025-10-07 11:03:58,818 - INFO - [RESP] GET / - 200
2025-10-07 11:03:58,819 - INFO - 127.0.0.1 - - [07/Oct/2025 11:03:58] "GET / HTTP/1.1" 200 -
2025-10-07 11:03:59,119 - INFO - [REQ] GET /static/actin-logo.png - 127.0.0.1
2025-10-07 11:03:59,120 - INFO - [RESP] GET /static/actin-logo.png - 304
2025-10-07 11:03:59,121 - INFO - 127.0.0.1 - - [07/Oct/2025 11:03:59] "[36mGET /static/actin-logo.png HTTP/1.1[0m" 304 -
2025-10-07 11:04:00,051 - INFO - [REQ] GET /sync_background/server1 - 127.0.0.1
2025-10-07 11:04:00,052 - INFO - [DEBUG] Checking auth for /sync_background/server1 - username=admin, role=admin, ip=127.0.0.1
2025-10-07 11:04:00,053 - INFO - [AUTH] Authenticated access: admin (admin) to /sync_background/server1
2025-10-07 11:04:00,053 - INFO - [SYNC-ASYNC START] Request to start background sync for: server1
2025-10-07 11:04:00,054 - INFO - [SYNC-ASYNC WORKER] Background worker started for: server1
2025-10-07 11:04:00,055 - INFO - [RESP] GET /sync_background/server1 - 202
2025-10-07 11:04:00,057 - INFO - 127.0.0.1 - - [07/Oct/2025 11:04:00] "[35m[1mGET /sync_background/server1 HTTP/1.1[0m" 202 -
2025-10-07 11:04:00,243 - INFO - [PROCESS] Background processing hybrid sync for server1
2025-10-07 11:04:00,243 - INFO - MIGRATION STARTED for server1
2025-10-07 11:04:00,289 - INFO - Sync tracking table created/verified
2025-10-07 11:04:00,355 - INFO - Connected to SQL Server: 192.168.18.51
2025-10-07 11:04:00,447 - INFO - Found 6 databases on 192.168.18.51
2025-10-07 11:04:00,449 - INFO - DATABASE START: server1/hel
2025-10-07 11:04:00,450 - INFO - Cleaned up system table: 1921681851_hel.sys_trace_xe_event_map
2025-10-07 11:04:00,452 - INFO - Cleaned up system table: 1921681851_hel.sys_trace_xe_action_map
2025-10-07 11:04:00,561 - INFO - === Starting INCREMENTAL sync for database: hel ===
2025-10-07 11:04:01,014 - INFO - [INCR SYNC] dbo.hel2et: row_count=10, sync_col=HelmetId, last_value=None
2025-10-07 11:04:01,298 - INFO - Schema '1921681851_hel' created/verified successfully
2025-10-07 11:04:01,355 - INFO - Last value is None for dbo.hel2et, using hash-based deduplication
2025-10-07 11:04:01,406 - INFO - No new rows found for dbo.hel2et
2025-10-07 11:04:01,688 - INFO - [INCR SYNC] dbo.helmet: row_count=10, sync_col=HelmetId, last_value=None
2025-10-07 11:04:01,763 - INFO - Schema '1921681851_hel' created/verified successfully
2025-10-07 11:04:01,799 - INFO - Last value is None for dbo.helmet, using hash-based deduplication
2025-10-07 11:04:01,838 - INFO - No new rows found for dbo.helmet
2025-10-07 11:04:02,085 - INFO - [INCR SYNC] dbo.stock_items1: row_count=10, sync_col=id, last_value=None
2025-10-07 11:04:02,155 - INFO - Schema '1921681851_hel' created/verified successfully
2025-10-07 11:04:02,186 - INFO - Last value is None for dbo.stock_items1, using hash-based deduplication
2025-10-07 11:04:02,220 - INFO - No new rows found for dbo.stock_items1
2025-10-07 11:04:02,501 - INFO - [INCR SYNC] dbo.stock_items2: row_count=10, sync_col=id, last_value=None
2025-10-07 11:04:02,564 - INFO - Schema '1921681851_hel' created/verified successfully
2025-10-07 11:04:02,597 - INFO - Last value is None for dbo.stock_items2, using hash-based deduplication
2025-10-07 11:04:02,650 - INFO - No new rows found for dbo.stock_items2
2025-10-07 11:04:02,896 - INFO - [INCR SYNC] dbo.stock_items3: row_count=10, sync_col=id, last_value=None
2025-10-07 11:04:02,960 - INFO - Schema '1921681851_hel' created/verified successfully
2025-10-07 11:04:02,987 - INFO - Last value is None for dbo.stock_items3, using hash-based deduplication
2025-10-07 11:04:03,022 - INFO - No new rows found for dbo.stock_items3
2025-10-07 11:04:03,268 - INFO - [INCR SYNC] dbo.stock_items4: row_count=10, sync_col=id, last_value=None
2025-10-07 11:04:03,334 - INFO - Schema '1921681851_hel' created/verified successfully
2025-10-07 11:04:03,372 - INFO - Last value is None for dbo.stock_items4, using hash-based deduplication
2025-10-07 11:04:03,403 - INFO - No new rows found for dbo.stock_items4
2025-10-07 11:04:03,668 - INFO - [INCR SYNC] dbo.stock_items5: row_count=10, sync_col=id, last_value=None
2025-10-07 11:04:03,733 - INFO - Schema '1921681851_hel' created/verified successfully
2025-10-07 11:04:03,769 - INFO - Last value is None for dbo.stock_items5, using hash-based deduplication
2025-10-07 11:04:03,803 - INFO - No new rows found for dbo.stock_items5
2025-10-07 11:04:04,077 - INFO - [INCR SYNC] dbo.stock_items6: row_count=10, sync_col=id, last_value=None
2025-10-07 11:04:04,178 - INFO - Schema '1921681851_hel' created/verified successfully
2025-10-07 11:04:04,230 - INFO - Last value is None for dbo.stock_items6, using hash-based deduplication
2025-10-07 11:04:04,290 - INFO - No new rows found for dbo.stock_items6
2025-10-07 11:04:04,574 - INFO - [INCR SYNC] sys.trace_xe_action_map: row_count=22, sync_col=None, last_value=None
2025-10-07 11:04:04,836 - INFO - [INCR SYNC] sys.trace_xe_event_map: row_count=139, sync_col=None, last_value=None
2025-10-07 11:04:04,837 - INFO - === INCREMENTAL sync completed for hel, 10/10 tables processed ===
2025-10-07 11:04:04,840 - INFO - server1/hel: processed 10 tables
2025-10-07 11:04:04,856 - INFO - DATABASE START: server1/saad1
2025-10-07 11:04:04,858 - INFO - Cleaned up system table: 1921681851_saad1.sys_trace_xe_event_map
2025-10-07 11:04:04,859 - INFO - Cleaned up system table: 1921681851_saad1.sys_trace_xe_action_map
2025-10-07 11:04:04,898 - INFO - === Starting INCREMENTAL sync for database: saad1 ===
2025-10-07 11:04:05,239 - INFO - [REQ] GET /dashboard/data - 127.0.0.1
2025-10-07 11:04:05,241 - INFO - [DEBUG] Checking auth for /dashboard/data - username=None, role=None, ip=None
2025-10-07 11:04:05,241 - WARNING - [AUTH] BLOCKED unauthenticated access to /dashboard/data from 127.0.0.1
2025-10-07 11:04:05,242 - WARNING - [AUTH] Session contents: {'_flashes': [('warning', 'Please log in to access this page')]}
2025-10-07 11:04:05,243 - INFO - [RESP] GET /dashboard/data - 302
2025-10-07 11:04:05,244 - INFO - 127.0.0.1 - - [07/Oct/2025 11:04:05] "[32mGET /dashboard/data HTTP/1.1[0m" 302 -
2025-10-07 11:04:05,309 - INFO - [INCR SYNC] dbo.stock_items6: row_count=10, sync_col=id, last_value=None
2025-10-07 11:04:05,546 - INFO - Schema '1921681851_saad1' created/verified successfully
2025-10-07 11:04:05,555 - INFO - [REQ] GET /login - 127.0.0.1
2025-10-07 11:04:05,558 - INFO - [RESP] GET /login - 200
2025-10-07 11:04:05,559 - INFO - 127.0.0.1 - - [07/Oct/2025 11:04:05] "GET /login HTTP/1.1" 200 -
2025-10-07 11:04:05,592 - INFO - Last value is None for dbo.stock_items6, using hash-based deduplication
2025-10-07 11:04:05,632 - INFO - No new rows found for dbo.stock_items6
2025-10-07 11:04:05,884 - INFO - [INCR SYNC] sys.trace_xe_action_map: row_count=22, sync_col=None, last_value=None
2025-10-07 11:04:06,131 - INFO - [INCR SYNC] sys.trace_xe_event_map: row_count=139, sync_col=None, last_value=None
2025-10-07 11:04:06,132 - INFO - === INCREMENTAL sync completed for saad1, 3/3 tables processed ===
2025-10-07 11:04:06,137 - INFO - server1/saad1: processed 3 tables
2025-10-07 11:04:06,155 - INFO - DATABASE START: server1/SampleDB3
2025-10-07 11:04:06,159 - INFO - Cleaned up system table: 1921681851_SampleDB3.sys_trace_xe_event_map
2025-10-07 11:04:06,160 - INFO - Cleaned up system table: 1921681851_SampleDB3.sys_trace_xe_action_map
2025-10-07 11:04:06,242 - INFO - === Starting INCREMENTAL sync for database: SampleDB3 ===
2025-10-07 11:04:06,673 - INFO - [INCR SYNC] dbo.Employees: row_count=5, sync_col=EmployeeID, last_value=None
2025-10-07 11:04:06,972 - INFO - Schema '1921681851_SampleDB3' created/verified successfully
2025-10-07 11:04:07,017 - INFO - Last value is None for dbo.Employees, using hash-based deduplication
2025-10-07 11:04:07,059 - INFO - No new rows found for dbo.Employees
2025-10-07 11:04:07,298 - INFO - [INCR SYNC] sys.trace_xe_action_map: row_count=22, sync_col=None, last_value=None
2025-10-07 11:04:07,556 - INFO - [INCR SYNC] sys.trace_xe_event_map: row_count=139, sync_col=None, last_value=None
2025-10-07 11:04:07,557 - INFO - === INCREMENTAL sync completed for SampleDB3, 3/3 tables processed ===
2025-10-07 11:04:07,560 - INFO - server1/SampleDB3: processed 3 tables
2025-10-07 11:04:07,577 - INFO - DATABASE START: server1/SampleDB4
2025-10-07 11:04:07,579 - INFO - Cleaned up system table: 1921681851_SampleDB4.sys_trace_xe_event_map
2025-10-07 11:04:07,580 - INFO - Cleaned up system table: 1921681851_SampleDB4.sys_trace_xe_action_map
2025-10-07 11:04:07,666 - INFO - === Starting INCREMENTAL sync for database: SampleDB4 ===
2025-10-07 11:04:08,093 - INFO - [INCR SYNC] dbo.Employees: row_count=5, sync_col=EmployeeID, last_value=None
2025-10-07 11:04:08,332 - INFO - Schema '1921681851_SampleDB4' created/verified successfully
2025-10-07 11:04:08,372 - INFO - Last value is None for dbo.Employees, using hash-based deduplication
2025-10-07 11:04:08,418 - INFO - No new rows found for dbo.Employees
2025-10-07 11:04:08,669 - INFO - [INCR SYNC] sys.trace_xe_action_map: row_count=22, sync_col=None, last_value=None
2025-10-07 11:04:08,916 - INFO - [INCR SYNC] sys.trace_xe_event_map: row_count=139, sync_col=None, last_value=None
2025-10-07 11:04:08,916 - INFO - === INCREMENTAL sync completed for SampleDB4, 3/3 tables processed ===
2025-10-07 11:04:08,919 - INFO - server1/SampleDB4: processed 3 tables
2025-10-07 11:04:08,938 - INFO - DATABASE START: server1/SampleDB5
2025-10-07 11:04:08,939 - INFO - Cleaned up system table: 1921681851_SampleDB5.sys_trace_xe_event_map
2025-10-07 11:04:08,940 - INFO - Cleaned up system table: 1921681851_SampleDB5.sys_trace_xe_action_map
2025-10-07 11:04:09,030 - INFO - === Starting INCREMENTAL sync for database: SampleDB5 ===
2025-10-07 11:04:09,440 - INFO - [INCR SYNC] dbo.Employees: row_count=5, sync_col=EmployeeID, last_value=None
2025-10-07 11:04:09,689 - INFO - Schema '1921681851_SampleDB5' created/verified successfully
2025-10-07 11:04:09,726 - INFO - Last value is None for dbo.Employees, using hash-based deduplication
2025-10-07 11:04:09,763 - INFO - No new rows found for dbo.Employees
2025-10-07 11:04:10,001 - INFO - [INCR SYNC] sys.trace_xe_action_map: row_count=22, sync_col=None, last_value=None
2025-10-07 11:04:10,247 - INFO - [INCR SYNC] sys.trace_xe_event_map: row_count=139, sync_col=None, last_value=None
2025-10-07 11:04:10,248 - INFO - === INCREMENTAL sync completed for SampleDB5, 3/3 tables processed ===
2025-10-07 11:04:10,250 - INFO - server1/SampleDB5: processed 3 tables
2025-10-07 11:04:10,270 - INFO - DATABASE START: server1/Vikas
2025-10-07 11:04:10,272 - INFO - Cleaned up system table: 1921681851_Vikas.sys_trace_xe_event_map
2025-10-07 11:04:10,273 - INFO - Cleaned up system table: 1921681851_Vikas.sys_trace_xe_action_map
2025-10-07 11:04:10,310 - INFO - === Starting INCREMENTAL sync for database: Vikas ===
2025-10-07 11:04:10,701 - INFO - [INCR SYNC] dbo.stock_items6: row_count=10, sync_col=id, last_value=None
2025-10-07 11:04:10,933 - INFO - Schema '1921681851_Vikas' created/verified successfully
2025-10-07 11:04:10,970 - INFO - Last value is None for dbo.stock_items6, using hash-based deduplication
2025-10-07 11:04:11,012 - INFO - No new rows found for dbo.stock_items6
2025-10-07 11:04:11,261 - INFO - [INCR SYNC] dbo.Table_1: row_count=0, sync_col=None, last_value=None
2025-10-07 11:04:11,328 - INFO - Schema '1921681851_Vikas' created/verified successfully
2025-10-07 11:04:11,392 - INFO - Table dbo.Table_1 is empty, but schema ensured in PostgreSQL
2025-10-07 11:04:11,636 - INFO - [INCR SYNC] sys.trace_xe_action_map: row_count=22, sync_col=None, last_value=None
2025-10-07 11:04:11,880 - INFO - [INCR SYNC] sys.trace_xe_event_map: row_count=139, sync_col=None, last_value=None
2025-10-07 11:04:11,881 - INFO - === INCREMENTAL sync completed for Vikas, 4/4 tables processed ===
2025-10-07 11:04:11,883 - INFO - server1/Vikas: processed 4 tables
2025-10-07 11:04:11,906 - INFO - Completed server1
2025-10-07 11:04:11,906 - INFO - [SYNC-ASYNC COMPLETE] Background sync completed for server1
2025-10-07 11:05:05,552 - INFO - [REQ] GET /dashboard/data - 127.0.0.1
2025-10-07 11:05:05,552 - INFO - [DEBUG] Checking auth for /dashboard/data - username=None, role=None, ip=None
2025-10-07 11:05:05,553 - WARNING - [AUTH] BLOCKED unauthenticated access to /dashboard/data from 127.0.0.1
2025-10-07 11:05:05,554 - WARNING - [AUTH] Session contents: {'_flashes': [('warning', 'Please log in to access this page')]}
2025-10-07 11:05:05,556 - INFO - [RESP] GET /dashboard/data - 302
2025-10-07 11:05:05,558 - INFO - 127.0.0.1 - - [07/Oct/2025 11:05:05] "[32mGET /dashboard/data HTTP/1.1[0m" 302 -
2025-10-07 11:05:05,805 - INFO - [REQ] GET /login - 127.0.0.1
2025-10-07 11:05:05,806 - INFO - [RESP] GET /login - 200
2025-10-07 11:05:05,807 - INFO - 127.0.0.1 - - [07/Oct/2025 11:05:05] "GET /login HTTP/1.1" 200 -
2025-10-07 11:05:26,377 - INFO - [REQ] GET /dashboard/data - 127.0.0.1
2025-10-07 11:05:26,379 - INFO - [DEBUG] Checking auth for /dashboard/data - username=None, role=None, ip=None
2025-10-07 11:05:26,379 - WARNING - [AUTH] BLOCKED unauthenticated access to /dashboard/data from 127.0.0.1
2025-10-07 11:05:26,381 - WARNING - [AUTH] Session contents: {'_flashes': [('warning', 'Please log in to access this page')]}
2025-10-07 11:05:26,381 - INFO - [RESP] GET /dashboard/data - 302
2025-10-07 11:05:26,382 - INFO - 127.0.0.1 - - [07/Oct/2025 11:05:26] "[32mGET /dashboard/data HTTP/1.1[0m" 302 -
2025-10-07 11:05:26,697 - INFO - [REQ] GET /login - 127.0.0.1
2025-10-07 11:05:26,699 - INFO - [RESP] GET /login - 200
2025-10-07 11:05:26,700 - INFO - 127.0.0.1 - - [07/Oct/2025 11:05:26] "GET /login HTTP/1.1" 200 -
2025-10-07 11:05:27,281 - INFO - [REQ] GET /dashboard/data - 127.0.0.1
2025-10-07 11:05:27,283 - INFO - [DEBUG] Checking auth for /dashboard/data - username=None, role=None, ip=None
2025-10-07 11:05:27,283 - WARNING - [AUTH] BLOCKED unauthenticated access to /dashboard/data from 127.0.0.1
2025-10-07 11:05:27,283 - WARNING - [AUTH] Session contents: {'_flashes': [('warning', 'Please log in to access this page')]}
2025-10-07 11:05:27,284 - INFO - [RESP] GET /dashboard/data - 302
2025-10-07 11:05:27,285 - INFO - 127.0.0.1 - - [07/Oct/2025 11:05:27] "[32mGET /dashboard/data HTTP/1.1[0m" 302 -
2025-10-07 11:05:27,598 - INFO - [REQ] GET /login - 127.0.0.1
2025-10-07 11:05:27,600 - INFO - [RESP] GET /login - 200
2025-10-07 11:05:27,601 - INFO - 127.0.0.1 - - [07/Oct/2025 11:05:27] "GET /login HTTP/1.1" 200 -
2025-10-07 11:05:27,851 - INFO - [REQ] GET /sync-summary - 127.0.0.1
2025-10-07 11:05:27,851 - INFO - [DEBUG] Checking auth for /sync-summary - username=None, role=None, ip=None
2025-10-07 11:05:27,851 - WARNING - [AUTH] BLOCKED unauthenticated access to /sync-summary from 127.0.0.1
2025-10-07 11:05:27,852 - WARNING - [AUTH] Session contents: {'_flashes': [('warning', 'Please log in to access this page')]}
2025-10-07 11:05:27,852 - INFO - [RESP] GET /sync-summary - 302
2025-10-07 11:05:27,852 - INFO - 127.0.0.1 - - [07/Oct/2025 11:05:27] "[32mGET /sync-summary HTTP/1.1[0m" 302 -
2025-10-07 11:05:28,157 - INFO - [REQ] GET /login - 127.0.0.1
2025-10-07 11:05:28,160 - INFO - [RESP] GET /login - 200
2025-10-07 11:05:28,160 - INFO - 127.0.0.1 - - [07/Oct/2025 11:05:28] "GET /login HTTP/1.1" 200 -
2025-10-07 11:05:33,876 - INFO - [REQ] POST /login - 127.0.0.1
2025-10-07 11:05:34,481 - INFO - [LOGIN] Successful login: admin (admin) from 127.0.0.1
2025-10-07 11:05:34,482 - INFO - [RESP] POST /login - 302
2025-10-07 11:05:34,483 - INFO - 127.0.0.1 - - [07/Oct/2025 11:05:34] "[32mPOST /login HTTP/1.1[0m" 302 -
2025-10-07 11:05:34,492 - INFO - [REQ] GET / - 127.0.0.1
2025-10-07 11:05:34,493 - INFO - [DEBUG] Checking auth for / - username=admin, role=admin, ip=127.0.0.1
2025-10-07 11:05:34,494 - INFO - [AUTH] Authenticated access: admin (admin) to /
2025-10-07 11:05:34,495 - INFO - [HOME] Homepage accessed by user: admin
2025-10-07 11:05:34,500 - INFO - [INFO] Loaded 1 SQL servers for display
2025-10-07 11:05:34,501 - INFO - [RESP] GET / - 200
2025-10-07 11:05:34,501 - INFO - 127.0.0.1 - - [07/Oct/2025 11:05:34] "GET / HTTP/1.1" 200 -
2025-10-07 11:05:34,529 - INFO - [REQ] GET /static/actin-logo.png - 127.0.0.1
2025-10-07 11:05:34,531 - INFO - [RESP] GET /static/actin-logo.png - 304
2025-10-07 11:05:34,532 - INFO - 127.0.0.1 - - [07/Oct/2025 11:05:34] "[36mGET /static/actin-logo.png HTTP/1.1[0m" 304 -
2025-10-07 11:05:37,396 - INFO - [REQ] GET /sync-summary - 127.0.0.1
2025-10-07 11:05:37,398 - INFO - [DEBUG] Checking auth for /sync-summary - username=admin, role=admin, ip=127.0.0.1
2025-10-07 11:05:37,399 - INFO - [AUTH] Authenticated access: admin (admin) to /sync-summary
2025-10-07 11:05:38,932 - INFO - [RESP] GET /sync-summary - 200
2025-10-07 11:05:38,933 - INFO - 127.0.0.1 - - [07/Oct/2025 11:05:38] "GET /sync-summary HTTP/1.1" 200 -
2025-10-07 11:05:38,951 - INFO - [REQ] GET /static/actin-logo.png - 127.0.0.1
2025-10-07 11:05:38,952 - INFO - [RESP] GET /static/actin-logo.png - 304
2025-10-07 11:05:38,953 - INFO - 127.0.0.1 - - [07/Oct/2025 11:05:38] "[36mGET /static/actin-logo.png HTTP/1.1[0m" 304 -
2025-10-07 11:05:39,026 - INFO - [REQ] GET /sync-summary/quick.json - 127.0.0.1
2025-10-07 11:05:39,027 - INFO - [DEBUG] Checking auth for /sync-summary/quick.json - username=admin, role=admin, ip=127.0.0.1
2025-10-07 11:05:39,027 - INFO - [AUTH] Authenticated access: admin (admin) to /sync-summary/quick.json
2025-10-07 11:05:39,028 - INFO - Cache hit for all_servers
2025-10-07 11:05:39,028 - INFO - [RESP] GET /sync-summary/quick.json - 200
2025-10-07 11:05:39,030 - INFO - 127.0.0.1 - - [07/Oct/2025 11:05:39] "GET /sync-summary/quick.json HTTP/1.1" 200 -
2025-10-07 11:05:43,678 - INFO - [REQ] GET / - 127.0.0.1
2025-10-07 11:05:43,679 - INFO - [DEBUG] Checking auth for / - username=admin, role=admin, ip=127.0.0.1
2025-10-07 11:05:43,681 - INFO - [AUTH] Authenticated access: admin (admin) to /
2025-10-07 11:05:43,682 - INFO - [HOME] Homepage accessed by user: admin
2025-10-07 11:05:43,687 - INFO - [INFO] Loaded 1 SQL servers for display
2025-10-07 11:05:43,689 - INFO - [RESP] GET / - 200
2025-10-07 11:05:43,690 - INFO - 127.0.0.1 - - [07/Oct/2025 11:05:43] "GET / HTTP/1.1" 200 -
2025-10-07 11:05:43,896 - INFO - [REQ] GET /static/actin-logo.png - 127.0.0.1
2025-10-07 11:05:43,898 - INFO - [RESP] GET /static/actin-logo.png - 304
2025-10-07 11:05:43,900 - INFO - 127.0.0.1 - - [07/Oct/2025 11:05:43] "[36mGET /static/actin-logo.png HTTP/1.1[0m" 304 -
2025-10-07 11:05:47,090 - INFO - [REQ] POST /delete-server/server1 - 127.0.0.1
2025-10-07 11:05:47,091 - INFO - [DEBUG] Checking auth for /delete-server/server1 - username=admin, role=admin, ip=127.0.0.1
2025-10-07 11:05:47,092 - INFO - [AUTH] Authenticated access: admin (admin) to /delete-server/server1
2025-10-07 11:05:47,094 - INFO - [RESP] POST /delete-server/server1 - 302
2025-10-07 11:05:47,096 - INFO - 127.0.0.1 - - [07/Oct/2025 11:05:47] "[32mPOST /delete-server/server1 HTTP/1.1[0m" 302 -
2025-10-07 11:05:47,397 - INFO - [REQ] GET / - 127.0.0.1
2025-10-07 11:05:47,398 - INFO - [DEBUG] Checking auth for / - username=admin, role=admin, ip=127.0.0.1
2025-10-07 11:05:47,398 - INFO - [AUTH] Authenticated access: admin (admin) to /
2025-10-07 11:05:47,399 - INFO - [HOME] Homepage accessed by user: admin
2025-10-07 11:05:47,428 - INFO - [INFO] Loaded 0 SQL servers for display
2025-10-07 11:05:47,430 - INFO - [RESP] GET / - 200
2025-10-07 11:05:47,432 - INFO - 127.0.0.1 - - [07/Oct/2025 11:05:47] "GET / HTTP/1.1" 200 -
2025-10-07 11:05:47,772 - INFO - [REQ] GET /static/actin-logo.png - 127.0.0.1
2025-10-07 11:05:47,774 - INFO - [RESP] GET /static/actin-logo.png - 304
2025-10-07 11:05:47,776 - INFO - 127.0.0.1 - - [07/Oct/2025 11:05:47] "[36mGET /static/actin-logo.png HTTP/1.1[0m" 304 -
2025-10-07 11:05:48,019 - INFO - [REQ] GET /add-server - 127.0.0.1
2025-10-07 11:05:48,020 - INFO - [DEBUG] Checking auth for /add-server - username=admin, role=admin, ip=127.0.0.1
2025-10-07 11:05:48,020 - INFO - [AUTH] Authenticated access: admin (admin) to /add-server
2025-10-07 11:05:48,105 - INFO - [RESP] GET /add-server - 200
2025-10-07 11:05:48,106 - INFO - 127.0.0.1 - - [07/Oct/2025 11:05:48] "GET /add-server HTTP/1.1" 200 -
2025-10-07 11:05:48,158 - INFO - [REQ] GET /static/actin-logo.png - 127.0.0.1
2025-10-07 11:05:48,159 - INFO - [RESP] GET /static/actin-logo.png - 304
2025-10-07 11:05:48,162 - INFO - 127.0.0.1 - - [07/Oct/2025 11:05:48] "[36mGET /static/actin-logo.png HTTP/1.1[0m" 304 -
2025-10-07 11:06:02,665 - INFO - [REQ] POST /add-server - 127.0.0.1
2025-10-07 11:06:02,666 - INFO - [DEBUG] Checking auth for /add-server - username=admin, role=admin, ip=127.0.0.1
2025-10-07 11:06:02,667 - INFO - [AUTH] Authenticated access: admin (admin) to /add-server
2025-10-07 11:06:02,669 - INFO - [RESP] POST /add-server - 302
2025-10-07 11:06:02,671 - INFO - 127.0.0.1 - - [07/Oct/2025 11:06:02] "[32mPOST /add-server HTTP/1.1[0m" 302 -
2025-10-07 11:06:02,982 - INFO - [REQ] GET / - 127.0.0.1
2025-10-07 11:06:02,983 - INFO - [DEBUG] Checking auth for / - username=admin, role=admin, ip=127.0.0.1
2025-10-07 11:06:02,984 - INFO - [AUTH] Authenticated access: admin (admin) to /
2025-10-07 11:06:02,984 - INFO - [HOME] Homepage accessed by user: admin
2025-10-07 11:06:03,064 - INFO - [INFO] Loaded 1 SQL servers for display
2025-10-07 11:06:03,066 - INFO - [RESP] GET / - 200
2025-10-07 11:06:03,067 - INFO - 127.0.0.1 - - [07/Oct/2025 11:06:03] "GET / HTTP/1.1" 200 -
2025-10-07 11:06:03,389 - INFO - [REQ] GET /static/actin-logo.png - 127.0.0.1
2025-10-07 11:06:03,391 - INFO - [RESP] GET /static/actin-logo.png - 304
2025-10-07 11:06:03,392 - INFO - 127.0.0.1 - - [07/Oct/2025 11:06:03] "[36mGET /static/actin-logo.png HTTP/1.1[0m" 304 -
2025-10-07 11:06:32,185 - INFO - [REQ] POST /delete-server/server1 - 127.0.0.1
2025-10-07 11:06:32,185 - INFO - [DEBUG] Checking auth for /delete-server/server1 - username=admin, role=admin, ip=127.0.0.1
2025-10-07 11:06:32,186 - INFO - [AUTH] Authenticated access: admin (admin) to /delete-server/server1
2025-10-07 11:06:32,190 - INFO - [RESP] POST /delete-server/server1 - 302
2025-10-07 11:06:32,191 - INFO - 127.0.0.1 - - [07/Oct/2025 11:06:32] "[32mPOST /delete-server/server1 HTTP/1.1[0m" 302 -
2025-10-07 11:06:32,496 - INFO - [REQ] GET / - 127.0.0.1
2025-10-07 11:06:32,498 - INFO - [DEBUG] Checking auth for / - username=admin, role=admin, ip=127.0.0.1
2025-10-07 11:06:32,498 - INFO - [AUTH] Authenticated access: admin (admin) to /
2025-10-07 11:06:32,499 - INFO - [HOME] Homepage accessed by user: admin
2025-10-07 11:06:32,510 - INFO - [INFO] Loaded 0 SQL servers for display
2025-10-07 11:06:32,512 - INFO - [RESP] GET / - 200
2025-10-07 11:06:32,515 - INFO - 127.0.0.1 - - [07/Oct/2025 11:06:32] "GET / HTTP/1.1" 200 -
2025-10-07 11:06:32,874 - INFO - [REQ] GET /static/actin-logo.png - 127.0.0.1
2025-10-07 11:06:32,875 - INFO - [RESP] GET /static/actin-logo.png - 304
2025-10-07 11:06:32,877 - INFO - 127.0.0.1 - - [07/Oct/2025 11:06:32] "[36mGET /static/actin-logo.png HTTP/1.1[0m" 304 -
2025-10-07 11:10:18,619 - INFO - [REQ] POST /delete-server/server1 - 127.0.0.1
2025-10-07 11:10:18,622 - INFO - [DEBUG] Checking auth for /delete-server/server1 - username=admin, role=admin, ip=127.0.0.1
2025-10-07 11:10:18,623 - INFO - [AUTH] Authenticated access: admin (admin) to /delete-server/server1
2025-10-07 11:10:18,632 - INFO - [RESP] POST /delete-server/server1 - 302
2025-10-07 11:10:18,636 - INFO - 127.0.0.1 - - [07/Oct/2025 11:10:18] "[32mPOST /delete-server/server1 HTTP/1.1[0m" 302 -
2025-10-07 11:10:18,645 - INFO - [REQ] GET / - 127.0.0.1
2025-10-07 11:10:18,646 - INFO - [DEBUG] Checking auth for / - username=admin, role=admin, ip=127.0.0.1
2025-10-07 11:10:18,647 - INFO - [AUTH] Authenticated access: admin (admin) to /
2025-10-07 11:10:18,648 - INFO - [HOME] Homepage accessed by user: admin
2025-10-07 11:10:18,651 - INFO - [INFO] Loaded 0 SQL servers for display
2025-10-07 11:10:18,655 - INFO - [RESP] GET / - 200
2025-10-07 11:10:18,658 - INFO - 127.0.0.1 - - [07/Oct/2025 11:10:18] "GET / HTTP/1.1" 200 -
2025-10-07 11:10:18,835 - INFO - [REQ] GET /static/actin-logo.png - 127.0.0.1
2025-10-07 11:10:18,837 - INFO - [RESP] GET /static/actin-logo.png - 304
2025-10-07 11:10:18,839 - INFO - 127.0.0.1 - - [07/Oct/2025 11:10:18] "[36mGET /static/actin-logo.png HTTP/1.1[0m" 304 -
2025-10-07 11:10:19,533 - INFO - [REQ] GET /add-server - 127.0.0.1
2025-10-07 11:10:19,533 - INFO - [DEBUG] Checking auth for /add-server - username=admin, role=admin, ip=127.0.0.1
2025-10-07 11:10:19,534 - INFO - [AUTH] Authenticated access: admin (admin) to /add-server
2025-10-07 11:10:19,629 - INFO - [RESP] GET /add-server - 200
2025-10-07 11:10:19,630 - INFO - 127.0.0.1 - - [07/Oct/2025 11:10:19] "GET /add-server HTTP/1.1" 200 -
2025-10-07 11:10:19,768 - INFO - [REQ] GET /static/actin-logo.png - 127.0.0.1
2025-10-07 11:10:19,770 - INFO - [RESP] GET /static/actin-logo.png - 304
2025-10-07 11:10:19,771 - INFO - 127.0.0.1 - - [07/Oct/2025 11:10:19] "[36mGET /static/actin-logo.png HTTP/1.1[0m" 304 -
2025-10-07 11:10:31,606 - INFO - [REQ] POST /add-server - 127.0.0.1
2025-10-07 11:10:31,606 - INFO - [DEBUG] Checking auth for /add-server - username=admin, role=admin, ip=127.0.0.1
2025-10-07 11:10:31,607 - INFO - [AUTH] Authenticated access: admin (admin) to /add-server
2025-10-07 11:10:31,609 - INFO - [RESP] POST /add-server - 302
2025-10-07 11:10:31,612 - INFO - 127.0.0.1 - - [07/Oct/2025 11:10:31] "[32mPOST /add-server HTTP/1.1[0m" 302 -
2025-10-07 11:10:31,922 - INFO - [REQ] GET / - 127.0.0.1
2025-10-07 11:10:31,923 - INFO - [DEBUG] Checking auth for / - username=admin, role=admin, ip=127.0.0.1
2025-10-07 11:10:31,923 - INFO - [AUTH] Authenticated access: admin (admin) to /
2025-10-07 11:10:31,924 - INFO - [HOME] Homepage accessed by user: admin
2025-10-07 11:10:31,975 - INFO - [INFO] Loaded 1 SQL servers for display
2025-10-07 11:10:31,977 - INFO - [RESP] GET / - 200
2025-10-07 11:10:31,979 - INFO - 127.0.0.1 - - [07/Oct/2025 11:10:31] "GET / HTTP/1.1" 200 -
2025-10-07 11:10:32,315 - INFO - [REQ] GET /static/actin-logo.png - 127.0.0.1
2025-10-07 11:10:32,318 - INFO - [RESP] GET /static/actin-logo.png - 304
2025-10-07 11:10:32,320 - INFO - 127.0.0.1 - - [07/Oct/2025 11:10:32] "[36mGET /static/actin-logo.png HTTP/1.1[0m" 304 -
2025-10-07 11:10:33,829 - INFO - [REQ] GET /sync_background/server1 - 127.0.0.1
2025-10-07 11:10:33,829 - INFO - [DEBUG] Checking auth for /sync_background/server1 - username=admin, role=admin, ip=127.0.0.1
2025-10-07 11:10:33,830 - INFO - [AUTH] Authenticated access: admin (admin) to /sync_background/server1
2025-10-07 11:10:33,830 - INFO - [SYNC-ASYNC START] Request to start background sync for: server1
2025-10-07 11:10:33,831 - INFO - [SYNC-ASYNC WORKER] Background worker started for: server1
2025-10-07 11:10:33,832 - INFO - [RESP] GET /sync_background/server1 - 202
2025-10-07 11:10:33,833 - INFO - 127.0.0.1 - - [07/Oct/2025 11:10:33] "[35m[1mGET /sync_background/server1 HTTP/1.1[0m" 202 -
2025-10-07 11:10:33,882 - INFO - [PROCESS] Background processing hybrid sync for server1
2025-10-07 11:10:33,882 - INFO - MIGRATION STARTED for server1
2025-10-07 11:10:33,946 - INFO - Sync tracking table created/verified
2025-10-07 11:10:34,093 - INFO - Connected to SQL Server: localhost
2025-10-07 11:10:34,159 - INFO - Found 8 databases on localhost
2025-10-07 11:10:34,161 - INFO - DATABASE START: server1/American_Food
2025-10-07 11:10:34,164 - INFO - Cleaned up system table: localhost_American_Food.sys_trace_xe_event_map
2025-10-07 11:10:34,165 - INFO - Cleaned up system table: localhost_American_Food.sys_trace_xe_action_map
2025-10-07 11:10:34,244 - INFO - === Starting FULL sync for database: American_Food ===
2025-10-07 11:10:36,217 - INFO - [FULL SYNC] Processing dbo.Burgers
2025-10-07 11:10:36,428 - INFO - Schema 'localhost_American_Food' created/verified successfully
2025-10-07 11:10:36,464 - INFO - Created table 'localhost_American_Food.dbo_Burgers' with proper data types
2025-10-07 11:10:36,542 - WARNING - Could not get PK info for dbo.Burgers: 'pyodbc.Cursor' object has no attribute 'cursor'
2025-10-07 11:10:36,542 - WARNING - Could not get timestamp column for dbo.Burgers: 'pyodbc.Cursor' object has no attribute 'cursor'
2025-10-07 11:10:36,543 - WARNING - Could not get unique identifier column for dbo.Burgers: 'pyodbc.Cursor' object has no attribute 'cursor'
2025-10-07 11:10:36,552 - INFO - [FULL SYNC] Processing dbo.Sandwiches
2025-10-07 11:10:36,645 - INFO - Schema 'localhost_American_Food' created/verified successfully
2025-10-07 11:10:36,656 - INFO - Created table 'localhost_American_Food.dbo_Sandwiches' with proper data types
2025-10-07 11:10:36,709 - WARNING - Could not get PK info for dbo.Sandwiches: 'pyodbc.Cursor' object has no attribute 'cursor'
2025-10-07 11:10:36,709 - WARNING - Could not get timestamp column for dbo.Sandwiches: 'pyodbc.Cursor' object has no attribute 'cursor'
2025-10-07 11:10:36,710 - WARNING - Could not get unique identifier column for dbo.Sandwiches: 'pyodbc.Cursor' object has no attribute 'cursor'
2025-10-07 11:10:36,712 - INFO - [FULL SYNC] Processing sys.trace_xe_action_map
2025-10-07 11:10:36,713 - INFO - [FULL SYNC] Processing sys.trace_xe_event_map
2025-10-07 11:10:36,713 - INFO - === FULL sync completed for American_Food, 4/4 tables processed ===
2025-10-07 11:10:36,715 - INFO - server1/American_Food: processed 4 tables
2025-10-07 11:10:36,717 - INFO - DATABASE START: server1/Asian_Food
2025-10-07 11:10:36,718 - INFO - Cleaned up system table: localhost_Asian_Food.sys_trace_xe_event_map
2025-10-07 11:10:36,719 - INFO - Cleaned up system table: localhost_Asian_Food.sys_trace_xe_action_map
2025-10-07 11:10:37,097 - INFO - === Starting FULL sync for database: Asian_Food ===
2025-10-07 11:10:37,168 - INFO - [REQ] GET /schedule - 127.0.0.1
2025-10-07 11:10:37,169 - INFO - [DEBUG] Checking auth for /schedule - username=admin, role=admin, ip=127.0.0.1
2025-10-07 11:10:37,170 - INFO - [AUTH] Authenticated access: admin (admin) to /schedule
2025-10-07 11:10:37,250 - INFO - [RESP] GET /schedule - 200
2025-10-07 11:10:37,251 - INFO - 127.0.0.1 - - [07/Oct/2025 11:10:37] "GET /schedule HTTP/1.1" 200 -
2025-10-07 11:10:37,287 - INFO - [REQ] GET /static/actin-logo.png - 127.0.0.1
2025-10-07 11:10:37,289 - INFO - [RESP] GET /static/actin-logo.png - 304
2025-10-07 11:10:37,290 - INFO - 127.0.0.1 - - [07/Oct/2025 11:10:37] "[36mGET /static/actin-logo.png HTTP/1.1[0m" 304 -
2025-10-07 11:10:37,734 - INFO - [FULL SYNC] Processing dbo.Noodle_Dishes
2025-10-07 11:10:37,883 - INFO - Schema 'localhost_Asian_Food' created/verified successfully
2025-10-07 11:10:37,897 - INFO - Created table 'localhost_Asian_Food.dbo_Noodle_Dishes' with proper data types
2025-10-07 11:10:37,971 - WARNING - Could not get PK info for dbo.Noodle_Dishes: 'pyodbc.Cursor' object has no attribute 'cursor'
2025-10-07 11:10:37,972 - WARNING - Could not get timestamp column for dbo.Noodle_Dishes: 'pyodbc.Cursor' object has no attribute 'cursor'
2025-10-07 11:10:37,974 - WARNING - Could not get unique identifier column for dbo.Noodle_Dishes: 'pyodbc.Cursor' object has no attribute 'cursor'
2025-10-07 11:10:37,976 - INFO - [FULL SYNC] Processing dbo.Sushi_Items
2025-10-07 11:10:38,046 - INFO - Schema 'localhost_Asian_Food' created/verified successfully
2025-10-07 11:10:38,054 - INFO - Created table 'localhost_Asian_Food.dbo_Sushi_Items' with proper data types
2025-10-07 11:10:38,107 - WARNING - Could not get PK info for dbo.Sushi_Items: 'pyodbc.Cursor' object has no attribute 'cursor'
2025-10-07 11:10:38,107 - WARNING - Could not get timestamp column for dbo.Sushi_Items: 'pyodbc.Cursor' object has no attribute 'cursor'
2025-10-07 11:10:38,108 - WARNING - Could not get unique identifier column for dbo.Sushi_Items: 'pyodbc.Cursor' object has no attribute 'cursor'
2025-10-07 11:10:38,109 - INFO - [FULL SYNC] Processing sys.trace_xe_action_map
2025-10-07 11:10:38,110 - INFO - [FULL SYNC] Processing sys.trace_xe_event_map
2025-10-07 11:10:38,112 - INFO - === FULL sync completed for Asian_Food, 4/4 tables processed ===
2025-10-07 11:10:38,115 - INFO - server1/Asian_Food: processed 4 tables
2025-10-07 11:10:38,118 - INFO - DATABASE START: server1/Desserts
2025-10-07 11:10:38,122 - INFO - Cleaned up system table: localhost_Desserts.sys_trace_xe_event_map
2025-10-07 11:10:38,123 - INFO - Cleaned up system table: localhost_Desserts.sys_trace_xe_action_map
2025-10-07 11:10:38,675 - INFO - [REQ] GET /dashboard - 127.0.0.1
2025-10-07 11:10:38,675 - INFO - [DEBUG] Checking auth for /dashboard - username=admin, role=admin, ip=127.0.0.1
2025-10-07 11:10:38,675 - INFO - [AUTH] Authenticated access: admin (admin) to /dashboard
2025-10-07 11:10:38,818 - INFO - [RESP] GET /dashboard - 200
2025-10-07 11:10:38,819 - INFO - 127.0.0.1 - - [07/Oct/2025 11:10:38] "GET /dashboard HTTP/1.1" 200 -
2025-10-07 11:10:38,972 - INFO - === Starting FULL sync for database: Desserts ===
2025-10-07 11:10:38,989 - INFO - [REQ] GET /static/actin-logo.png - 127.0.0.1
2025-10-07 11:10:38,991 - INFO - [RESP] GET /static/actin-logo.png - 304
2025-10-07 11:10:38,992 - INFO - 127.0.0.1 - - [07/Oct/2025 11:10:38] "[36mGET /static/actin-logo.png HTTP/1.1[0m" 304 -
2025-10-07 11:10:40,781 - INFO - [FULL SYNC] Processing dbo.Cakes
2025-10-07 11:10:41,164 - INFO - Schema 'localhost_Desserts' created/verified successfully
2025-10-07 11:10:41,176 - INFO - Created table 'localhost_Desserts.dbo_Cakes' with proper data types
2025-10-07 11:10:41,251 - WARNING - Could not get PK info for dbo.Cakes: 'pyodbc.Cursor' object has no attribute 'cursor'
2025-10-07 11:10:41,253 - WARNING - Could not get timestamp column for dbo.Cakes: 'pyodbc.Cursor' object has no attribute 'cursor'
2025-10-07 11:10:41,254 - WARNING - Could not get unique identifier column for dbo.Cakes: 'pyodbc.Cursor' object has no attribute 'cursor'
2025-10-07 11:10:41,256 - INFO - [FULL SYNC] Processing dbo.IceCream_Flavors
2025-10-07 11:10:41,330 - INFO - Schema 'localhost_Desserts' created/verified successfully
2025-10-07 11:10:41,343 - INFO - Created table 'localhost_Desserts.dbo_IceCream_Flavors' with proper data types
2025-10-07 11:10:41,376 - WARNING - Could not get PK info for dbo.IceCream_Flavors: 'pyodbc.Cursor' object has no attribute 'cursor'
2025-10-07 11:10:41,376 - WARNING - Could not get timestamp column for dbo.IceCream_Flavors: 'pyodbc.Cursor' object has no attribute 'cursor'
2025-10-07 11:10:41,378 - WARNING - Could not get unique identifier column for dbo.IceCream_Flavors: 'pyodbc.Cursor' object has no attribute 'cursor'
2025-10-07 11:10:41,383 - INFO - [FULL SYNC] Processing sys.trace_xe_action_map
2025-10-07 11:10:41,386 - INFO - [FULL SYNC] Processing sys.trace_xe_event_map
2025-10-07 11:10:41,388 - INFO - === FULL sync completed for Desserts, 4/4 tables processed ===
2025-10-07 11:10:41,393 - INFO - server1/Desserts: processed 4 tables
2025-10-07 11:10:41,400 - INFO - DATABASE START: server1/Italian_Food
2025-10-07 11:10:41,403 - INFO - Cleaned up system table: localhost_Italian_Food.sys_trace_xe_event_map
2025-10-07 11:10:41,406 - INFO - Cleaned up system table: localhost_Italian_Food.sys_trace_xe_action_map
2025-10-07 11:10:41,529 - INFO - === Starting FULL sync for database: Italian_Food ===
2025-10-07 11:10:42,162 - INFO - [FULL SYNC] Processing dbo.Pasta_Dishes
2025-10-07 11:10:42,249 - INFO - Schema 'localhost_Italian_Food' created/verified successfully
2025-10-07 11:10:42,263 - INFO - Created table 'localhost_Italian_Food.dbo_Pasta_Dishes' with proper data types
2025-10-07 11:10:42,323 - WARNING - Could not get PK info for dbo.Pasta_Dishes: 'pyodbc.Cursor' object has no attribute 'cursor'
2025-10-07 11:10:42,324 - WARNING - Could not get timestamp column for dbo.Pasta_Dishes: 'pyodbc.Cursor' object has no attribute 'cursor'
2025-10-07 11:10:42,324 - WARNING - Could not get unique identifier column for dbo.Pasta_Dishes: 'pyodbc.Cursor' object has no attribute 'cursor'
2025-10-07 11:10:42,326 - INFO - [FULL SYNC] Processing dbo.Pizza_Items
2025-10-07 11:10:42,384 - INFO - Schema 'localhost_Italian_Food' created/verified successfully
2025-10-07 11:10:42,396 - INFO - Created table 'localhost_Italian_Food.dbo_Pizza_Items' with proper data types
2025-10-07 11:10:42,436 - WARNING - Could not get PK info for dbo.Pizza_Items: 'pyodbc.Cursor' object has no attribute 'cursor'
2025-10-07 11:10:42,437 - WARNING - Could not get timestamp column for dbo.Pizza_Items: 'pyodbc.Cursor' object has no attribute 'cursor'
2025-10-07 11:10:42,437 - WARNING - Could not get unique identifier column for dbo.Pizza_Items: 'pyodbc.Cursor' object has no attribute 'cursor'
2025-10-07 11:10:42,440 - INFO - [FULL SYNC] Processing sys.trace_xe_action_map
2025-10-07 11:10:42,441 - INFO - [FULL SYNC] Processing sys.trace_xe_event_map
2025-10-07 11:10:42,442 - INFO - === FULL sync completed for Italian_Food, 4/4 tables processed ===
2025-10-07 11:10:42,447 - INFO - server1/Italian_Food: processed 4 tables
2025-10-07 11:10:42,449 - INFO - DATABASE START: server1/Mexican_Food
2025-10-07 11:10:42,451 - INFO - Cleaned up system table: localhost_Mexican_Food.sys_trace_xe_event_map
2025-10-07 11:10:42,452 - INFO - Cleaned up system table: localhost_Mexican_Food.sys_trace_xe_action_map
2025-10-07 11:10:42,604 - INFO - [REQ] GET /view-schedules - 127.0.0.1
2025-10-07 11:10:42,605 - INFO - [DEBUG] Checking auth for /view-schedules - username=admin, role=admin, ip=127.0.0.1
2025-10-07 11:10:42,606 - INFO - [AUTH] Authenticated access: admin (admin) to /view-schedules
2025-10-07 11:10:42,820 - INFO - === Starting FULL sync for database: Mexican_Food ===
2025-10-07 11:10:42,870 - INFO - [RESP] GET /view-schedules - 200
2025-10-07 11:10:42,874 - INFO - 127.0.0.1 - - [07/Oct/2025 11:10:42] "GET /view-schedules HTTP/1.1" 200 -
2025-10-07 11:10:42,904 - INFO - [REQ] GET /static/actin-logo.png - 127.0.0.1
2025-10-07 11:10:42,905 - INFO - [RESP] GET /static/actin-logo.png - 304
2025-10-07 11:10:42,906 - INFO - 127.0.0.1 - - [07/Oct/2025 11:10:42] "[36mGET /static/actin-logo.png HTTP/1.1[0m" 304 -
2025-10-07 11:10:43,120 - INFO - [REQ] GET /api/job-statuses - 127.0.0.1
2025-10-07 11:10:43,120 - INFO - [DEBUG] Checking auth for /api/job-statuses - username=admin, role=admin, ip=127.0.0.1
2025-10-07 11:10:43,120 - INFO - [AUTH] Authenticated access: admin (admin) to /api/job-statuses
2025-10-07 11:10:43,122 - INFO - [RESP] GET /api/job-statuses - 404
2025-10-07 11:10:43,123 - INFO - 127.0.0.1 - - [07/Oct/2025 11:10:43] "[33mGET /api/job-statuses HTTP/1.1[0m" 404 -
2025-10-07 11:10:43,851 - INFO - [FULL SYNC] Processing dbo.Burritos
2025-10-07 11:10:43,936 - INFO - Schema 'localhost_Mexican_Food' created/verified successfully
2025-10-07 11:10:43,945 - INFO - Created table 'localhost_Mexican_Food.dbo_Burritos' with proper data types
2025-10-07 11:10:43,987 - WARNING - Could not get PK info for dbo.Burritos: 'pyodbc.Cursor' object has no attribute 'cursor'
2025-10-07 11:10:43,987 - WARNING - Could not get timestamp column for dbo.Burritos: 'pyodbc.Cursor' object has no attribute 'cursor'
2025-10-07 11:10:43,987 - WARNING - Could not get unique identifier column for dbo.Burritos: 'pyodbc.Cursor' object has no attribute 'cursor'
2025-10-07 11:10:43,989 - INFO - [FULL SYNC] Processing dbo.Tacos
2025-10-07 11:10:44,059 - INFO - Schema 'localhost_Mexican_Food' created/verified successfully
2025-10-07 11:10:44,072 - INFO - Created table 'localhost_Mexican_Food.dbo_Tacos' with proper data types
2025-10-07 11:10:44,087 - WARNING - Could not get PK info for dbo.Tacos: 'pyodbc.Cursor' object has no attribute 'cursor'
2025-10-07 11:10:44,088 - WARNING - Could not get timestamp column for dbo.Tacos: 'pyodbc.Cursor' object has no attribute 'cursor'
2025-10-07 11:10:44,089 - WARNING - Could not get unique identifier column for dbo.Tacos: 'pyodbc.Cursor' object has no attribute 'cursor'
2025-10-07 11:10:44,093 - INFO - [FULL SYNC] Processing sys.trace_xe_action_map
2025-10-07 11:10:44,093 - INFO - [FULL SYNC] Processing sys.trace_xe_event_map
2025-10-07 11:10:44,093 - INFO - === FULL sync completed for Mexican_Food, 4/4 tables processed ===
2025-10-07 11:10:44,095 - INFO - server1/Mexican_Food: processed 4 tables
2025-10-07 11:10:44,097 - INFO - DATABASE START: server1/SampleDB
2025-10-07 11:10:44,098 - INFO - Cleaned up system table: localhost_SampleDB.sys_trace_xe_event_map
2025-10-07 11:10:44,100 - INFO - Cleaned up system table: localhost_SampleDB.sys_trace_xe_action_map
2025-10-07 11:10:44,161 - INFO - === Starting FULL sync for database: SampleDB ===
2025-10-07 11:10:44,968 - INFO - [REQ] GET /sync-summary - 127.0.0.1
2025-10-07 11:10:44,969 - INFO - [DEBUG] Checking auth for /sync-summary - username=admin, role=admin, ip=127.0.0.1
2025-10-07 11:10:44,969 - INFO - [AUTH] Authenticated access: admin (admin) to /sync-summary
2025-10-07 11:10:44,971 - INFO - Cache expired for all_servers
2025-10-07 11:10:44,974 - INFO - Cache expired for individual:server1
2025-10-07 11:10:46,124 - INFO - [REQ] GET /api/job-statuses - 127.0.0.1
2025-10-07 11:10:46,125 - INFO - [DEBUG] Checking auth for /api/job-statuses - username=admin, role=admin, ip=127.0.0.1
2025-10-07 11:10:46,126 - INFO - [AUTH] Authenticated access: admin (admin) to /api/job-statuses
2025-10-07 11:10:46,128 - INFO - [RESP] GET /api/job-statuses - 404
2025-10-07 11:10:46,129 - INFO - 127.0.0.1 - - [07/Oct/2025 11:10:46] "[33mGET /api/job-statuses HTTP/1.1[0m" 404 -
2025-10-07 11:10:46,200 - ERROR - Error processing server1: ('28000', '[28000] [Microsoft][ODBC Driver 17 for SQL Server][SQL Server]Login failed for user \'sa\'. (18456) (SQLDriverConnect); [28000] [Microsoft][ODBC Driver 17 for SQL Server][SQL Server]Cannot open database "SampleDB" requested by the login. The login failed. (4060); [28000] [Microsoft][ODBC Driver 17 for SQL Server][SQL Server]Login failed for user \'sa\'. (18456); [28000] [Microsoft][ODBC Driver 17 for SQL Server][SQL Server]Cannot open database "SampleDB" requested by the login. The login failed. (4060)')
2025-10-07 11:10:46,200 - ERROR - [SYNC-ASYNC FAILED] Background sync failed for server1: ('28000', '[28000] [Microsoft][ODBC Driver 17 for SQL Server][SQL Server]Login failed for user \'sa\'. (18456) (SQLDriverConnect); [28000] [Microsoft][ODBC Driver 17 for SQL Server][SQL Server]Cannot open database "SampleDB" requested by the login. The login failed. (4060); [28000] [Microsoft][ODBC Driver 17 for SQL Server][SQL Server]Login failed for user \'sa\'. (18456); [28000] [Microsoft][ODBC Driver 17 for SQL Server][SQL Server]Cannot open database "SampleDB" requested by the login. The login failed. (4060)')
Traceback (most recent call last):
  File "C:\Users\SaadSayyed\Desktop\nitin_sir_7\nitin_sir5\app.py", line 354, in _worker
    process_sql_server_hybrid(server_name, server_conf)
  File "C:\Users\SaadSayyed\Desktop\nitin_sir_7\nitin_sir5\hybrid_sync.py", line 878, in process_sql_server_hybrid
    processed = full_sync_database(sql_engine, db_name, server_conf, server_clean, OUTPUT_DIR, pg_engine)
                ^^^^^^^^^^^^^^^^^^^^^^^^^^^^^^^^^^^^^^^^^^^^^^^^^^^^^^^^^^^^^^^^^^^^^^^^^^^^^^^^^^^^^^^^^
  File "C:\Users\SaadSayyed\Desktop\nitin_sir_7\nitin_sir5\hybrid_sync.py", line 720, in full_sync_database
    cursor = sql_engine.raw_connection().cursor()
             ^^^^^^^^^^^^^^^^^^^^^^^^^^^
  File "C:\Users\SaadSayyed\Desktop\nitin_sir_7\nitin_sir5\myenv\Lib\site-packages\sqlalchemy\engine\base.py", line 3300, in raw_connection
    return self.pool.connect()
           ^^^^^^^^^^^^^^^^^^^
  File "C:\Users\SaadSayyed\Desktop\nitin_sir_7\nitin_sir5\myenv\Lib\site-packages\sqlalchemy\pool\base.py", line 449, in connect
    return _ConnectionFairy._checkout(self)
           ^^^^^^^^^^^^^^^^^^^^^^^^^^^^^^^^
  File "C:\Users\SaadSayyed\Desktop\nitin_sir_7\nitin_sir5\myenv\Lib\site-packages\sqlalchemy\pool\base.py", line 1263, in _checkout
    fairy = _ConnectionRecord.checkout(pool)
            ^^^^^^^^^^^^^^^^^^^^^^^^^^^^^^^^
  File "C:\Users\SaadSayyed\Desktop\nitin_sir_7\nitin_sir5\myenv\Lib\site-packages\sqlalchemy\pool\base.py", line 712, in checkout
    rec = pool._do_get()
          ^^^^^^^^^^^^^^
  File "C:\Users\SaadSayyed\Desktop\nitin_sir_7\nitin_sir5\myenv\Lib\site-packages\sqlalchemy\pool\impl.py", line 179, in _do_get
    with util.safe_reraise():
  File "C:\Users\SaadSayyed\Desktop\nitin_sir_7\nitin_sir5\myenv\Lib\site-packages\sqlalchemy\util\langhelpers.py", line 146, in __exit__
    raise exc_value.with_traceback(exc_tb)
  File "C:\Users\SaadSayyed\Desktop\nitin_sir_7\nitin_sir5\myenv\Lib\site-packages\sqlalchemy\pool\impl.py", line 177, in _do_get
    return self._create_connection()
           ^^^^^^^^^^^^^^^^^^^^^^^^^
  File "C:\Users\SaadSayyed\Desktop\nitin_sir_7\nitin_sir5\myenv\Lib\site-packages\sqlalchemy\pool\base.py", line 390, in _create_connection
    return _ConnectionRecord(self)
           ^^^^^^^^^^^^^^^^^^^^^^^
  File "C:\Users\SaadSayyed\Desktop\nitin_sir_7\nitin_sir5\myenv\Lib\site-packages\sqlalchemy\pool\base.py", line 674, in __init__
    self.__connect()
  File "C:\Users\SaadSayyed\Desktop\nitin_sir_7\nitin_sir5\myenv\Lib\site-packages\sqlalchemy\pool\base.py", line 900, in __connect
    with util.safe_reraise():
  File "C:\Users\SaadSayyed\Desktop\nitin_sir_7\nitin_sir5\myenv\Lib\site-packages\sqlalchemy\util\langhelpers.py", line 146, in __exit__
    raise exc_value.with_traceback(exc_tb)
  File "C:\Users\SaadSayyed\Desktop\nitin_sir_7\nitin_sir5\myenv\Lib\site-packages\sqlalchemy\pool\base.py", line 896, in __connect
    self.dbapi_connection = connection = pool._invoke_creator(self)
                                         ^^^^^^^^^^^^^^^^^^^^^^^^^^
  File "C:\Users\SaadSayyed\Desktop\nitin_sir_7\nitin_sir5\myenv\Lib\site-packages\sqlalchemy\engine\create.py", line 643, in connect
    return dialect.connect(*cargs, **cparams)
           ^^^^^^^^^^^^^^^^^^^^^^^^^^^^^^^^^^
  File "C:\Users\SaadSayyed\Desktop\nitin_sir_7\nitin_sir5\myenv\Lib\site-packages\sqlalchemy\engine\default.py", line 620, in connect
    return self.loaded_dbapi.connect(*cargs, **cparams)
           ^^^^^^^^^^^^^^^^^^^^^^^^^^^^^^^^^^^^^^^^^^^^
pyodbc.InterfaceError: ('28000', '[28000] [Microsoft][ODBC Driver 17 for SQL Server][SQL Server]Login failed for user \'sa\'. (18456) (SQLDriverConnect); [28000] [Microsoft][ODBC Driver 17 for SQL Server][SQL Server]Cannot open database "SampleDB" requested by the login. The login failed. (4060); [28000] [Microsoft][ODBC Driver 17 for SQL Server][SQL Server]Login failed for user \'sa\'. (18456); [28000] [Microsoft][ODBC Driver 17 for SQL Server][SQL Server]Cannot open database "SampleDB" requested by the login. The login failed. (4060)')
2025-10-07 11:10:48,868 - INFO - [RESP] GET /sync-summary - 200
2025-10-07 11:10:48,870 - INFO - 127.0.0.1 - - [07/Oct/2025 11:10:48] "GET /sync-summary HTTP/1.1" 200 -
2025-10-07 11:10:48,899 - INFO - [REQ] GET /static/actin-logo.png - 127.0.0.1
2025-10-07 11:10:48,900 - INFO - [RESP] GET /static/actin-logo.png - 304
2025-10-07 11:10:48,902 - INFO - 127.0.0.1 - - [07/Oct/2025 11:10:48] "[36mGET /static/actin-logo.png HTTP/1.1[0m" 304 -
2025-10-07 11:10:49,413 - INFO - [REQ] GET /sync-summary/quick.json - 127.0.0.1
2025-10-07 11:10:49,415 - INFO - [DEBUG] Checking auth for /sync-summary/quick.json - username=admin, role=admin, ip=127.0.0.1
2025-10-07 11:10:49,417 - INFO - [AUTH] Authenticated access: admin (admin) to /sync-summary/quick.json
2025-10-07 11:10:49,417 - INFO - Cache hit for all_servers
2025-10-07 11:10:49,419 - INFO - [RESP] GET /sync-summary/quick.json - 200
2025-10-07 11:10:49,423 - INFO - 127.0.0.1 - - [07/Oct/2025 11:10:49] "GET /sync-summary/quick.json HTTP/1.1" 200 -
2025-10-07 11:10:59,378 - INFO - [REQ] GET / - 127.0.0.1
2025-10-07 11:10:59,378 - INFO - [DEBUG] Checking auth for / - username=admin, role=admin, ip=127.0.0.1
2025-10-07 11:10:59,378 - INFO - [AUTH] Authenticated access: admin (admin) to /
2025-10-07 11:10:59,378 - INFO - [HOME] Homepage accessed by user: admin
2025-10-07 11:10:59,381 - INFO - [INFO] Loaded 1 SQL servers for display
2025-10-07 11:10:59,381 - INFO - [RESP] GET / - 200
2025-10-07 11:10:59,383 - INFO - 127.0.0.1 - - [07/Oct/2025 11:10:59] "GET / HTTP/1.1" 200 -
2025-10-07 11:10:59,698 - INFO - [REQ] GET /static/actin-logo.png - 127.0.0.1
2025-10-07 11:10:59,701 - INFO - [RESP] GET /static/actin-logo.png - 304
2025-10-07 11:10:59,704 - INFO - 127.0.0.1 - - [07/Oct/2025 11:10:59] "[36mGET /static/actin-logo.png HTTP/1.1[0m" 304 -
2025-10-07 11:11:01,586 - INFO - [REQ] GET /sync_background/server1 - 127.0.0.1
2025-10-07 11:11:01,588 - INFO - [DEBUG] Checking auth for /sync_background/server1 - username=admin, role=admin, ip=127.0.0.1
2025-10-07 11:11:01,589 - INFO - [AUTH] Authenticated access: admin (admin) to /sync_background/server1
2025-10-07 11:11:01,590 - INFO - [SYNC-ASYNC START] Request to start background sync for: server1
2025-10-07 11:11:01,592 - INFO - [SYNC-ASYNC WORKER] Background worker started for: server1
2025-10-07 11:11:01,593 - INFO - [RESP] GET /sync_background/server1 - 202
2025-10-07 11:11:01,596 - INFO - 127.0.0.1 - - [07/Oct/2025 11:11:01] "[35m[1mGET /sync_background/server1 HTTP/1.1[0m" 202 -
2025-10-07 11:11:01,679 - INFO - [PROCESS] Background processing hybrid sync for server1
2025-10-07 11:11:01,680 - INFO - MIGRATION STARTED for server1
2025-10-07 11:11:01,758 - INFO - Sync tracking table created/verified
2025-10-07 11:11:01,769 - INFO - Connected to SQL Server: localhost
2025-10-07 11:11:01,851 - INFO - Found 8 databases on localhost
2025-10-07 11:11:01,854 - INFO - DATABASE START: server1/American_Food
2025-10-07 11:11:01,857 - INFO - Cleaned up system table: localhost_American_Food.sys_trace_xe_event_map
2025-10-07 11:11:01,858 - INFO - Cleaned up system table: localhost_American_Food.sys_trace_xe_action_map
2025-10-07 11:11:01,871 - INFO - === Starting INCREMENTAL sync for database: American_Food ===
2025-10-07 11:11:02,862 - INFO - [INCR SYNC] dbo.Burgers: row_count=5, sync_col=BurgerID, last_value=None
2025-10-07 11:11:03,274 - INFO - Schema 'localhost_American_Food' created/verified successfully
2025-10-07 11:11:03,538 - INFO - Last value is None for dbo.Burgers, using hash-based deduplication
2025-10-07 11:11:03,613 - INFO - No new rows found for dbo.Burgers
2025-10-07 11:11:03,934 - INFO - [INCR SYNC] dbo.Sandwiches: row_count=5, sync_col=SandwichID, last_value=None
2025-10-07 11:11:04,003 - INFO - Schema 'localhost_American_Food' created/verified successfully
2025-10-07 11:11:04,294 - INFO - Last value is None for dbo.Sandwiches, using hash-based deduplication
2025-10-07 11:11:04,330 - INFO - No new rows found for dbo.Sandwiches
2025-10-07 11:11:04,689 - INFO - [INCR SYNC] sys.trace_xe_action_map: row_count=22, sync_col=None, last_value=None
2025-10-07 11:11:05,024 - INFO - [INCR SYNC] sys.trace_xe_event_map: row_count=139, sync_col=None, last_value=None
2025-10-07 11:11:05,024 - INFO - === INCREMENTAL sync completed for American_Food, 4/4 tables processed ===
2025-10-07 11:11:05,027 - INFO - server1/American_Food: processed 4 tables
2025-10-07 11:11:05,028 - INFO - DATABASE START: server1/Asian_Food
2025-10-07 11:11:05,030 - INFO - Cleaned up system table: localhost_Asian_Food.sys_trace_xe_event_map
2025-10-07 11:11:05,031 - INFO - Cleaned up system table: localhost_Asian_Food.sys_trace_xe_action_map
2025-10-07 11:11:05,033 - INFO - === Starting INCREMENTAL sync for database: Asian_Food ===
2025-10-07 11:11:05,728 - INFO - [INCR SYNC] dbo.Noodle_Dishes: row_count=5, sync_col=NoodleID, last_value=None
2025-10-07 11:11:05,923 - INFO - Schema 'localhost_Asian_Food' created/verified successfully
2025-10-07 11:11:06,226 - INFO - Last value is None for dbo.Noodle_Dishes, using hash-based deduplication
2025-10-07 11:11:06,285 - INFO - No new rows found for dbo.Noodle_Dishes
2025-10-07 11:11:06,525 - INFO - [INCR SYNC] dbo.Sushi_Items: row_count=5, sync_col=SushiID, last_value=None
2025-10-07 11:11:06,589 - INFO - Schema 'localhost_Asian_Food' created/verified successfully
2025-10-07 11:11:06,845 - INFO - Last value is None for dbo.Sushi_Items, using hash-based deduplication
2025-10-07 11:11:06,899 - INFO - No new rows found for dbo.Sushi_Items
2025-10-07 11:11:07,168 - INFO - [INCR SYNC] sys.trace_xe_action_map: row_count=22, sync_col=None, last_value=None
2025-10-07 11:11:07,425 - INFO - [INCR SYNC] sys.trace_xe_event_map: row_count=139, sync_col=None, last_value=None
2025-10-07 11:11:07,426 - INFO - === INCREMENTAL sync completed for Asian_Food, 4/4 tables processed ===
2025-10-07 11:11:07,428 - INFO - server1/Asian_Food: processed 4 tables
2025-10-07 11:11:07,429 - INFO - DATABASE START: server1/Desserts
2025-10-07 11:11:07,430 - INFO - Cleaned up system table: localhost_Desserts.sys_trace_xe_event_map
2025-10-07 11:11:07,431 - INFO - Cleaned up system table: localhost_Desserts.sys_trace_xe_action_map
2025-10-07 11:11:07,443 - INFO - === Starting INCREMENTAL sync for database: Desserts ===
2025-10-07 11:11:07,913 - INFO - [INCR SYNC] dbo.Cakes: row_count=5, sync_col=CakeID, last_value=None
2025-10-07 11:11:08,120 - INFO - Schema 'localhost_Desserts' created/verified successfully
2025-10-07 11:11:08,402 - INFO - Last value is None for dbo.Cakes, using hash-based deduplication
2025-10-07 11:11:08,459 - INFO - No new rows found for dbo.Cakes
2025-10-07 11:11:08,725 - INFO - [INCR SYNC] dbo.IceCream_Flavors: row_count=5, sync_col=IceCreamID, last_value=None
2025-10-07 11:11:08,798 - INFO - Schema 'localhost_Desserts' created/verified successfully
2025-10-07 11:11:09,061 - INFO - Last value is None for dbo.IceCream_Flavors, using hash-based deduplication
2025-10-07 11:11:09,093 - INFO - No new rows found for dbo.IceCream_Flavors
2025-10-07 11:11:09,380 - INFO - [INCR SYNC] sys.trace_xe_action_map: row_count=22, sync_col=None, last_value=None
2025-10-07 11:11:09,610 - INFO - [INCR SYNC] sys.trace_xe_event_map: row_count=139, sync_col=None, last_value=None
2025-10-07 11:11:09,611 - INFO - === INCREMENTAL sync completed for Desserts, 4/4 tables processed ===
2025-10-07 11:11:09,616 - INFO - server1/Desserts: processed 4 tables
2025-10-07 11:11:09,618 - INFO - DATABASE START: server1/Italian_Food
2025-10-07 11:11:09,619 - INFO - Cleaned up system table: localhost_Italian_Food.sys_trace_xe_event_map
2025-10-07 11:11:09,621 - INFO - Cleaned up system table: localhost_Italian_Food.sys_trace_xe_action_map
2025-10-07 11:11:09,624 - INFO - === Starting INCREMENTAL sync for database: Italian_Food ===
2025-10-07 11:11:10,043 - INFO - [INCR SYNC] dbo.Pasta_Dishes: row_count=5, sync_col=DishID, last_value=None
2025-10-07 11:11:10,347 - INFO - Schema 'localhost_Italian_Food' created/verified successfully
2025-10-07 11:11:10,587 - INFO - Last value is None for dbo.Pasta_Dishes, using hash-based deduplication
2025-10-07 11:11:10,618 - INFO - No new rows found for dbo.Pasta_Dishes
2025-10-07 11:11:10,850 - INFO - [INCR SYNC] dbo.Pizza_Items: row_count=5, sync_col=PizzaID, last_value=None
2025-10-07 11:11:10,907 - INFO - Schema 'localhost_Italian_Food' created/verified successfully
2025-10-07 11:11:11,145 - INFO - Last value is None for dbo.Pizza_Items, using hash-based deduplication
2025-10-07 11:11:11,203 - INFO - No new rows found for dbo.Pizza_Items
2025-10-07 11:11:11,480 - INFO - [INCR SYNC] sys.trace_xe_action_map: row_count=22, sync_col=None, last_value=None
2025-10-07 11:11:11,750 - INFO - [INCR SYNC] sys.trace_xe_event_map: row_count=139, sync_col=None, last_value=None
2025-10-07 11:11:11,751 - INFO - === INCREMENTAL sync completed for Italian_Food, 4/4 tables processed ===
2025-10-07 11:11:11,756 - INFO - server1/Italian_Food: processed 4 tables
2025-10-07 11:11:11,759 - INFO - DATABASE START: server1/Mexican_Food
2025-10-07 11:11:11,761 - INFO - Cleaned up system table: localhost_Mexican_Food.sys_trace_xe_event_map
2025-10-07 11:11:11,763 - INFO - Cleaned up system table: localhost_Mexican_Food.sys_trace_xe_action_map
2025-10-07 11:11:11,776 - INFO - === Starting INCREMENTAL sync for database: Mexican_Food ===
2025-10-07 11:11:12,507 - INFO - [INCR SYNC] dbo.Burritos: row_count=5, sync_col=BurritoID, last_value=None
2025-10-07 11:11:12,866 - INFO - Schema 'localhost_Mexican_Food' created/verified successfully
2025-10-07 11:11:13,140 - INFO - Last value is None for dbo.Burritos, using hash-based deduplication
2025-10-07 11:11:13,187 - INFO - No new rows found for dbo.Burritos
2025-10-07 11:11:13,460 - INFO - [INCR SYNC] dbo.Tacos: row_count=5, sync_col=TacoID, last_value=None
2025-10-07 11:11:13,560 - INFO - Schema 'localhost_Mexican_Food' created/verified successfully
2025-10-07 11:11:13,794 - INFO - Last value is None for dbo.Tacos, using hash-based deduplication
2025-10-07 11:11:13,829 - INFO - No new rows found for dbo.Tacos
2025-10-07 11:11:14,110 - INFO - [INCR SYNC] sys.trace_xe_action_map: row_count=22, sync_col=None, last_value=None
2025-10-07 11:11:14,387 - INFO - [INCR SYNC] sys.trace_xe_event_map: row_count=139, sync_col=None, last_value=None
2025-10-07 11:11:14,388 - INFO - === INCREMENTAL sync completed for Mexican_Food, 4/4 tables processed ===
2025-10-07 11:11:14,391 - INFO - server1/Mexican_Food: processed 4 tables
2025-10-07 11:11:14,393 - INFO - DATABASE START: server1/SampleDB
2025-10-07 11:11:14,394 - INFO - Cleaned up system table: localhost_SampleDB.sys_trace_xe_event_map
2025-10-07 11:11:14,395 - INFO - Cleaned up system table: localhost_SampleDB.sys_trace_xe_action_map
2025-10-07 11:11:16,416 - ERROR - Error processing server1: ('28000', '[28000] [Microsoft][ODBC Driver 17 for SQL Server][SQL Server]Login failed for user \'sa\'. (18456) (SQLDriverConnect); [28000] [Microsoft][ODBC Driver 17 for SQL Server][SQL Server]Cannot open database "SampleDB" requested by the login. The login failed. (4060); [28000] [Microsoft][ODBC Driver 17 for SQL Server]Invalid connection string attribute (0); [28000] [Microsoft][ODBC Driver 17 for SQL Server][SQL Server]Login failed for user \'sa\'. (18456); [28000] [Microsoft][ODBC Driver 17 for SQL Server][SQL Server]Cannot open database "SampleDB" requested by the login. The login failed. (4060); [28000] [Microsoft][ODBC Driver 17 for SQL Server]Invalid connection string attribute (0)')
2025-10-07 11:11:16,417 - ERROR - [SYNC-ASYNC FAILED] Background sync failed for server1: ('28000', '[28000] [Microsoft][ODBC Driver 17 for SQL Server][SQL Server]Login failed for user \'sa\'. (18456) (SQLDriverConnect); [28000] [Microsoft][ODBC Driver 17 for SQL Server][SQL Server]Cannot open database "SampleDB" requested by the login. The login failed. (4060); [28000] [Microsoft][ODBC Driver 17 for SQL Server]Invalid connection string attribute (0); [28000] [Microsoft][ODBC Driver 17 for SQL Server][SQL Server]Login failed for user \'sa\'. (18456); [28000] [Microsoft][ODBC Driver 17 for SQL Server][SQL Server]Cannot open database "SampleDB" requested by the login. The login failed. (4060); [28000] [Microsoft][ODBC Driver 17 for SQL Server]Invalid connection string attribute (0)')
Traceback (most recent call last):
  File "C:\Users\SaadSayyed\Desktop\nitin_sir_7\nitin_sir5\app.py", line 354, in _worker
    process_sql_server_hybrid(server_name, server_conf)
  File "C:\Users\SaadSayyed\Desktop\nitin_sir_7\nitin_sir5\hybrid_sync.py", line 871, in process_sql_server_hybrid
    db_conn = get_sql_connection(server_conf, db_name)
              ^^^^^^^^^^^^^^^^^^^^^^^^^^^^^^^^^^^^^^^^
  File "C:\Users\SaadSayyed\Desktop\nitin_sir_7\nitin_sir5\hybrid_sync.py", line 89, in get_sql_connection
    return pyodbc.connect(conn_str)
           ^^^^^^^^^^^^^^^^^^^^^^^^
pyodbc.InterfaceError: ('28000', '[28000] [Microsoft][ODBC Driver 17 for SQL Server][SQL Server]Login failed for user \'sa\'. (18456) (SQLDriverConnect); [28000] [Microsoft][ODBC Driver 17 for SQL Server][SQL Server]Cannot open database "SampleDB" requested by the login. The login failed. (4060); [28000] [Microsoft][ODBC Driver 17 for SQL Server]Invalid connection string attribute (0); [28000] [Microsoft][ODBC Driver 17 for SQL Server][SQL Server]Login failed for user \'sa\'. (18456); [28000] [Microsoft][ODBC Driver 17 for SQL Server][SQL Server]Cannot open database "SampleDB" requested by the login. The login failed. (4060); [28000] [Microsoft][ODBC Driver 17 for SQL Server]Invalid connection string attribute (0)')
2025-10-07 11:12:07,386 - INFO - [REQ] GET /dashboard - 127.0.0.1
2025-10-07 11:12:07,387 - INFO - [DEBUG] Checking auth for /dashboard - username=admin, role=admin, ip=127.0.0.1
2025-10-07 11:12:07,387 - INFO - [AUTH] Authenticated access: admin (admin) to /dashboard
2025-10-07 11:12:07,539 - INFO - [RESP] GET /dashboard - 200
2025-10-07 11:12:07,541 - INFO - 127.0.0.1 - - [07/Oct/2025 11:12:07] "GET /dashboard HTTP/1.1" 200 -
2025-10-07 11:12:07,635 - INFO - [REQ] GET /static/actin-logo.png - 127.0.0.1
2025-10-07 11:12:07,636 - INFO - [RESP] GET /static/actin-logo.png - 304
2025-10-07 11:12:07,638 - INFO - 127.0.0.1 - - [07/Oct/2025 11:12:07] "[36mGET /static/actin-logo.png HTTP/1.1[0m" 304 -
2025-10-07 11:12:13,119 - INFO - [REQ] GET /dashboard/data - 127.0.0.1
2025-10-07 11:12:13,121 - INFO - [DEBUG] Checking auth for /dashboard/data - username=admin, role=admin, ip=127.0.0.1
2025-10-07 11:12:13,122 - INFO - [AUTH] Authenticated access: admin (admin) to /dashboard/data
2025-10-07 11:12:13,247 - INFO - [RESP] GET /dashboard/data - 200
2025-10-07 11:12:13,248 - INFO - 127.0.0.1 - - [07/Oct/2025 11:12:13] "GET /dashboard/data HTTP/1.1" 200 -
2025-10-07 11:12:15,556 - INFO - [REQ] GET /view-schedules - 127.0.0.1
2025-10-07 11:12:15,558 - INFO - [DEBUG] Checking auth for /view-schedules - username=admin, role=admin, ip=127.0.0.1
2025-10-07 11:12:15,558 - INFO - [AUTH] Authenticated access: admin (admin) to /view-schedules
2025-10-07 11:12:15,712 - INFO - [RESP] GET /view-schedules - 200
2025-10-07 11:12:15,712 - INFO - 127.0.0.1 - - [07/Oct/2025 11:12:15] "GET /view-schedules HTTP/1.1" 200 -
2025-10-07 11:12:15,881 - INFO - [REQ] GET /static/actin-logo.png - 127.0.0.1
2025-10-07 11:12:15,882 - INFO - [RESP] GET /static/actin-logo.png - 304
2025-10-07 11:12:15,884 - INFO - 127.0.0.1 - - [07/Oct/2025 11:12:15] "[36mGET /static/actin-logo.png HTTP/1.1[0m" 304 -
2025-10-07 11:12:16,243 - INFO - [REQ] GET /api/job-statuses - 127.0.0.1
2025-10-07 11:12:16,244 - INFO - [DEBUG] Checking auth for /api/job-statuses - username=admin, role=admin, ip=127.0.0.1
2025-10-07 11:12:16,245 - INFO - [AUTH] Authenticated access: admin (admin) to /api/job-statuses
2025-10-07 11:12:16,246 - INFO - [RESP] GET /api/job-statuses - 404
2025-10-07 11:12:16,248 - INFO - 127.0.0.1 - - [07/Oct/2025 11:12:16] "[33mGET /api/job-statuses HTTP/1.1[0m" 404 -
2025-10-07 11:12:16,786 - INFO - [REQ] GET /sync-summary - 127.0.0.1
2025-10-07 11:12:16,786 - INFO - [DEBUG] Checking auth for /sync-summary - username=admin, role=admin, ip=127.0.0.1
2025-10-07 11:12:16,788 - INFO - [AUTH] Authenticated access: admin (admin) to /sync-summary
2025-10-07 11:12:16,788 - INFO - Cache expired for all_servers
2025-10-07 11:12:16,789 - INFO - Cache expired for individual:server1
2025-10-07 11:12:17,795 - INFO - Cache expired for pgdb:saaddb88
2025-10-07 11:12:17,870 - INFO - [RESP] GET /sync-summary - 200
2025-10-07 11:12:17,870 - INFO - 127.0.0.1 - - [07/Oct/2025 11:12:17] "GET /sync-summary HTTP/1.1" 200 -
2025-10-07 11:12:17,889 - INFO - [REQ] GET /static/actin-logo.png - 127.0.0.1
2025-10-07 11:12:17,890 - INFO - [RESP] GET /static/actin-logo.png - 304
2025-10-07 11:12:17,892 - INFO - 127.0.0.1 - - [07/Oct/2025 11:12:17] "[36mGET /static/actin-logo.png HTTP/1.1[0m" 304 -
2025-10-07 11:12:18,361 - INFO - [REQ] GET /sync-summary/quick.json - 127.0.0.1
2025-10-07 11:12:18,362 - INFO - [DEBUG] Checking auth for /sync-summary/quick.json - username=admin, role=admin, ip=127.0.0.1
2025-10-07 11:12:18,364 - INFO - [AUTH] Authenticated access: admin (admin) to /sync-summary/quick.json
2025-10-07 11:12:18,364 - INFO - Cache hit for all_servers
2025-10-07 11:12:18,365 - INFO - [RESP] GET /sync-summary/quick.json - 200
2025-10-07 11:12:18,368 - INFO - 127.0.0.1 - - [07/Oct/2025 11:12:18] "GET /sync-summary/quick.json HTTP/1.1" 200 -
2025-10-07 11:12:23,819 - INFO - [REQ] GET /sync-summary/server1 - 127.0.0.1
2025-10-07 11:12:23,820 - INFO - [DEBUG] Checking auth for /sync-summary/server1 - username=admin, role=admin, ip=127.0.0.1
2025-10-07 11:12:23,821 - INFO - [AUTH] Authenticated access: admin (admin) to /sync-summary/server1
2025-10-07 11:12:23,822 - INFO - Cache hit for individual:server1
2025-10-07 11:12:24,968 - INFO - [RESP] GET /sync-summary/server1 - 200
2025-10-07 11:12:24,970 - INFO - 127.0.0.1 - - [07/Oct/2025 11:12:24] "GET /sync-summary/server1 HTTP/1.1" 200 -
2025-10-07 11:12:25,009 - INFO - [REQ] GET /static/actin-logo.png - 127.0.0.1
2025-10-07 11:12:25,011 - INFO - [RESP] GET /static/actin-logo.png - 304
2025-10-07 11:12:25,013 - INFO - 127.0.0.1 - - [07/Oct/2025 11:12:25] "[36mGET /static/actin-logo.png HTTP/1.1[0m" 304 -
2025-10-07 11:15:25,722 - INFO -  * Detected change in 'C:\\Users\\SaadSayyed\\Desktop\\nitin_sir_7\\nitin_sir5\\hybrid_sync.py', reloading
2025-10-07 11:15:26,125 - INFO -  * Restarting with stat
2025-10-07 11:15:26,594 - INFO -  * Detected change in 'C:\\Users\\SaadSayyed\\Desktop\\nitin_sir_7\\nitin_sir5\\hybrid_sync.py', reloading
2025-10-07 11:15:27,154 - INFO -  * Restarting with stat
2025-10-07 11:15:27,607 - INFO - [INIT] Initializing Flask application...
2025-10-07 11:15:27,607 - INFO - [CONFIG] Loading configuration...
2025-10-07 11:15:27,607 - INFO - [AUTH] Authentication system ready
2025-10-07 11:15:27,607 - INFO - [DATABASE] Database connections configured
2025-10-07 11:15:27,608 - INFO - [SCHEDULER] Scheduler system active
2025-10-07 11:15:27,608 - INFO - [STARTUP] Application startup complete!
2025-10-07 11:15:27,623 - WARNING -  * Debugger is active!
2025-10-07 11:15:27,625 - INFO -  * Debugger PIN: 499-062-501
2025-10-07 11:15:28,370 - INFO - [INIT] Initializing Flask application...
2025-10-07 11:15:28,370 - INFO - [CONFIG] Loading configuration...
2025-10-07 11:15:28,371 - INFO - [AUTH] Authentication system ready
2025-10-07 11:15:28,371 - INFO - [DATABASE] Database connections configured
2025-10-07 11:15:28,371 - INFO - [SCHEDULER] Scheduler system active
2025-10-07 11:15:28,372 - INFO - [STARTUP] Application startup complete!
2025-10-07 11:15:28,385 - WARNING -  * Debugger is active!
2025-10-07 11:15:28,387 - INFO -  * Debugger PIN: 499-062-501
2025-10-07 11:17:16,545 - INFO -  * Detected change in 'C:\\Users\\SaadSayyed\\Desktop\\nitin_sir_7\\nitin_sir5\\dashboard.py', reloading
2025-10-07 11:17:16,802 - INFO -  * Restarting with stat
2025-10-07 11:17:16,812 - INFO -  * Detected change in 'C:\\Users\\SaadSayyed\\Desktop\\nitin_sir_7\\nitin_sir5\\dashboard.py', reloading
2025-10-07 11:17:17,058 - INFO -  * Restarting with stat
2025-10-07 11:17:18,044 - INFO - [INIT] Initializing Flask application...
2025-10-07 11:17:18,044 - INFO - [CONFIG] Loading configuration...
2025-10-07 11:17:18,044 - INFO - [AUTH] Authentication system ready
2025-10-07 11:17:18,044 - INFO - [DATABASE] Database connections configured
2025-10-07 11:17:18,045 - INFO - [SCHEDULER] Scheduler system active
2025-10-07 11:17:18,045 - INFO - [STARTUP] Application startup complete!
2025-10-07 11:17:18,056 - WARNING -  * Debugger is active!
2025-10-07 11:17:18,058 - INFO -  * Debugger PIN: 499-062-501
2025-10-07 11:17:18,177 - INFO - [INIT] Initializing Flask application...
2025-10-07 11:17:18,178 - INFO - [CONFIG] Loading configuration...
2025-10-07 11:17:18,179 - INFO - [AUTH] Authentication system ready
2025-10-07 11:17:18,179 - INFO - [DATABASE] Database connections configured
2025-10-07 11:17:18,179 - INFO - [SCHEDULER] Scheduler system active
2025-10-07 11:17:18,179 - INFO - [STARTUP] Application startup complete!
2025-10-07 11:17:18,188 - WARNING -  * Debugger is active!
2025-10-07 11:17:18,190 - INFO -  * Debugger PIN: 499-062-501
2025-10-07 11:17:26,381 - INFO -  * Detected change in 'C:\\Users\\SaadSayyed\\Desktop\\nitin_sir_7\\nitin_sir5\\app.py', reloading
2025-10-07 11:17:26,490 - INFO -  * Detected change in 'C:\\Users\\SaadSayyed\\Desktop\\nitin_sir_7\\nitin_sir5\\app.py', reloading
2025-10-07 11:17:26,616 - INFO -  * Restarting with stat
2025-10-07 11:17:26,768 - INFO -  * Restarting with stat
2025-10-07 11:17:27,914 - INFO - [INIT] Initializing Flask application...
2025-10-07 11:17:27,915 - INFO - [CONFIG] Loading configuration...
2025-10-07 11:17:27,915 - INFO - [AUTH] Authentication system ready
2025-10-07 11:17:27,916 - INFO - [DATABASE] Database connections configured
2025-10-07 11:17:27,916 - INFO - [SCHEDULER] Scheduler system active
2025-10-07 11:17:27,917 - INFO - [STARTUP] Application startup complete!
2025-10-07 11:17:27,930 - WARNING -  * Debugger is active!
2025-10-07 11:17:27,931 - INFO -  * Debugger PIN: 499-062-501
2025-10-07 11:17:27,969 - INFO - [INIT] Initializing Flask application...
2025-10-07 11:17:27,969 - INFO - [CONFIG] Loading configuration...
2025-10-07 11:17:27,969 - INFO - [AUTH] Authentication system ready
2025-10-07 11:17:27,969 - INFO - [DATABASE] Database connections configured
2025-10-07 11:17:27,969 - INFO - [SCHEDULER] Scheduler system active
2025-10-07 11:17:27,970 - INFO - [STARTUP] Application startup complete!
2025-10-07 11:17:27,979 - WARNING -  * Debugger is active!
2025-10-07 11:17:27,981 - INFO -  * Debugger PIN: 499-062-501
2025-10-07 11:32:44,747 - INFO -  * Detected change in 'C:\\Users\\SaadSayyed\\Desktop\\nitin_sir_7\\nitin_sir5\\run_sync_worker.py', reloading
2025-10-07 11:32:44,760 - INFO -  * Detected change in 'C:\\Users\\SaadSayyed\\Desktop\\nitin_sir_7\\nitin_sir5\\run_sync_worker.py', reloading
2025-10-07 11:32:45,030 - INFO -  * Restarting with stat
2025-10-07 11:32:45,043 - INFO -  * Restarting with stat
2025-10-07 11:32:51,684 - INFO - [INIT] Initializing Flask application...
2025-10-07 11:32:51,685 - INFO - [CONFIG] Loading configuration...
2025-10-07 11:32:51,685 - INFO - [AUTH] Authentication system ready
2025-10-07 11:32:51,687 - INFO - [DATABASE] Database connections configured
2025-10-07 11:32:51,687 - INFO - [SCHEDULER] Scheduler system active
2025-10-07 11:32:51,688 - INFO - [STARTUP] Application startup complete!
2025-10-07 11:32:51,729 - WARNING -  * Debugger is active!
2025-10-07 11:32:51,730 - INFO - [INIT] Initializing Flask application...
2025-10-07 11:32:51,731 - INFO - [CONFIG] Loading configuration...
2025-10-07 11:32:51,731 - INFO - [AUTH] Authentication system ready
2025-10-07 11:32:51,732 - INFO - [DATABASE] Database connections configured
2025-10-07 11:32:51,732 - INFO - [SCHEDULER] Scheduler system active
2025-10-07 11:32:51,732 - INFO - [STARTUP] Application startup complete!
2025-10-07 11:32:51,735 - INFO -  * Debugger PIN: 499-062-501
2025-10-07 11:32:51,763 - WARNING -  * Debugger is active!
2025-10-07 11:32:51,771 - INFO -  * Debugger PIN: 499-062-501
2025-10-07 11:32:53,919 - INFO -  * Detected change in 'C:\\Users\\SaadSayyed\\Desktop\\nitin_sir_7\\nitin_sir5\\app.py', reloading
2025-10-07 11:32:53,956 - INFO -  * Detected change in 'C:\\Users\\SaadSayyed\\Desktop\\nitin_sir_7\\nitin_sir5\\app.py', reloading
2025-10-07 11:32:54,164 - INFO -  * Restarting with stat
2025-10-07 11:32:54,221 - INFO -  * Restarting with stat
2025-10-07 11:32:55,657 - INFO - [INIT] Initializing Flask application...
2025-10-07 11:32:55,658 - INFO - [CONFIG] Loading configuration...
2025-10-07 11:32:55,658 - INFO - [AUTH] Authentication system ready
2025-10-07 11:32:55,658 - INFO - [DATABASE] Database connections configured
2025-10-07 11:32:55,658 - INFO - [SCHEDULER] Scheduler system active
2025-10-07 11:32:55,658 - INFO - [STARTUP] Application startup complete!
2025-10-07 11:32:55,670 - INFO - [INIT] Initializing Flask application...
2025-10-07 11:32:55,670 - INFO - [CONFIG] Loading configuration...
2025-10-07 11:32:55,671 - INFO - [AUTH] Authentication system ready
2025-10-07 11:32:55,671 - INFO - [DATABASE] Database connections configured
2025-10-07 11:32:55,672 - INFO - [SCHEDULER] Scheduler system active
2025-10-07 11:32:55,672 - INFO - [STARTUP] Application startup complete!
2025-10-07 11:32:55,678 - WARNING -  * Debugger is active!
2025-10-07 11:32:55,682 - INFO -  * Debugger PIN: 499-062-501
2025-10-07 11:32:55,690 - WARNING -  * Debugger is active!
2025-10-07 11:32:55,694 - INFO -  * Debugger PIN: 499-062-501
2025-10-07 11:33:19,789 - INFO -  * Detected change in 'C:\\Users\\SaadSayyed\\Desktop\\nitin_sir_7\\nitin_sir5\\dashboard.py', reloading
2025-10-07 11:33:19,794 - INFO -  * Detected change in 'C:\\Users\\SaadSayyed\\Desktop\\nitin_sir_7\\nitin_sir5\\dashboard.py', reloading
2025-10-07 11:33:20,026 - INFO -  * Restarting with stat
2025-10-07 11:33:20,031 - INFO -  * Restarting with stat
2025-10-07 11:33:21,276 - INFO - [INIT] Initializing Flask application...
2025-10-07 11:33:21,277 - INFO - [CONFIG] Loading configuration...
2025-10-07 11:33:21,277 - INFO - [AUTH] Authentication system ready
2025-10-07 11:33:21,277 - INFO - [DATABASE] Database connections configured
2025-10-07 11:33:21,278 - INFO - [SCHEDULER] Scheduler system active
2025-10-07 11:33:21,278 - INFO - [STARTUP] Application startup complete!
2025-10-07 11:33:21,291 - INFO - [INIT] Initializing Flask application...
2025-10-07 11:33:21,291 - INFO - [CONFIG] Loading configuration...
2025-10-07 11:33:21,292 - WARNING -  * Debugger is active!
2025-10-07 11:33:21,292 - INFO - [AUTH] Authentication system ready
2025-10-07 11:33:21,292 - INFO - [DATABASE] Database connections configured
2025-10-07 11:33:21,292 - INFO - [SCHEDULER] Scheduler system active
2025-10-07 11:33:21,292 - INFO - [STARTUP] Application startup complete!
2025-10-07 11:33:21,294 - INFO -  * Debugger PIN: 499-062-501
2025-10-07 11:33:21,304 - WARNING -  * Debugger is active!
2025-10-07 11:33:21,307 - INFO -  * Debugger PIN: 499-062-501
2025-10-07 11:34:04,298 - INFO -  * Detected change in 'C:\\Users\\SaadSayyed\\Desktop\\nitin_sir_7\\nitin_sir5\\app.py', reloading
2025-10-07 11:34:04,312 - INFO -  * Detected change in 'C:\\Users\\SaadSayyed\\Desktop\\nitin_sir_7\\nitin_sir5\\app.py', reloading
2025-10-07 11:34:04,666 - INFO -  * Restarting with stat
2025-10-07 11:34:04,690 - INFO -  * Restarting with stat
2025-10-07 11:34:05,894 - INFO - [INIT] Initializing Flask application...
2025-10-07 11:34:05,894 - INFO - [CONFIG] Loading configuration...
2025-10-07 11:34:05,895 - INFO - [AUTH] Authentication system ready
2025-10-07 11:34:05,895 - INFO - [DATABASE] Database connections configured
2025-10-07 11:34:05,895 - INFO - [SCHEDULER] Scheduler system active
2025-10-07 11:34:05,895 - INFO - [STARTUP] Application startup complete!
2025-10-07 11:34:05,899 - INFO - [INIT] Initializing Flask application...
2025-10-07 11:34:05,901 - INFO - [CONFIG] Loading configuration...
2025-10-07 11:34:05,901 - INFO - [AUTH] Authentication system ready
2025-10-07 11:34:05,901 - INFO - [DATABASE] Database connections configured
2025-10-07 11:34:05,901 - INFO - [SCHEDULER] Scheduler system active
2025-10-07 11:34:05,901 - INFO - [STARTUP] Application startup complete!
2025-10-07 11:34:05,906 - WARNING -  * Debugger is active!
2025-10-07 11:34:05,908 - INFO -  * Debugger PIN: 499-062-501
2025-10-07 11:34:05,911 - WARNING -  * Debugger is active!
2025-10-07 11:34:05,913 - INFO -  * Debugger PIN: 499-062-501
2025-10-07 11:34:17,404 - INFO -  * Detected change in 'C:\\Users\\SaadSayyed\\Desktop\\nitin_sir_7\\nitin_sir5\\app.py', reloading
2025-10-07 11:34:17,425 - INFO -  * Detected change in 'C:\\Users\\SaadSayyed\\Desktop\\nitin_sir_7\\nitin_sir5\\app.py', reloading
2025-10-07 11:34:17,753 - INFO -  * Restarting with stat
2025-10-07 11:34:17,789 - INFO -  * Restarting with stat
2025-10-07 11:37:23,881 - INFO - [INIT] Initializing Flask application...
2025-10-07 11:37:23,881 - INFO - [CONFIG] Loading configuration...
2025-10-07 11:37:23,882 - INFO - [AUTH] Authentication system ready
2025-10-07 11:37:23,882 - INFO - [DATABASE] Database connections configured
2025-10-07 11:37:23,882 - INFO - [SCHEDULER] Scheduler system active
2025-10-07 11:37:23,882 - INFO - [STARTUP] Application startup complete!
2025-10-07 11:37:23,924 - INFO - [31m[1mWARNING: This is a development server. Do not use it in a production deployment. Use a production WSGI server instead.[0m
 * Running on http://127.0.0.1:5000
2025-10-07 11:37:23,924 - INFO - [33mPress CTRL+C to quit[0m
2025-10-07 11:37:23,927 - INFO -  * Restarting with stat
2025-10-07 11:37:25,018 - INFO - [INIT] Initializing Flask application...
2025-10-07 11:37:25,018 - INFO - [CONFIG] Loading configuration...
2025-10-07 11:37:25,018 - INFO - [AUTH] Authentication system ready
2025-10-07 11:37:25,019 - INFO - [DATABASE] Database connections configured
2025-10-07 11:37:25,019 - INFO - [SCHEDULER] Scheduler system active
2025-10-07 11:37:25,019 - INFO - [STARTUP] Application startup complete!
2025-10-07 11:37:25,029 - WARNING -  * Debugger is active!
2025-10-07 11:37:25,032 - INFO -  * Debugger PIN: 499-062-501
2025-10-07 11:37:25,050 - INFO - [REQ] GET /login - 127.0.0.1
2025-10-07 11:37:25,107 - INFO - [RESP] GET /login - 200
2025-10-07 11:37:25,108 - INFO - 127.0.0.1 - - [07/Oct/2025 11:37:25] "GET /login HTTP/1.1" 200 -
2025-10-07 11:37:31,412 - INFO - [REQ] POST /login - 127.0.0.1
2025-10-07 11:37:32,048 - INFO - [LOGIN] Successful login: admin (admin) from 127.0.0.1
2025-10-07 11:37:32,049 - INFO - [RESP] POST /login - 302
2025-10-07 11:37:32,050 - INFO - 127.0.0.1 - - [07/Oct/2025 11:37:32] "[32mPOST /login HTTP/1.1[0m" 302 -
2025-10-07 11:37:32,059 - INFO - [REQ] GET / - 127.0.0.1
2025-10-07 11:37:32,059 - INFO - [DEBUG] Checking auth for / - username=admin, role=admin, ip=127.0.0.1
2025-10-07 11:37:32,059 - INFO - [AUTH] Authenticated access: admin (admin) to /
2025-10-07 11:37:32,059 - INFO - [HOME] Homepage accessed by user: admin
2025-10-07 11:37:32,061 - INFO - [INFO] Loaded 1 SQL servers for display
2025-10-07 11:37:32,169 - INFO - [RESP] GET / - 200
2025-10-07 11:37:32,171 - INFO - 127.0.0.1 - - [07/Oct/2025 11:37:32] "GET / HTTP/1.1" 200 -
2025-10-07 11:37:32,504 - INFO - [REQ] GET /sync_status/server1 - 127.0.0.1
2025-10-07 11:37:32,505 - INFO - [DEBUG] Checking auth for /sync_status/server1 - username=admin, role=admin, ip=127.0.0.1
2025-10-07 11:37:32,506 - INFO - [AUTH] Authenticated access: admin (admin) to /sync_status/server1
2025-10-07 11:37:32,619 - INFO - [RESP] GET /sync_status/server1 - 200
2025-10-07 11:37:32,621 - INFO - 127.0.0.1 - - [07/Oct/2025 11:37:32] "GET /sync_status/server1 HTTP/1.1" 200 -
2025-10-07 11:37:32,693 - INFO - [REQ] GET /static/actin-logo.png - 127.0.0.1
2025-10-07 11:37:32,914 - INFO - [RESP] GET /static/actin-logo.png - 304
2025-10-07 11:37:32,916 - INFO - 127.0.0.1 - - [07/Oct/2025 11:37:32] "[36mGET /static/actin-logo.png HTTP/1.1[0m" 304 -
2025-10-07 11:37:35,586 - INFO - [REQ] GET /sync_background/server1 - 127.0.0.1
2025-10-07 11:37:35,588 - INFO - [DEBUG] Checking auth for /sync_background/server1 - username=admin, role=admin, ip=127.0.0.1
2025-10-07 11:37:35,590 - INFO - [AUTH] Authenticated access: admin (admin) to /sync_background/server1
2025-10-07 11:37:35,591 - INFO - [SYNC-ASYNC START] Request to start background sync for: server1
2025-10-07 11:37:35,597 - INFO - [RESP] GET /sync_background/server1 - 202
2025-10-07 11:37:35,599 - INFO - 127.0.0.1 - - [07/Oct/2025 11:37:35] "[35m[1mGET /sync_background/server1 HTTP/1.1[0m" 202 -
2025-10-07 11:37:35,907 - INFO - [REQ] GET /sync_status/server1 - 127.0.0.1
2025-10-07 11:37:35,908 - INFO - [DEBUG] Checking auth for /sync_status/server1 - username=admin, role=admin, ip=127.0.0.1
2025-10-07 11:37:35,908 - INFO - [AUTH] Authenticated access: admin (admin) to /sync_status/server1
2025-10-07 11:37:35,987 - INFO - [RESP] GET /sync_status/server1 - 200
2025-10-07 11:37:35,988 - INFO - 127.0.0.1 - - [07/Oct/2025 11:37:35] "GET /sync_status/server1 HTTP/1.1" 200 -
2025-10-07 11:37:36,529 - INFO - [WORKER] Starting sync worker for: server1
2025-10-07 11:37:36,530 - INFO - MIGRATION STARTED for server1
2025-10-07 11:37:36,599 - INFO - Sync tracking table created/verified
2025-10-07 11:37:36,805 - INFO - Connected to SQL Server: localhost
2025-10-07 11:37:36,899 - INFO - Found 7 databases on localhost
2025-10-07 11:37:36,899 - INFO - DATABASE START: server1/American_Food
2025-10-07 11:37:36,902 - INFO - Cleaned up system table: localhost_American_Food.sys_trace_xe_event_map
2025-10-07 11:37:36,904 - INFO - Cleaned up system table: localhost_American_Food.sys_trace_xe_action_map
2025-10-07 11:37:36,990 - INFO - === Starting INCREMENTAL sync for database: American_Food ===
2025-10-07 11:37:37,480 - INFO - [INCR SYNC] dbo.Burgers: row_count=5, sync_col=BurgerID, last_value=None
2025-10-07 11:37:37,735 - INFO - Schema 'localhost_American_Food' created/verified successfully
2025-10-07 11:37:37,767 - INFO - Last value is None for dbo.Burgers, using hash-based deduplication
2025-10-07 11:37:37,785 - INFO - No new rows found for dbo.Burgers
2025-10-07 11:37:37,993 - INFO - [INCR SYNC] dbo.Sandwiches: row_count=5, sync_col=SandwichID, last_value=None
2025-10-07 11:37:38,034 - INFO - Schema 'localhost_American_Food' created/verified successfully
2025-10-07 11:37:38,042 - INFO - Last value is None for dbo.Sandwiches, using hash-based deduplication
2025-10-07 11:37:38,055 - INFO - No new rows found for dbo.Sandwiches
2025-10-07 11:37:38,238 - INFO - [INCR SYNC] sys.trace_xe_action_map: row_count=22, sync_col=None, last_value=None
2025-10-07 11:37:38,422 - INFO - [INCR SYNC] sys.trace_xe_event_map: row_count=139, sync_col=None, last_value=None
2025-10-07 11:37:38,422 - INFO - === INCREMENTAL sync completed for American_Food, 4/4 tables processed ===
2025-10-07 11:37:38,426 - INFO - server1/American_Food: processed 4 tables
2025-10-07 11:37:38,428 - INFO - DATABASE START: server1/Asian_Food
2025-10-07 11:37:38,429 - INFO - Cleaned up system table: localhost_Asian_Food.sys_trace_xe_event_map
2025-10-07 11:37:38,431 - INFO - Cleaned up system table: localhost_Asian_Food.sys_trace_xe_action_map
2025-10-07 11:37:38,477 - INFO - === Starting INCREMENTAL sync for database: Asian_Food ===
2025-10-07 11:37:38,800 - INFO - [INCR SYNC] dbo.Noodle_Dishes: row_count=5, sync_col=NoodleID, last_value=None
2025-10-07 11:37:38,941 - INFO - Schema 'localhost_Asian_Food' created/verified successfully
2025-10-07 11:37:38,951 - INFO - Last value is None for dbo.Noodle_Dishes, using hash-based deduplication
2025-10-07 11:37:38,966 - INFO - No new rows found for dbo.Noodle_Dishes
2025-10-07 11:37:39,166 - INFO - [INCR SYNC] dbo.Sushi_Items: row_count=5, sync_col=SushiID, last_value=None
2025-10-07 11:37:39,205 - INFO - Schema 'localhost_Asian_Food' created/verified successfully
2025-10-07 11:37:39,215 - INFO - Last value is None for dbo.Sushi_Items, using hash-based deduplication
2025-10-07 11:37:39,224 - INFO - No new rows found for dbo.Sushi_Items
2025-10-07 11:37:39,404 - INFO - [INCR SYNC] sys.trace_xe_action_map: row_count=22, sync_col=None, last_value=None
2025-10-07 11:37:39,594 - INFO - [INCR SYNC] sys.trace_xe_event_map: row_count=139, sync_col=None, last_value=None
2025-10-07 11:37:39,594 - INFO - === INCREMENTAL sync completed for Asian_Food, 4/4 tables processed ===
2025-10-07 11:37:39,595 - INFO - server1/Asian_Food: processed 4 tables
2025-10-07 11:37:39,596 - INFO - DATABASE START: server1/Desserts
2025-10-07 11:37:39,597 - INFO - Cleaned up system table: localhost_Desserts.sys_trace_xe_event_map
2025-10-07 11:37:39,597 - INFO - Cleaned up system table: localhost_Desserts.sys_trace_xe_action_map
2025-10-07 11:37:39,639 - INFO - === Starting INCREMENTAL sync for database: Desserts ===
2025-10-07 11:37:39,993 - INFO - [INCR SYNC] dbo.Cakes: row_count=5, sync_col=CakeID, last_value=None
2025-10-07 11:37:40,134 - INFO - Schema 'localhost_Desserts' created/verified successfully
2025-10-07 11:37:40,146 - INFO - Last value is None for dbo.Cakes, using hash-based deduplication
2025-10-07 11:37:40,157 - INFO - No new rows found for dbo.Cakes
2025-10-07 11:37:40,370 - INFO - [INCR SYNC] dbo.IceCream_Flavors: row_count=5, sync_col=IceCreamID, last_value=None
2025-10-07 11:37:40,410 - INFO - Schema 'localhost_Desserts' created/verified successfully
2025-10-07 11:37:40,419 - INFO - Last value is None for dbo.IceCream_Flavors, using hash-based deduplication
2025-10-07 11:37:40,427 - INFO - No new rows found for dbo.IceCream_Flavors
2025-10-07 11:37:40,607 - INFO - [INCR SYNC] sys.trace_xe_action_map: row_count=22, sync_col=None, last_value=None
2025-10-07 11:37:40,787 - INFO - [INCR SYNC] sys.trace_xe_event_map: row_count=139, sync_col=None, last_value=None
2025-10-07 11:37:40,788 - INFO - === INCREMENTAL sync completed for Desserts, 4/4 tables processed ===
2025-10-07 11:37:40,794 - INFO - server1/Desserts: processed 4 tables
2025-10-07 11:37:40,796 - INFO - DATABASE START: server1/Italian_Food
2025-10-07 11:37:40,797 - INFO - Cleaned up system table: localhost_Italian_Food.sys_trace_xe_event_map
2025-10-07 11:37:40,798 - INFO - Cleaned up system table: localhost_Italian_Food.sys_trace_xe_action_map
2025-10-07 11:37:40,844 - INFO - === Starting INCREMENTAL sync for database: Italian_Food ===
2025-10-07 11:37:41,190 - INFO - [INCR SYNC] dbo.Pasta_Dishes: row_count=5, sync_col=DishID, last_value=None
2025-10-07 11:37:41,327 - INFO - Schema 'localhost_Italian_Food' created/verified successfully
2025-10-07 11:37:41,335 - INFO - Last value is None for dbo.Pasta_Dishes, using hash-based deduplication
2025-10-07 11:37:41,343 - INFO - No new rows found for dbo.Pasta_Dishes
2025-10-07 11:37:41,547 - INFO - [INCR SYNC] dbo.Pizza_Items: row_count=5, sync_col=PizzaID, last_value=None
2025-10-07 11:37:41,584 - INFO - Schema 'localhost_Italian_Food' created/verified successfully
2025-10-07 11:37:41,595 - INFO - Last value is None for dbo.Pizza_Items, using hash-based deduplication
2025-10-07 11:37:41,605 - INFO - No new rows found for dbo.Pizza_Items
2025-10-07 11:37:41,795 - INFO - [INCR SYNC] sys.trace_xe_action_map: row_count=22, sync_col=None, last_value=None
2025-10-07 11:37:41,984 - INFO - [INCR SYNC] sys.trace_xe_event_map: row_count=139, sync_col=None, last_value=None
2025-10-07 11:37:41,984 - INFO - === INCREMENTAL sync completed for Italian_Food, 4/4 tables processed ===
2025-10-07 11:37:41,985 - INFO - server1/Italian_Food: processed 4 tables
2025-10-07 11:37:41,987 - INFO - DATABASE START: server1/Mexican_Food
2025-10-07 11:37:41,987 - INFO - Cleaned up system table: localhost_Mexican_Food.sys_trace_xe_event_map
2025-10-07 11:37:41,988 - INFO - Cleaned up system table: localhost_Mexican_Food.sys_trace_xe_action_map
2025-10-07 11:37:42,032 - INFO - === Starting INCREMENTAL sync for database: Mexican_Food ===
2025-10-07 11:37:42,371 - INFO - [INCR SYNC] dbo.Burritos: row_count=5, sync_col=BurritoID, last_value=None
2025-10-07 11:37:42,381 - INFO - [REQ] GET /sync_status/server1 - 127.0.0.1
2025-10-07 11:37:42,381 - INFO - [DEBUG] Checking auth for /sync_status/server1 - username=admin, role=admin, ip=127.0.0.1
2025-10-07 11:37:42,381 - INFO - [AUTH] Authenticated access: admin (admin) to /sync_status/server1
2025-10-07 11:37:42,484 - INFO - [RESP] GET /sync_status/server1 - 200
2025-10-07 11:37:42,484 - INFO - 127.0.0.1 - - [07/Oct/2025 11:37:42] "GET /sync_status/server1 HTTP/1.1" 200 -
2025-10-07 11:37:42,511 - INFO - Schema 'localhost_Mexican_Food' created/verified successfully
2025-10-07 11:37:42,519 - INFO - Last value is None for dbo.Burritos, using hash-based deduplication
2025-10-07 11:37:42,527 - INFO - No new rows found for dbo.Burritos
2025-10-07 11:37:42,719 - INFO - [INCR SYNC] dbo.Tacos: row_count=5, sync_col=TacoID, last_value=None
2025-10-07 11:37:42,753 - INFO - Schema 'localhost_Mexican_Food' created/verified successfully
2025-10-07 11:37:42,761 - INFO - Last value is None for dbo.Tacos, using hash-based deduplication
2025-10-07 11:37:42,771 - INFO - No new rows found for dbo.Tacos
2025-10-07 11:37:42,954 - INFO - [INCR SYNC] sys.trace_xe_action_map: row_count=22, sync_col=None, last_value=None
2025-10-07 11:37:43,141 - INFO - [INCR SYNC] sys.trace_xe_event_map: row_count=139, sync_col=None, last_value=None
2025-10-07 11:37:43,141 - INFO - === INCREMENTAL sync completed for Mexican_Food, 4/4 tables processed ===
2025-10-07 11:37:43,141 - INFO - server1/Mexican_Food: processed 4 tables
2025-10-07 11:37:43,142 - INFO - DATABASE START: server1/SampleDB1
2025-10-07 11:37:43,143 - INFO - Cleaned up system table: localhost_SampleDB1.sys_trace_xe_event_map
2025-10-07 11:37:43,143 - INFO - Cleaned up system table: localhost_SampleDB1.sys_trace_xe_action_map
2025-10-07 11:37:43,187 - INFO - === Starting FULL sync for database: SampleDB1 ===
2025-10-07 11:37:43,409 - INFO - [FULL SYNC] Processing dbo.Customers
2025-10-07 11:37:43,477 - INFO - Schema 'localhost_SampleDB1' created/verified successfully
2025-10-07 11:37:43,501 - INFO - Created table 'localhost_SampleDB1.dbo_Customers' with proper data types
2025-10-07 11:37:43,516 - WARNING - Could not get PK info for dbo.Customers: 'pyodbc.Cursor' object has no attribute 'cursor'
2025-10-07 11:37:43,516 - WARNING - Could not get timestamp column for dbo.Customers: 'pyodbc.Cursor' object has no attribute 'cursor'
2025-10-07 11:37:43,516 - WARNING - Could not get unique identifier column for dbo.Customers: 'pyodbc.Cursor' object has no attribute 'cursor'
2025-10-07 11:37:43,519 - INFO - [FULL SYNC] Processing sys.trace_xe_action_map
2025-10-07 11:37:43,519 - INFO - [FULL SYNC] Processing sys.trace_xe_event_map
2025-10-07 11:37:43,519 - INFO - === FULL sync completed for SampleDB1, 3/3 tables processed ===
2025-10-07 11:37:43,520 - INFO - server1/SampleDB1: processed 3 tables
2025-10-07 11:37:43,521 - INFO - DATABASE START: server1/SampleDB2
2025-10-07 11:37:43,523 - INFO - Cleaned up system table: localhost_SampleDB2.sys_trace_xe_event_map
2025-10-07 11:37:43,523 - INFO - Cleaned up system table: localhost_SampleDB2.sys_trace_xe_action_map
2025-10-07 11:37:43,570 - INFO - === Starting FULL sync for database: SampleDB2 ===
2025-10-07 11:37:43,815 - INFO - [FULL SYNC] Processing dbo.Customers
2025-10-07 11:37:43,879 - INFO - Schema 'localhost_SampleDB2' created/verified successfully
2025-10-07 11:37:43,892 - INFO - Created table 'localhost_SampleDB2.dbo_Customers' with proper data types
2025-10-07 11:37:43,905 - WARNING - Could not get PK info for dbo.Customers: 'pyodbc.Cursor' object has no attribute 'cursor'
2025-10-07 11:37:43,905 - WARNING - Could not get timestamp column for dbo.Customers: 'pyodbc.Cursor' object has no attribute 'cursor'
2025-10-07 11:37:43,905 - WARNING - Could not get unique identifier column for dbo.Customers: 'pyodbc.Cursor' object has no attribute 'cursor'
2025-10-07 11:37:43,907 - INFO - [FULL SYNC] Processing sys.trace_xe_action_map
2025-10-07 11:37:43,907 - INFO - [FULL SYNC] Processing sys.trace_xe_event_map
2025-10-07 11:37:43,907 - INFO - === FULL sync completed for SampleDB2, 3/3 tables processed ===
2025-10-07 11:37:43,909 - INFO - server1/SampleDB2: processed 3 tables
2025-10-07 11:37:43,911 - INFO - Completed server1
2025-10-07 11:37:43,911 - INFO - [WORKER] Completed sync for: server1
2025-10-07 11:37:49,327 - INFO - [REQ] GET /sync_background/server1 - 127.0.0.1
2025-10-07 11:37:49,327 - INFO - [DEBUG] Checking auth for /sync_background/server1 - username=admin, role=admin, ip=127.0.0.1
2025-10-07 11:37:49,328 - INFO - [AUTH] Authenticated access: admin (admin) to /sync_background/server1
2025-10-07 11:37:49,328 - INFO - [SYNC-ASYNC START] Request to start background sync for: server1
2025-10-07 11:37:49,336 - INFO - [RESP] GET /sync_background/server1 - 202
2025-10-07 11:37:49,339 - INFO - 127.0.0.1 - - [07/Oct/2025 11:37:49] "[35m[1mGET /sync_background/server1 HTTP/1.1[0m" 202 -
2025-10-07 11:37:49,596 - INFO - [REQ] GET /sync_status/server1 - 127.0.0.1
2025-10-07 11:37:49,597 - INFO - [DEBUG] Checking auth for /sync_status/server1 - username=admin, role=admin, ip=127.0.0.1
2025-10-07 11:37:49,598 - INFO - [AUTH] Authenticated access: admin (admin) to /sync_status/server1
2025-10-07 11:37:49,700 - INFO - [RESP] GET /sync_status/server1 - 200
2025-10-07 11:37:49,701 - INFO - 127.0.0.1 - - [07/Oct/2025 11:37:49] "GET /sync_status/server1 HTTP/1.1" 200 -
2025-10-07 11:37:50,284 - INFO - [WORKER] Starting sync worker for: server1
2025-10-07 11:37:50,284 - INFO - MIGRATION STARTED for server1
2025-10-07 11:37:50,355 - INFO - Sync tracking table created/verified
2025-10-07 11:37:50,384 - INFO - Connected to SQL Server: localhost
2025-10-07 11:37:50,386 - INFO - Found 7 databases on localhost
2025-10-07 11:37:50,386 - INFO - DATABASE START: server1/American_Food
2025-10-07 11:37:50,387 - INFO - Cleaned up system table: localhost_American_Food.sys_trace_xe_event_map
2025-10-07 11:37:50,389 - INFO - Cleaned up system table: localhost_American_Food.sys_trace_xe_action_map
2025-10-07 11:37:50,423 - INFO - === Starting INCREMENTAL sync for database: American_Food ===
2025-10-07 11:37:50,435 - INFO - [INCR SYNC] dbo.Burgers: row_count=5, sync_col=BurgerID, last_value=None
2025-10-07 11:37:50,512 - INFO - Schema 'localhost_American_Food' created/verified successfully
2025-10-07 11:37:50,558 - INFO - Last value is None for dbo.Burgers, using hash-based deduplication
2025-10-07 11:37:50,573 - INFO - No new rows found for dbo.Burgers
2025-10-07 11:37:50,579 - INFO - [INCR SYNC] dbo.Sandwiches: row_count=5, sync_col=SandwichID, last_value=None
2025-10-07 11:37:50,585 - INFO - Schema 'localhost_American_Food' created/verified successfully
2025-10-07 11:37:50,592 - INFO - Last value is None for dbo.Sandwiches, using hash-based deduplication
2025-10-07 11:37:50,599 - INFO - No new rows found for dbo.Sandwiches
2025-10-07 11:37:50,601 - INFO - [INCR SYNC] sys.trace_xe_action_map: row_count=22, sync_col=None, last_value=None
2025-10-07 11:37:50,605 - INFO - [INCR SYNC] sys.trace_xe_event_map: row_count=139, sync_col=None, last_value=None
2025-10-07 11:37:50,605 - INFO - === INCREMENTAL sync completed for American_Food, 4/4 tables processed ===
2025-10-07 11:37:50,606 - INFO - server1/American_Food: processed 4 tables
2025-10-07 11:37:50,607 - INFO - DATABASE START: server1/Asian_Food
2025-10-07 11:37:50,607 - INFO - Cleaned up system table: localhost_Asian_Food.sys_trace_xe_event_map
2025-10-07 11:37:50,607 - INFO - Cleaned up system table: localhost_Asian_Food.sys_trace_xe_action_map
2025-10-07 11:37:50,616 - INFO - === Starting INCREMENTAL sync for database: Asian_Food ===
2025-10-07 11:37:50,625 - INFO - [INCR SYNC] dbo.Noodle_Dishes: row_count=5, sync_col=NoodleID, last_value=None
2025-10-07 11:37:50,643 - INFO - Schema 'localhost_Asian_Food' created/verified successfully
2025-10-07 11:37:50,653 - INFO - Last value is None for dbo.Noodle_Dishes, using hash-based deduplication
2025-10-07 11:37:50,661 - INFO - No new rows found for dbo.Noodle_Dishes
2025-10-07 11:37:50,664 - INFO - [INCR SYNC] dbo.Sushi_Items: row_count=5, sync_col=SushiID, last_value=None
2025-10-07 11:37:50,669 - INFO - Schema 'localhost_Asian_Food' created/verified successfully
2025-10-07 11:37:50,677 - INFO - Last value is None for dbo.Sushi_Items, using hash-based deduplication
2025-10-07 11:37:50,683 - INFO - No new rows found for dbo.Sushi_Items
2025-10-07 11:37:50,686 - INFO - [INCR SYNC] sys.trace_xe_action_map: row_count=22, sync_col=None, last_value=None
2025-10-07 11:37:50,689 - INFO - [INCR SYNC] sys.trace_xe_event_map: row_count=139, sync_col=None, last_value=None
2025-10-07 11:37:50,689 - INFO - === INCREMENTAL sync completed for Asian_Food, 4/4 tables processed ===
2025-10-07 11:37:50,689 - INFO - server1/Asian_Food: processed 4 tables
2025-10-07 11:37:50,691 - INFO - DATABASE START: server1/Desserts
2025-10-07 11:37:50,692 - INFO - Cleaned up system table: localhost_Desserts.sys_trace_xe_event_map
2025-10-07 11:37:50,692 - INFO - Cleaned up system table: localhost_Desserts.sys_trace_xe_action_map
2025-10-07 11:37:50,701 - INFO - === Starting INCREMENTAL sync for database: Desserts ===
2025-10-07 11:37:50,711 - INFO - [INCR SYNC] dbo.Cakes: row_count=5, sync_col=CakeID, last_value=None
2025-10-07 11:37:50,736 - INFO - Schema 'localhost_Desserts' created/verified successfully
2025-10-07 11:37:50,745 - INFO - Last value is None for dbo.Cakes, using hash-based deduplication
2025-10-07 11:37:50,752 - INFO - No new rows found for dbo.Cakes
2025-10-07 11:37:50,756 - INFO - [INCR SYNC] dbo.IceCream_Flavors: row_count=5, sync_col=IceCreamID, last_value=None
2025-10-07 11:37:50,761 - INFO - Schema 'localhost_Desserts' created/verified successfully
2025-10-07 11:37:50,766 - INFO - Last value is None for dbo.IceCream_Flavors, using hash-based deduplication
2025-10-07 11:37:50,773 - INFO - No new rows found for dbo.IceCream_Flavors
2025-10-07 11:37:50,776 - INFO - [INCR SYNC] sys.trace_xe_action_map: row_count=22, sync_col=None, last_value=None
2025-10-07 11:37:50,780 - INFO - [INCR SYNC] sys.trace_xe_event_map: row_count=139, sync_col=None, last_value=None
2025-10-07 11:37:50,780 - INFO - === INCREMENTAL sync completed for Desserts, 4/4 tables processed ===
2025-10-07 11:37:50,781 - INFO - server1/Desserts: processed 4 tables
2025-10-07 11:37:50,782 - INFO - DATABASE START: server1/Italian_Food
2025-10-07 11:37:50,783 - INFO - Cleaned up system table: localhost_Italian_Food.sys_trace_xe_event_map
2025-10-07 11:37:50,783 - INFO - Cleaned up system table: localhost_Italian_Food.sys_trace_xe_action_map
2025-10-07 11:37:50,792 - INFO - === Starting INCREMENTAL sync for database: Italian_Food ===
2025-10-07 11:37:50,802 - INFO - [INCR SYNC] dbo.Pasta_Dishes: row_count=5, sync_col=DishID, last_value=None
2025-10-07 11:37:50,821 - INFO - Schema 'localhost_Italian_Food' created/verified successfully
2025-10-07 11:37:50,830 - INFO - Last value is None for dbo.Pasta_Dishes, using hash-based deduplication
2025-10-07 11:37:50,839 - INFO - No new rows found for dbo.Pasta_Dishes
2025-10-07 11:37:50,844 - INFO - [INCR SYNC] dbo.Pizza_Items: row_count=5, sync_col=PizzaID, last_value=None
2025-10-07 11:37:50,851 - INFO - Schema 'localhost_Italian_Food' created/verified successfully
2025-10-07 11:37:50,856 - INFO - Last value is None for dbo.Pizza_Items, using hash-based deduplication
2025-10-07 11:37:50,864 - INFO - No new rows found for dbo.Pizza_Items
2025-10-07 11:37:50,867 - INFO - [INCR SYNC] sys.trace_xe_action_map: row_count=22, sync_col=None, last_value=None
2025-10-07 11:37:50,872 - INFO - [INCR SYNC] sys.trace_xe_event_map: row_count=139, sync_col=None, last_value=None
2025-10-07 11:37:50,872 - INFO - === INCREMENTAL sync completed for Italian_Food, 4/4 tables processed ===
2025-10-07 11:37:50,872 - INFO - server1/Italian_Food: processed 4 tables
2025-10-07 11:37:50,873 - INFO - DATABASE START: server1/Mexican_Food
2025-10-07 11:37:50,874 - INFO - Cleaned up system table: localhost_Mexican_Food.sys_trace_xe_event_map
2025-10-07 11:37:50,874 - INFO - Cleaned up system table: localhost_Mexican_Food.sys_trace_xe_action_map
2025-10-07 11:37:50,884 - INFO - === Starting INCREMENTAL sync for database: Mexican_Food ===
2025-10-07 11:37:50,892 - INFO - [INCR SYNC] dbo.Burritos: row_count=5, sync_col=BurritoID, last_value=None
2025-10-07 11:37:50,910 - INFO - Schema 'localhost_Mexican_Food' created/verified successfully
2025-10-07 11:37:50,918 - INFO - Last value is None for dbo.Burritos, using hash-based deduplication
2025-10-07 11:37:50,924 - INFO - No new rows found for dbo.Burritos
2025-10-07 11:37:50,927 - INFO - [INCR SYNC] dbo.Tacos: row_count=5, sync_col=TacoID, last_value=None
2025-10-07 11:37:50,931 - INFO - Schema 'localhost_Mexican_Food' created/verified successfully
2025-10-07 11:37:50,937 - INFO - Last value is None for dbo.Tacos, using hash-based deduplication
2025-10-07 11:37:50,943 - INFO - No new rows found for dbo.Tacos
2025-10-07 11:37:50,946 - INFO - [INCR SYNC] sys.trace_xe_action_map: row_count=22, sync_col=None, last_value=None
2025-10-07 11:37:50,949 - INFO - [INCR SYNC] sys.trace_xe_event_map: row_count=139, sync_col=None, last_value=None
2025-10-07 11:37:50,949 - INFO - === INCREMENTAL sync completed for Mexican_Food, 4/4 tables processed ===
2025-10-07 11:37:50,951 - INFO - server1/Mexican_Food: processed 4 tables
2025-10-07 11:37:50,951 - INFO - DATABASE START: server1/SampleDB1
2025-10-07 11:37:50,952 - INFO - Cleaned up system table: localhost_SampleDB1.sys_trace_xe_event_map
2025-10-07 11:37:50,953 - INFO - Cleaned up system table: localhost_SampleDB1.sys_trace_xe_action_map
2025-10-07 11:37:50,962 - INFO - === Starting INCREMENTAL sync for database: SampleDB1 ===
2025-10-07 11:37:51,177 - INFO - [INCR SYNC] dbo.Customers: row_count=5, sync_col=CustomerID, last_value=None
2025-10-07 11:37:51,201 - INFO - Schema 'localhost_SampleDB1' created/verified successfully
2025-10-07 11:37:51,212 - INFO - Last value is None for dbo.Customers, using hash-based deduplication
2025-10-07 11:37:51,222 - INFO - No new rows found for dbo.Customers
2025-10-07 11:37:51,395 - INFO - [INCR SYNC] sys.trace_xe_action_map: row_count=22, sync_col=None, last_value=None
2025-10-07 11:37:51,592 - INFO - [INCR SYNC] sys.trace_xe_event_map: row_count=139, sync_col=None, last_value=None
2025-10-07 11:37:51,592 - INFO - === INCREMENTAL sync completed for SampleDB1, 3/3 tables processed ===
2025-10-07 11:37:51,594 - INFO - server1/SampleDB1: processed 3 tables
2025-10-07 11:37:51,596 - INFO - DATABASE START: server1/SampleDB2
2025-10-07 11:37:51,598 - INFO - Cleaned up system table: localhost_SampleDB2.sys_trace_xe_event_map
2025-10-07 11:37:51,599 - INFO - Cleaned up system table: localhost_SampleDB2.sys_trace_xe_action_map
2025-10-07 11:37:51,611 - INFO - === Starting INCREMENTAL sync for database: SampleDB2 ===
2025-10-07 11:37:51,828 - INFO - [INCR SYNC] dbo.Customers: row_count=5, sync_col=CustomerID, last_value=None
2025-10-07 11:37:51,848 - INFO - Schema 'localhost_SampleDB2' created/verified successfully
2025-10-07 11:37:51,858 - INFO - Last value is None for dbo.Customers, using hash-based deduplication
2025-10-07 11:37:51,868 - INFO - No new rows found for dbo.Customers
2025-10-07 11:37:52,051 - INFO - [INCR SYNC] sys.trace_xe_action_map: row_count=22, sync_col=None, last_value=None
2025-10-07 11:37:52,243 - INFO - [INCR SYNC] sys.trace_xe_event_map: row_count=139, sync_col=None, last_value=None
2025-10-07 11:37:52,243 - INFO - === INCREMENTAL sync completed for SampleDB2, 3/3 tables processed ===
2025-10-07 11:37:52,246 - INFO - server1/SampleDB2: processed 3 tables
2025-10-07 11:37:52,248 - INFO - Completed server1
2025-10-07 11:37:52,248 - INFO - [WORKER] Completed sync for: server1
2025-10-07 11:37:52,380 - INFO - [REQ] GET /sync_status/server1 - 127.0.0.1
2025-10-07 11:37:52,381 - INFO - [DEBUG] Checking auth for /sync_status/server1 - username=admin, role=admin, ip=127.0.0.1
2025-10-07 11:37:52,381 - INFO - [AUTH] Authenticated access: admin (admin) to /sync_status/server1
2025-10-07 11:37:52,459 - INFO - [RESP] GET /sync_status/server1 - 200
2025-10-07 11:37:52,461 - INFO - 127.0.0.1 - - [07/Oct/2025 11:37:52] "GET /sync_status/server1 HTTP/1.1" 200 -
2025-10-07 11:37:53,922 - INFO - [REQ] GET /sync-summary - 127.0.0.1
2025-10-07 11:37:53,925 - INFO - [DEBUG] Checking auth for /sync-summary - username=admin, role=admin, ip=127.0.0.1
2025-10-07 11:37:53,925 - INFO - [AUTH] Authenticated access: admin (admin) to /sync-summary
2025-10-07 11:37:54,356 - INFO - [RESP] GET /sync-summary - 200
2025-10-07 11:37:54,357 - INFO - 127.0.0.1 - - [07/Oct/2025 11:37:54] "GET /sync-summary HTTP/1.1" 200 -
2025-10-07 11:37:54,375 - INFO - [REQ] GET /static/actin-logo.png - 127.0.0.1
2025-10-07 11:37:54,376 - INFO - [RESP] GET /static/actin-logo.png - 304
2025-10-07 11:37:54,377 - INFO - 127.0.0.1 - - [07/Oct/2025 11:37:54] "[36mGET /static/actin-logo.png HTTP/1.1[0m" 304 -
2025-10-07 11:37:54,538 - INFO - [REQ] GET /sync-summary/quick.json - 127.0.0.1
2025-10-07 11:37:54,538 - INFO - [DEBUG] Checking auth for /sync-summary/quick.json - username=admin, role=admin, ip=127.0.0.1
2025-10-07 11:37:54,539 - INFO - [AUTH] Authenticated access: admin (admin) to /sync-summary/quick.json
2025-10-07 11:37:54,539 - INFO - Cache hit for all_servers
2025-10-07 11:37:54,539 - INFO - [RESP] GET /sync-summary/quick.json - 200
2025-10-07 11:37:54,540 - INFO - 127.0.0.1 - - [07/Oct/2025 11:37:54] "GET /sync-summary/quick.json HTTP/1.1" 200 -
2025-10-07 11:37:56,534 - INFO - [REQ] GET /view-schedules - 127.0.0.1
2025-10-07 11:37:56,536 - INFO - [DEBUG] Checking auth for /view-schedules - username=admin, role=admin, ip=127.0.0.1
2025-10-07 11:37:56,537 - INFO - [AUTH] Authenticated access: admin (admin) to /view-schedules
2025-10-07 11:37:56,622 - INFO - [RESP] GET /view-schedules - 200
2025-10-07 11:37:56,623 - INFO - 127.0.0.1 - - [07/Oct/2025 11:37:56] "GET /view-schedules HTTP/1.1" 200 -
2025-10-07 11:37:56,782 - INFO - [REQ] GET /static/actin-logo.png - 127.0.0.1
2025-10-07 11:37:56,783 - INFO - [RESP] GET /static/actin-logo.png - 304
2025-10-07 11:37:56,785 - INFO - 127.0.0.1 - - [07/Oct/2025 11:37:56] "[36mGET /static/actin-logo.png HTTP/1.1[0m" 304 -
2025-10-07 11:37:56,802 - INFO - [REQ] GET /api/job-statuses - 127.0.0.1
2025-10-07 11:37:56,802 - INFO - [DEBUG] Checking auth for /api/job-statuses - username=admin, role=admin, ip=127.0.0.1
2025-10-07 11:37:56,802 - INFO - [AUTH] Authenticated access: admin (admin) to /api/job-statuses
2025-10-07 11:37:56,803 - INFO - [RESP] GET /api/job-statuses - 404
2025-10-07 11:37:56,805 - INFO - 127.0.0.1 - - [07/Oct/2025 11:37:56] "[33mGET /api/job-statuses HTTP/1.1[0m" 404 -
2025-10-07 11:37:58,223 - INFO - [REQ] GET /dashboard - 127.0.0.1
2025-10-07 11:37:58,224 - INFO - [DEBUG] Checking auth for /dashboard - username=admin, role=admin, ip=127.0.0.1
2025-10-07 11:37:58,225 - INFO - [AUTH] Authenticated access: admin (admin) to /dashboard
2025-10-07 11:37:58,401 - INFO - [RESP] GET /dashboard - 200
2025-10-07 11:37:58,403 - INFO - 127.0.0.1 - - [07/Oct/2025 11:37:58] "GET /dashboard HTTP/1.1" 200 -
2025-10-07 11:37:58,457 - INFO - [REQ] GET /static/actin-logo.png - 127.0.0.1
2025-10-07 11:37:58,459 - INFO - [RESP] GET /static/actin-logo.png - 304
2025-10-07 11:37:58,461 - INFO - 127.0.0.1 - - [07/Oct/2025 11:37:58] "[36mGET /static/actin-logo.png HTTP/1.1[0m" 304 -
2025-10-07 11:38:03,591 - INFO - [REQ] GET /dashboard/data - 127.0.0.1
2025-10-07 11:38:03,592 - INFO - [DEBUG] Checking auth for /dashboard/data - username=admin, role=admin, ip=127.0.0.1
2025-10-07 11:38:03,593 - INFO - [AUTH] Authenticated access: admin (admin) to /dashboard/data
2025-10-07 11:38:03,668 - INFO - [RESP] GET /dashboard/data - 200
2025-10-07 11:38:03,669 - INFO - 127.0.0.1 - - [07/Oct/2025 11:38:03] "GET /dashboard/data HTTP/1.1" 200 -
2025-10-07 11:38:08,902 - INFO - [REQ] GET /dashboard/data - 127.0.0.1
2025-10-07 11:38:08,903 - INFO - [DEBUG] Checking auth for /dashboard/data - username=admin, role=admin, ip=127.0.0.1
2025-10-07 11:38:08,904 - INFO - [AUTH] Authenticated access: admin (admin) to /dashboard/data
2025-10-07 11:38:09,011 - INFO - [RESP] GET /dashboard/data - 200
2025-10-07 11:38:09,012 - INFO - 127.0.0.1 - - [07/Oct/2025 11:38:09] "GET /dashboard/data HTTP/1.1" 200 -
2025-10-07 11:38:14,243 - INFO - [REQ] GET /dashboard/data - 127.0.0.1
2025-10-07 11:38:14,243 - INFO - [DEBUG] Checking auth for /dashboard/data - username=admin, role=admin, ip=127.0.0.1
2025-10-07 11:38:14,243 - INFO - [AUTH] Authenticated access: admin (admin) to /dashboard/data
2025-10-07 11:38:14,319 - INFO - [RESP] GET /dashboard/data - 200
2025-10-07 11:38:14,320 - INFO - 127.0.0.1 - - [07/Oct/2025 11:38:14] "GET /dashboard/data HTTP/1.1" 200 -
2025-10-07 11:38:19,557 - INFO - [REQ] GET /dashboard/data - 127.0.0.1
2025-10-07 11:38:19,558 - INFO - [DEBUG] Checking auth for /dashboard/data - username=admin, role=admin, ip=127.0.0.1
2025-10-07 11:38:19,559 - INFO - [AUTH] Authenticated access: admin (admin) to /dashboard/data
2025-10-07 11:38:19,659 - INFO - [RESP] GET /dashboard/data - 200
2025-10-07 11:38:19,660 - INFO - 127.0.0.1 - - [07/Oct/2025 11:38:19] "GET /dashboard/data HTTP/1.1" 200 -
2025-10-07 11:38:23,589 - INFO - [REQ] GET /dashboard/data - 127.0.0.1
2025-10-07 11:38:23,590 - INFO - [DEBUG] Checking auth for /dashboard/data - username=admin, role=admin, ip=127.0.0.1
2025-10-07 11:38:23,590 - INFO - [AUTH] Authenticated access: admin (admin) to /dashboard/data
2025-10-07 11:38:23,685 - INFO - [RESP] GET /dashboard/data - 200
2025-10-07 11:38:23,687 - INFO - 127.0.0.1 - - [07/Oct/2025 11:38:23] "GET /dashboard/data HTTP/1.1" 200 -
2025-10-07 11:38:29,548 - INFO - [REQ] GET /dashboard/data - 127.0.0.1
2025-10-07 11:38:29,549 - INFO - [DEBUG] Checking auth for /dashboard/data - username=admin, role=admin, ip=127.0.0.1
2025-10-07 11:38:29,549 - INFO - [AUTH] Authenticated access: admin (admin) to /dashboard/data
2025-10-07 11:38:29,626 - INFO - [RESP] GET /dashboard/data - 200
2025-10-07 11:38:29,627 - INFO - 127.0.0.1 - - [07/Oct/2025 11:38:29] "GET /dashboard/data HTTP/1.1" 200 -
2025-10-07 11:38:34,249 - INFO - [REQ] GET /dashboard/data - 127.0.0.1
2025-10-07 11:38:34,249 - INFO - [DEBUG] Checking auth for /dashboard/data - username=admin, role=admin, ip=127.0.0.1
2025-10-07 11:38:34,249 - INFO - [AUTH] Authenticated access: admin (admin) to /dashboard/data
2025-10-07 11:38:34,349 - INFO - [RESP] GET /dashboard/data - 200
2025-10-07 11:38:34,350 - INFO - 127.0.0.1 - - [07/Oct/2025 11:38:34] "GET /dashboard/data HTTP/1.1" 200 -
2025-10-07 11:38:39,552 - INFO - [REQ] GET /dashboard/data - 127.0.0.1
2025-10-07 11:38:39,552 - INFO - [DEBUG] Checking auth for /dashboard/data - username=admin, role=admin, ip=127.0.0.1
2025-10-07 11:38:39,553 - INFO - [AUTH] Authenticated access: admin (admin) to /dashboard/data
2025-10-07 11:38:39,749 - INFO - [RESP] GET /dashboard/data - 200
2025-10-07 11:38:39,749 - INFO - 127.0.0.1 - - [07/Oct/2025 11:38:39] "GET /dashboard/data HTTP/1.1" 200 -
2025-10-07 11:38:44,243 - INFO - [REQ] GET /dashboard/data - 127.0.0.1
2025-10-07 11:38:44,243 - INFO - [DEBUG] Checking auth for /dashboard/data - username=admin, role=admin, ip=127.0.0.1
2025-10-07 11:38:44,244 - INFO - [AUTH] Authenticated access: admin (admin) to /dashboard/data
2025-10-07 11:38:44,329 - INFO - [RESP] GET /dashboard/data - 200
2025-10-07 11:38:44,330 - INFO - 127.0.0.1 - - [07/Oct/2025 11:38:44] "GET /dashboard/data HTTP/1.1" 200 -
2025-10-07 11:38:49,553 - INFO - [REQ] GET /dashboard/data - 127.0.0.1
2025-10-07 11:38:49,554 - INFO - [DEBUG] Checking auth for /dashboard/data - username=admin, role=admin, ip=127.0.0.1
2025-10-07 11:38:49,554 - INFO - [AUTH] Authenticated access: admin (admin) to /dashboard/data
2025-10-07 11:38:49,760 - INFO - [RESP] GET /dashboard/data - 200
2025-10-07 11:38:49,761 - INFO - 127.0.0.1 - - [07/Oct/2025 11:38:49] "GET /dashboard/data HTTP/1.1" 200 -
2025-10-07 11:38:54,250 - INFO - [REQ] GET /dashboard/data - 127.0.0.1
2025-10-07 11:38:54,250 - INFO - [DEBUG] Checking auth for /dashboard/data - username=admin, role=admin, ip=127.0.0.1
2025-10-07 11:38:54,251 - INFO - [AUTH] Authenticated access: admin (admin) to /dashboard/data
2025-10-07 11:38:54,376 - INFO - [RESP] GET /dashboard/data - 200
2025-10-07 11:38:54,378 - INFO - 127.0.0.1 - - [07/Oct/2025 11:38:54] "GET /dashboard/data HTTP/1.1" 200 -
2025-10-07 11:38:59,552 - INFO - [REQ] GET /dashboard/data - 127.0.0.1
2025-10-07 11:38:59,553 - INFO - [DEBUG] Checking auth for /dashboard/data - username=admin, role=admin, ip=127.0.0.1
2025-10-07 11:38:59,554 - INFO - [AUTH] Authenticated access: admin (admin) to /dashboard/data
2025-10-07 11:38:59,679 - INFO - [RESP] GET /dashboard/data - 200
2025-10-07 11:38:59,680 - INFO - 127.0.0.1 - - [07/Oct/2025 11:38:59] "GET /dashboard/data HTTP/1.1" 200 -
2025-10-07 11:39:04,245 - INFO - [REQ] GET /dashboard/data - 127.0.0.1
2025-10-07 11:39:04,245 - INFO - [DEBUG] Checking auth for /dashboard/data - username=admin, role=admin, ip=127.0.0.1
2025-10-07 11:39:04,246 - INFO - [AUTH] Authenticated access: admin (admin) to /dashboard/data
2025-10-07 11:39:04,406 - INFO - [RESP] GET /dashboard/data - 200
2025-10-07 11:39:04,407 - INFO - 127.0.0.1 - - [07/Oct/2025 11:39:04] "GET /dashboard/data HTTP/1.1" 200 -
2025-10-07 11:39:09,551 - INFO - [REQ] GET /dashboard/data - 127.0.0.1
2025-10-07 11:39:09,552 - INFO - [DEBUG] Checking auth for /dashboard/data - username=admin, role=admin, ip=127.0.0.1
2025-10-07 11:39:09,552 - INFO - [AUTH] Authenticated access: admin (admin) to /dashboard/data
2025-10-07 11:39:09,683 - INFO - [RESP] GET /dashboard/data - 200
2025-10-07 11:39:09,684 - INFO - 127.0.0.1 - - [07/Oct/2025 11:39:09] "GET /dashboard/data HTTP/1.1" 200 -
2025-10-07 11:39:14,247 - INFO - [REQ] GET /dashboard/data - 127.0.0.1
2025-10-07 11:39:14,248 - INFO - [DEBUG] Checking auth for /dashboard/data - username=admin, role=admin, ip=127.0.0.1
2025-10-07 11:39:14,249 - INFO - [AUTH] Authenticated access: admin (admin) to /dashboard/data
2025-10-07 11:39:14,371 - INFO - [RESP] GET /dashboard/data - 200
2025-10-07 11:39:14,372 - INFO - 127.0.0.1 - - [07/Oct/2025 11:39:14] "GET /dashboard/data HTTP/1.1" 200 -
2025-10-07 11:39:19,602 - INFO - [REQ] GET /dashboard/data - 127.0.0.1
2025-10-07 11:39:19,603 - INFO - [DEBUG] Checking auth for /dashboard/data - username=admin, role=admin, ip=127.0.0.1
2025-10-07 11:39:19,604 - INFO - [AUTH] Authenticated access: admin (admin) to /dashboard/data
2025-10-07 11:39:19,828 - INFO - [RESP] GET /dashboard/data - 200
2025-10-07 11:39:19,829 - INFO - 127.0.0.1 - - [07/Oct/2025 11:39:19] "GET /dashboard/data HTTP/1.1" 200 -
2025-10-07 11:40:05,250 - INFO - [REQ] GET /dashboard/data - 127.0.0.1
2025-10-07 11:40:05,251 - INFO - [DEBUG] Checking auth for /dashboard/data - username=admin, role=admin, ip=127.0.0.1
2025-10-07 11:40:05,251 - INFO - [AUTH] Authenticated access: admin (admin) to /dashboard/data
2025-10-07 11:40:05,322 - INFO - [RESP] GET /dashboard/data - 200
2025-10-07 11:40:05,323 - INFO - 127.0.0.1 - - [07/Oct/2025 11:40:05] "GET /dashboard/data HTTP/1.1" 200 -
2025-10-07 11:41:05,556 - INFO - [REQ] GET /dashboard/data - 127.0.0.1
2025-10-07 11:41:05,557 - INFO - [DEBUG] Checking auth for /dashboard/data - username=admin, role=admin, ip=127.0.0.1
2025-10-07 11:41:05,557 - INFO - [AUTH] Authenticated access: admin (admin) to /dashboard/data
2025-10-07 11:41:05,675 - INFO - [RESP] GET /dashboard/data - 200
2025-10-07 11:41:05,676 - INFO - 127.0.0.1 - - [07/Oct/2025 11:41:05] "GET /dashboard/data HTTP/1.1" 200 -
2025-10-07 11:41:26,223 - INFO - [INIT] Initializing Flask application...
2025-10-07 11:41:26,223 - INFO - [CONFIG] Loading configuration...
2025-10-07 11:41:26,223 - INFO - [AUTH] Authentication system ready
2025-10-07 11:41:26,223 - INFO - [DATABASE] Database connections configured
2025-10-07 11:41:26,224 - INFO - [SCHEDULER] Scheduler system active
2025-10-07 11:41:26,224 - INFO - [STARTUP] Application startup complete!
2025-10-07 11:41:26,250 - INFO - [31m[1mWARNING: This is a development server. Do not use it in a production deployment. Use a production WSGI server instead.[0m
 * Running on http://127.0.0.1:5000
2025-10-07 11:41:26,251 - INFO - [33mPress CTRL+C to quit[0m
2025-10-07 11:41:26,253 - INFO -  * Restarting with stat
2025-10-07 11:41:27,766 - INFO - [INIT] Initializing Flask application...
2025-10-07 11:41:27,767 - INFO - [CONFIG] Loading configuration...
2025-10-07 11:41:27,767 - INFO - [AUTH] Authentication system ready
2025-10-07 11:41:27,767 - INFO - [DATABASE] Database connections configured
2025-10-07 11:41:27,768 - INFO - [SCHEDULER] Scheduler system active
2025-10-07 11:41:27,768 - INFO - [STARTUP] Application startup complete!
2025-10-07 11:41:27,784 - WARNING -  * Debugger is active!
2025-10-07 11:41:27,786 - INFO -  * Debugger PIN: 499-062-501
2025-10-07 11:41:30,233 - INFO - [REQ] GET /dashboard/data - 127.0.0.1
2025-10-07 11:41:30,234 - INFO - [DEBUG] Checking auth for /dashboard/data - username=admin, role=admin, ip=127.0.0.1
2025-10-07 11:41:30,235 - INFO - [AUTH] Authenticated access: admin (admin) to /dashboard/data
2025-10-07 11:41:30,351 - INFO - [RESP] GET /dashboard/data - 200
2025-10-07 11:41:30,352 - INFO - 127.0.0.1 - - [07/Oct/2025 11:41:30] "GET /dashboard/data HTTP/1.1" 200 -
2025-10-07 11:41:39,500 - INFO - [REQ] GET / - 127.0.0.1
2025-10-07 11:41:39,502 - INFO - [DEBUG] Checking auth for / - username=admin, role=admin, ip=127.0.0.1
2025-10-07 11:41:39,503 - INFO - [AUTH] Authenticated access: admin (admin) to /
2025-10-07 11:41:39,503 - INFO - [HOME] Homepage accessed by user: admin
2025-10-07 11:41:39,505 - INFO - [INFO] Loaded 1 SQL servers for display
2025-10-07 11:41:39,595 - INFO - [RESP] GET / - 200
2025-10-07 11:41:39,597 - INFO - 127.0.0.1 - - [07/Oct/2025 11:41:39] "GET / HTTP/1.1" 200 -
2025-10-07 11:41:39,915 - INFO - [REQ] GET /static/actin-logo.png - 127.0.0.1
2025-10-07 11:41:39,917 - INFO - [RESP] GET /static/actin-logo.png - 304
2025-10-07 11:41:39,918 - INFO - 127.0.0.1 - - [07/Oct/2025 11:41:39] "[36mGET /static/actin-logo.png HTTP/1.1[0m" 304 -
2025-10-07 11:41:43,560 - INFO - [REQ] GET /schedule - 127.0.0.1
2025-10-07 11:41:43,563 - INFO - [DEBUG] Checking auth for /schedule - username=admin, role=admin, ip=127.0.0.1
2025-10-07 11:41:43,563 - INFO - [AUTH] Authenticated access: admin (admin) to /schedule
2025-10-07 11:41:43,653 - INFO - [RESP] GET /schedule - 200
2025-10-07 11:41:43,654 - INFO - 127.0.0.1 - - [07/Oct/2025 11:41:43] "GET /schedule HTTP/1.1" 200 -
2025-10-07 11:41:43,870 - INFO - [REQ] GET /static/actin-logo.png - 127.0.0.1
2025-10-07 11:41:43,872 - INFO - [RESP] GET /static/actin-logo.png - 304
2025-10-07 11:41:43,874 - INFO - 127.0.0.1 - - [07/Oct/2025 11:41:43] "[36mGET /static/actin-logo.png HTTP/1.1[0m" 304 -
2025-10-07 11:41:44,989 - INFO - [REQ] GET /dashboard - 127.0.0.1
2025-10-07 11:41:44,990 - INFO - [DEBUG] Checking auth for /dashboard - username=admin, role=admin, ip=127.0.0.1
2025-10-07 11:41:44,991 - INFO - [AUTH] Authenticated access: admin (admin) to /dashboard
2025-10-07 11:41:45,251 - INFO - [RESP] GET /dashboard - 200
2025-10-07 11:41:45,252 - INFO - 127.0.0.1 - - [07/Oct/2025 11:41:45] "GET /dashboard HTTP/1.1" 200 -
2025-10-07 11:41:45,271 - INFO - [REQ] GET /static/actin-logo.png - 127.0.0.1
2025-10-07 11:41:45,271 - INFO - [RESP] GET /static/actin-logo.png - 304
2025-10-07 11:41:45,272 - INFO - 127.0.0.1 - - [07/Oct/2025 11:41:45] "[36mGET /static/actin-logo.png HTTP/1.1[0m" 304 -
2025-10-07 11:41:46,971 - INFO - [REQ] GET / - 127.0.0.1
2025-10-07 11:41:46,972 - INFO - [DEBUG] Checking auth for / - username=admin, role=admin, ip=127.0.0.1
2025-10-07 11:41:46,972 - INFO - [AUTH] Authenticated access: admin (admin) to /
2025-10-07 11:41:46,972 - INFO - [HOME] Homepage accessed by user: admin
2025-10-07 11:41:46,974 - INFO - [INFO] Loaded 1 SQL servers for display
2025-10-07 11:41:46,975 - INFO - [RESP] GET / - 200
2025-10-07 11:41:46,976 - INFO - 127.0.0.1 - - [07/Oct/2025 11:41:46] "GET / HTTP/1.1" 200 -
2025-10-07 11:41:47,278 - INFO - [REQ] GET /static/actin-logo.png - 127.0.0.1
2025-10-07 11:41:47,280 - INFO - [RESP] GET /static/actin-logo.png - 304
2025-10-07 11:41:47,282 - INFO - 127.0.0.1 - - [07/Oct/2025 11:41:47] "[36mGET /static/actin-logo.png HTTP/1.1[0m" 304 -
2025-10-07 11:41:48,414 - INFO - [REQ] GET /sync_background/server1 - 127.0.0.1
2025-10-07 11:41:48,416 - INFO - [DEBUG] Checking auth for /sync_background/server1 - username=admin, role=admin, ip=127.0.0.1
2025-10-07 11:41:48,416 - INFO - [AUTH] Authenticated access: admin (admin) to /sync_background/server1
2025-10-07 11:41:48,417 - INFO - [SYNC-ASYNC START] Request to start background sync for: server1
2025-10-07 11:41:48,427 - INFO - [RESP] GET /sync_background/server1 - 202
2025-10-07 11:41:48,429 - INFO - 127.0.0.1 - - [07/Oct/2025 11:41:48] "[35m[1mGET /sync_background/server1 HTTP/1.1[0m" 202 -
2025-10-07 11:41:48,678 - INFO - [REQ] GET /sync_status/server1 - 127.0.0.1
2025-10-07 11:41:48,678 - INFO - [DEBUG] Checking auth for /sync_status/server1 - username=admin, role=admin, ip=127.0.0.1
2025-10-07 11:41:48,679 - INFO - [AUTH] Authenticated access: admin (admin) to /sync_status/server1
2025-10-07 11:41:48,779 - INFO - [RESP] GET /sync_status/server1 - 200
2025-10-07 11:41:48,781 - INFO - 127.0.0.1 - - [07/Oct/2025 11:41:48] "GET /sync_status/server1 HTTP/1.1" 200 -
2025-10-07 11:41:49,395 - INFO - [WORKER] Starting sync worker for: server1
2025-10-07 11:41:49,396 - INFO - MIGRATION STARTED for server1
2025-10-07 11:41:49,457 - INFO - Sync tracking table created/verified
2025-10-07 11:41:49,528 - INFO - Connected to SQL Server: localhost
2025-10-07 11:41:49,591 - INFO - Found 5 databases on localhost
2025-10-07 11:41:49,591 - INFO - DATABASE START: server1/American_Food
2025-10-07 11:41:49,593 - INFO - Cleaned up system table: localhost_American_Food.sys_trace_xe_event_map
2025-10-07 11:41:49,595 - INFO - Cleaned up system table: localhost_American_Food.sys_trace_xe_action_map
2025-10-07 11:41:49,669 - INFO - === Starting INCREMENTAL sync for database: American_Food ===
2025-10-07 11:41:50,308 - INFO - [INCR SYNC] dbo.Burgers: row_count=5, sync_col=BurgerID, last_value=None
2025-10-07 11:41:50,965 - INFO - Schema 'localhost_American_Food' created/verified successfully
2025-10-07 11:41:51,231 - INFO - Last value is None for dbo.Burgers, using hash-based deduplication
2025-10-07 11:41:51,264 - INFO - No new rows found for dbo.Burgers
2025-10-07 11:41:51,507 - INFO - [INCR SYNC] dbo.Sandwiches: row_count=5, sync_col=SandwichID, last_value=None
2025-10-07 11:41:51,568 - INFO - Schema 'localhost_American_Food' created/verified successfully
2025-10-07 11:41:51,823 - INFO - Last value is None for dbo.Sandwiches, using hash-based deduplication
2025-10-07 11:41:51,862 - INFO - No new rows found for dbo.Sandwiches
2025-10-07 11:41:52,119 - INFO - [INCR SYNC] sys.trace_xe_action_map: row_count=22, sync_col=None, last_value=None
2025-10-07 11:41:52,373 - INFO - [INCR SYNC] sys.trace_xe_event_map: row_count=139, sync_col=None, last_value=None
2025-10-07 11:41:52,374 - INFO - === INCREMENTAL sync completed for American_Food, 4/4 tables processed ===
2025-10-07 11:41:52,378 - INFO - server1/American_Food: processed 4 tables
2025-10-07 11:41:52,380 - INFO - DATABASE START: server1/Asian_Food
2025-10-07 11:41:52,380 - INFO - Cleaned up system table: localhost_Asian_Food.sys_trace_xe_event_map
2025-10-07 11:41:52,382 - INFO - Cleaned up system table: localhost_Asian_Food.sys_trace_xe_action_map
2025-10-07 11:41:52,500 - INFO - === Starting INCREMENTAL sync for database: Asian_Food ===
2025-10-07 11:41:53,388 - INFO - [INCR SYNC] dbo.Noodle_Dishes: row_count=5, sync_col=NoodleID, last_value=None
2025-10-07 11:41:53,604 - INFO - Schema 'localhost_Asian_Food' created/verified successfully
2025-10-07 11:41:53,848 - INFO - Last value is None for dbo.Noodle_Dishes, using hash-based deduplication
2025-10-07 11:41:53,887 - INFO - No new rows found for dbo.Noodle_Dishes
2025-10-07 11:41:54,136 - INFO - [INCR SYNC] dbo.Sushi_Items: row_count=5, sync_col=SushiID, last_value=None
2025-10-07 11:41:54,216 - INFO - Schema 'localhost_Asian_Food' created/verified successfully
2025-10-07 11:41:54,454 - INFO - Last value is None for dbo.Sushi_Items, using hash-based deduplication
2025-10-07 11:41:54,484 - INFO - No new rows found for dbo.Sushi_Items
2025-10-07 11:41:54,714 - INFO - [INCR SYNC] sys.trace_xe_action_map: row_count=22, sync_col=None, last_value=None
2025-10-07 11:41:54,966 - INFO - [INCR SYNC] sys.trace_xe_event_map: row_count=139, sync_col=None, last_value=None
2025-10-07 11:41:54,967 - INFO - === INCREMENTAL sync completed for Asian_Food, 4/4 tables processed ===
2025-10-07 11:41:54,972 - INFO - server1/Asian_Food: processed 4 tables
2025-10-07 11:41:54,976 - INFO - DATABASE START: server1/Desserts
2025-10-07 11:41:54,977 - INFO - Cleaned up system table: localhost_Desserts.sys_trace_xe_event_map
2025-10-07 11:41:54,978 - INFO - Cleaned up system table: localhost_Desserts.sys_trace_xe_action_map
2025-10-07 11:41:55,043 - INFO - === Starting INCREMENTAL sync for database: Desserts ===
2025-10-07 11:41:55,759 - INFO - [INCR SYNC] dbo.Cakes: row_count=5, sync_col=CakeID, last_value=None
2025-10-07 11:41:56,211 - INFO - Schema 'localhost_Desserts' created/verified successfully
2025-10-07 11:41:56,457 - INFO - Last value is None for dbo.Cakes, using hash-based deduplication
2025-10-07 11:41:56,486 - INFO - No new rows found for dbo.Cakes
2025-10-07 11:41:56,728 - INFO - [INCR SYNC] dbo.IceCream_Flavors: row_count=5, sync_col=IceCreamID, last_value=None
2025-10-07 11:41:56,804 - INFO - Schema 'localhost_Desserts' created/verified successfully
2025-10-07 11:41:57,057 - INFO - Last value is None for dbo.IceCream_Flavors, using hash-based deduplication
2025-10-07 11:41:57,084 - INFO - No new rows found for dbo.IceCream_Flavors
2025-10-07 11:41:57,305 - INFO - [INCR SYNC] sys.trace_xe_action_map: row_count=22, sync_col=None, last_value=None
2025-10-07 11:41:57,548 - INFO - [INCR SYNC] sys.trace_xe_event_map: row_count=139, sync_col=None, last_value=None
2025-10-07 11:41:57,548 - INFO - === INCREMENTAL sync completed for Desserts, 4/4 tables processed ===
2025-10-07 11:41:57,548 - INFO - server1/Desserts: processed 4 tables
2025-10-07 11:41:57,549 - INFO - DATABASE START: server1/Italian_Food
2025-10-07 11:41:57,549 - INFO - Cleaned up system table: localhost_Italian_Food.sys_trace_xe_event_map
2025-10-07 11:41:57,551 - INFO - Cleaned up system table: localhost_Italian_Food.sys_trace_xe_action_map
2025-10-07 11:41:57,593 - INFO - === Starting INCREMENTAL sync for database: Italian_Food ===
2025-10-07 11:41:58,183 - INFO - [INCR SYNC] dbo.Pasta_Dishes: row_count=5, sync_col=DishID, last_value=None
2025-10-07 11:41:58,557 - INFO - Schema 'localhost_Italian_Food' created/verified successfully
2025-10-07 11:41:58,809 - INFO - Last value is None for dbo.Pasta_Dishes, using hash-based deduplication
2025-10-07 11:41:58,859 - INFO - No new rows found for dbo.Pasta_Dishes
2025-10-07 11:41:59,132 - INFO - [INCR SYNC] dbo.Pizza_Items: row_count=5, sync_col=PizzaID, last_value=None
2025-10-07 11:41:59,185 - INFO - Schema 'localhost_Italian_Food' created/verified successfully
2025-10-07 11:41:59,417 - INFO - Last value is None for dbo.Pizza_Items, using hash-based deduplication
2025-10-07 11:41:59,444 - INFO - No new rows found for dbo.Pizza_Items
2025-10-07 11:41:59,666 - INFO - [INCR SYNC] sys.trace_xe_action_map: row_count=22, sync_col=None, last_value=None
2025-10-07 11:41:59,888 - INFO - [INCR SYNC] sys.trace_xe_event_map: row_count=139, sync_col=None, last_value=None
2025-10-07 11:41:59,888 - INFO - === INCREMENTAL sync completed for Italian_Food, 4/4 tables processed ===
2025-10-07 11:41:59,892 - INFO - server1/Italian_Food: processed 4 tables
2025-10-07 11:41:59,895 - INFO - DATABASE START: server1/Mexican_Food
2025-10-07 11:41:59,896 - INFO - Cleaned up system table: localhost_Mexican_Food.sys_trace_xe_event_map
2025-10-07 11:41:59,897 - INFO - Cleaned up system table: localhost_Mexican_Food.sys_trace_xe_action_map
2025-10-07 11:42:00,231 - INFO - === Starting INCREMENTAL sync for database: Mexican_Food ===
2025-10-07 11:42:01,077 - INFO - [INCR SYNC] dbo.Burritos: row_count=5, sync_col=BurritoID, last_value=None
2025-10-07 11:42:01,360 - INFO - Schema 'localhost_Mexican_Food' created/verified successfully
2025-10-07 11:42:01,666 - INFO - Last value is None for dbo.Burritos, using hash-based deduplication
2025-10-07 11:42:01,694 - INFO - No new rows found for dbo.Burritos
2025-10-07 11:42:01,920 - INFO - [INCR SYNC] dbo.Tacos: row_count=5, sync_col=TacoID, last_value=None
2025-10-07 11:42:01,974 - INFO - Schema 'localhost_Mexican_Food' created/verified successfully
2025-10-07 11:42:02,202 - INFO - Last value is None for dbo.Tacos, using hash-based deduplication
2025-10-07 11:42:02,227 - INFO - No new rows found for dbo.Tacos
2025-10-07 11:42:02,457 - INFO - [INCR SYNC] sys.trace_xe_action_map: row_count=22, sync_col=None, last_value=None
2025-10-07 11:42:02,693 - INFO - [INCR SYNC] sys.trace_xe_event_map: row_count=139, sync_col=None, last_value=None
2025-10-07 11:42:02,693 - INFO - === INCREMENTAL sync completed for Mexican_Food, 4/4 tables processed ===
2025-10-07 11:42:02,696 - INFO - server1/Mexican_Food: processed 4 tables
2025-10-07 11:42:02,698 - INFO - Completed server1
2025-10-07 11:42:02,698 - INFO - [WORKER] Completed sync for: server1
2025-10-07 11:42:06,232 - INFO - [REQ] GET /sync_background/server1 - 127.0.0.1
2025-10-07 11:42:06,233 - INFO - [DEBUG] Checking auth for /sync_background/server1 - username=admin, role=admin, ip=127.0.0.1
2025-10-07 11:42:06,233 - INFO - [AUTH] Authenticated access: admin (admin) to /sync_background/server1
2025-10-07 11:42:06,233 - INFO - [SYNC-ASYNC START] Request to start background sync for: server1
2025-10-07 11:42:06,238 - INFO - [RESP] GET /sync_background/server1 - 202
2025-10-07 11:42:06,239 - INFO - 127.0.0.1 - - [07/Oct/2025 11:42:06] "[35m[1mGET /sync_background/server1 HTTP/1.1[0m" 202 -
2025-10-07 11:42:06,553 - INFO - [REQ] GET /sync_status/server1 - 127.0.0.1
2025-10-07 11:42:06,554 - INFO - [DEBUG] Checking auth for /sync_status/server1 - username=admin, role=admin, ip=127.0.0.1
2025-10-07 11:42:06,554 - INFO - [AUTH] Authenticated access: admin (admin) to /sync_status/server1
2025-10-07 11:42:06,647 - INFO - [RESP] GET /sync_status/server1 - 200
2025-10-07 11:42:06,648 - INFO - 127.0.0.1 - - [07/Oct/2025 11:42:06] "GET /sync_status/server1 HTTP/1.1" 200 -
2025-10-07 11:42:07,301 - INFO - [WORKER] Starting sync worker for: server1
2025-10-07 11:42:07,301 - INFO - MIGRATION STARTED for server1
2025-10-07 11:42:07,365 - INFO - Sync tracking table created/verified
2025-10-07 11:42:07,434 - INFO - Connected to SQL Server: localhost
2025-10-07 11:42:07,489 - INFO - Found 5 databases on localhost
2025-10-07 11:42:07,489 - INFO - DATABASE START: server1/American_Food
2025-10-07 11:42:07,490 - INFO - Cleaned up system table: localhost_American_Food.sys_trace_xe_event_map
2025-10-07 11:42:07,492 - INFO - Cleaned up system table: localhost_American_Food.sys_trace_xe_action_map
2025-10-07 11:42:07,565 - INFO - === Starting INCREMENTAL sync for database: American_Food ===
2025-10-07 11:42:07,905 - INFO - [INCR SYNC] dbo.Burgers: row_count=5, sync_col=BurgerID, last_value=None
2025-10-07 11:42:08,141 - INFO - Schema 'localhost_American_Food' created/verified successfully
2025-10-07 11:42:08,409 - INFO - Last value is None for dbo.Burgers, using hash-based deduplication
2025-10-07 11:42:08,447 - INFO - No new rows found for dbo.Burgers
2025-10-07 11:42:08,688 - INFO - [INCR SYNC] dbo.Sandwiches: row_count=5, sync_col=SandwichID, last_value=None
2025-10-07 11:42:08,780 - INFO - Schema 'localhost_American_Food' created/verified successfully
2025-10-07 11:42:09,044 - INFO - Last value is None for dbo.Sandwiches, using hash-based deduplication
2025-10-07 11:42:09,081 - INFO - No new rows found for dbo.Sandwiches
2025-10-07 11:42:09,315 - INFO - [INCR SYNC] sys.trace_xe_action_map: row_count=22, sync_col=None, last_value=None
2025-10-07 11:42:09,562 - INFO - [INCR SYNC] sys.trace_xe_event_map: row_count=139, sync_col=None, last_value=None
2025-10-07 11:42:09,562 - INFO - === INCREMENTAL sync completed for American_Food, 4/4 tables processed ===
2025-10-07 11:42:09,563 - INFO - server1/American_Food: processed 4 tables
2025-10-07 11:42:09,566 - INFO - DATABASE START: server1/Asian_Food
2025-10-07 11:42:09,566 - INFO - Cleaned up system table: localhost_Asian_Food.sys_trace_xe_event_map
2025-10-07 11:42:09,567 - INFO - Cleaned up system table: localhost_Asian_Food.sys_trace_xe_action_map
2025-10-07 11:42:09,713 - INFO - === Starting INCREMENTAL sync for database: Asian_Food ===
2025-10-07 11:42:10,173 - INFO - [INCR SYNC] dbo.Noodle_Dishes: row_count=5, sync_col=NoodleID, last_value=None
2025-10-07 11:42:10,390 - INFO - Schema 'localhost_Asian_Food' created/verified successfully
2025-10-07 11:42:10,629 - INFO - Last value is None for dbo.Noodle_Dishes, using hash-based deduplication
2025-10-07 11:42:10,680 - INFO - No new rows found for dbo.Noodle_Dishes
2025-10-07 11:42:10,970 - INFO - [INCR SYNC] dbo.Sushi_Items: row_count=5, sync_col=SushiID, last_value=None
2025-10-07 11:42:11,024 - INFO - Schema 'localhost_Asian_Food' created/verified successfully
2025-10-07 11:42:11,153 - INFO - [REQ] GET /sync-summary - 127.0.0.1
2025-10-07 11:42:11,154 - INFO - [DEBUG] Checking auth for /sync-summary - username=admin, role=admin, ip=127.0.0.1
2025-10-07 11:42:11,155 - INFO - [AUTH] Authenticated access: admin (admin) to /sync-summary
2025-10-07 11:42:11,156 - INFO - Cache expired for all_servers
2025-10-07 11:42:11,160 - INFO - Cache expired for individual:server1
2025-10-07 11:42:11,284 - INFO - Last value is None for dbo.Sushi_Items, using hash-based deduplication
2025-10-07 11:42:11,317 - INFO - No new rows found for dbo.Sushi_Items
2025-10-07 11:42:11,555 - INFO - [INCR SYNC] sys.trace_xe_action_map: row_count=22, sync_col=None, last_value=None
2025-10-07 11:42:11,827 - INFO - [INCR SYNC] sys.trace_xe_event_map: row_count=139, sync_col=None, last_value=None
2025-10-07 11:42:11,827 - INFO - === INCREMENTAL sync completed for Asian_Food, 4/4 tables processed ===
2025-10-07 11:42:11,829 - INFO - server1/Asian_Food: processed 4 tables
2025-10-07 11:42:11,831 - INFO - DATABASE START: server1/Desserts
2025-10-07 11:42:11,834 - INFO - Cleaned up system table: localhost_Desserts.sys_trace_xe_event_map
2025-10-07 11:42:11,834 - INFO - Cleaned up system table: localhost_Desserts.sys_trace_xe_action_map
2025-10-07 11:42:11,898 - INFO - === Starting INCREMENTAL sync for database: Desserts ===
2025-10-07 11:42:11,995 - INFO - Cache expired for pgdb:saaddb88
2025-10-07 11:42:12,060 - INFO - [RESP] GET /sync-summary - 200
2025-10-07 11:42:12,061 - INFO - 127.0.0.1 - - [07/Oct/2025 11:42:12] "GET /sync-summary HTTP/1.1" 200 -
2025-10-07 11:42:12,095 - INFO - [REQ] GET /static/actin-logo.png - 127.0.0.1
2025-10-07 11:42:12,096 - INFO - [RESP] GET /static/actin-logo.png - 304
2025-10-07 11:42:12,098 - INFO - 127.0.0.1 - - [07/Oct/2025 11:42:12] "[36mGET /static/actin-logo.png HTTP/1.1[0m" 304 -
2025-10-07 11:42:12,180 - INFO - [REQ] GET /sync-summary/quick.json - 127.0.0.1
2025-10-07 11:42:12,181 - INFO - [DEBUG] Checking auth for /sync-summary/quick.json - username=admin, role=admin, ip=127.0.0.1
2025-10-07 11:42:12,181 - INFO - [AUTH] Authenticated access: admin (admin) to /sync-summary/quick.json
2025-10-07 11:42:12,181 - INFO - Cache hit for all_servers
2025-10-07 11:42:12,182 - INFO - [RESP] GET /sync-summary/quick.json - 200
2025-10-07 11:42:12,182 - INFO - 127.0.0.1 - - [07/Oct/2025 11:42:12] "GET /sync-summary/quick.json HTTP/1.1" 200 -
2025-10-07 11:42:12,539 - INFO - [INCR SYNC] dbo.Cakes: row_count=5, sync_col=CakeID, last_value=None
2025-10-07 11:42:12,828 - INFO - Schema 'localhost_Desserts' created/verified successfully
2025-10-07 11:42:13,073 - INFO - Last value is None for dbo.Cakes, using hash-based deduplication
2025-10-07 11:42:13,117 - INFO - No new rows found for dbo.Cakes
2025-10-07 11:42:13,318 - INFO - [REQ] GET /view-schedules - 127.0.0.1
2025-10-07 11:42:13,319 - INFO - [DEBUG] Checking auth for /view-schedules - username=admin, role=admin, ip=127.0.0.1
2025-10-07 11:42:13,320 - INFO - [AUTH] Authenticated access: admin (admin) to /view-schedules
2025-10-07 11:42:13,344 - INFO - [INCR SYNC] dbo.IceCream_Flavors: row_count=5, sync_col=IceCreamID, last_value=None
2025-10-07 11:42:13,388 - INFO - [RESP] GET /view-schedules - 200
2025-10-07 11:42:13,390 - INFO - 127.0.0.1 - - [07/Oct/2025 11:42:13] "GET /view-schedules HTTP/1.1" 200 -
2025-10-07 11:42:13,427 - INFO - Schema 'localhost_Desserts' created/verified successfully
2025-10-07 11:42:13,540 - INFO - [REQ] GET /static/actin-logo.png - 127.0.0.1
2025-10-07 11:42:13,541 - INFO - [RESP] GET /static/actin-logo.png - 304
2025-10-07 11:42:13,543 - INFO - 127.0.0.1 - - [07/Oct/2025 11:42:13] "[36mGET /static/actin-logo.png HTTP/1.1[0m" 304 -
2025-10-07 11:42:13,599 - INFO - [REQ] GET /api/job-statuses - 127.0.0.1
2025-10-07 11:42:13,599 - INFO - [DEBUG] Checking auth for /api/job-statuses - username=admin, role=admin, ip=127.0.0.1
2025-10-07 11:42:13,600 - INFO - [AUTH] Authenticated access: admin (admin) to /api/job-statuses
2025-10-07 11:42:13,601 - INFO - [RESP] GET /api/job-statuses - 404
2025-10-07 11:42:13,602 - INFO - 127.0.0.1 - - [07/Oct/2025 11:42:13] "[33mGET /api/job-statuses HTTP/1.1[0m" 404 -
2025-10-07 11:42:13,666 - INFO - Last value is None for dbo.IceCream_Flavors, using hash-based deduplication
2025-10-07 11:42:13,707 - INFO - No new rows found for dbo.IceCream_Flavors
2025-10-07 11:42:14,010 - INFO - [INCR SYNC] sys.trace_xe_action_map: row_count=22, sync_col=None, last_value=None
2025-10-07 11:42:14,235 - INFO - [INCR SYNC] sys.trace_xe_event_map: row_count=139, sync_col=None, last_value=None
2025-10-07 11:42:14,235 - INFO - === INCREMENTAL sync completed for Desserts, 4/4 tables processed ===
2025-10-07 11:42:14,240 - INFO - server1/Desserts: processed 4 tables
2025-10-07 11:42:14,243 - INFO - DATABASE START: server1/Italian_Food
2025-10-07 11:42:14,244 - INFO - Cleaned up system table: localhost_Italian_Food.sys_trace_xe_event_map
2025-10-07 11:42:14,246 - INFO - Cleaned up system table: localhost_Italian_Food.sys_trace_xe_action_map
2025-10-07 11:42:14,289 - INFO - === Starting INCREMENTAL sync for database: Italian_Food ===
2025-10-07 11:42:14,711 - INFO - [INCR SYNC] dbo.Pasta_Dishes: row_count=5, sync_col=DishID, last_value=None
2025-10-07 11:42:14,954 - INFO - Schema 'localhost_Italian_Food' created/verified successfully
2025-10-07 11:42:15,210 - INFO - Last value is None for dbo.Pasta_Dishes, using hash-based deduplication
2025-10-07 11:42:15,251 - INFO - No new rows found for dbo.Pasta_Dishes
2025-10-07 11:42:15,495 - INFO - [INCR SYNC] dbo.Pizza_Items: row_count=5, sync_col=PizzaID, last_value=None
2025-10-07 11:42:15,562 - INFO - Schema 'localhost_Italian_Food' created/verified successfully
2025-10-07 11:42:15,790 - INFO - Last value is None for dbo.Pizza_Items, using hash-based deduplication
2025-10-07 11:42:15,822 - INFO - No new rows found for dbo.Pizza_Items
2025-10-07 11:42:16,040 - INFO - [INCR SYNC] sys.trace_xe_action_map: row_count=22, sync_col=None, last_value=None
2025-10-07 11:42:16,081 - INFO - [REQ] GET /dashboard - 127.0.0.1
2025-10-07 11:42:16,082 - INFO - [DEBUG] Checking auth for /dashboard - username=admin, role=admin, ip=127.0.0.1
2025-10-07 11:42:16,083 - INFO - [AUTH] Authenticated access: admin (admin) to /dashboard
2025-10-07 11:42:16,251 - INFO - [RESP] GET /dashboard - 200
2025-10-07 11:42:16,253 - INFO - 127.0.0.1 - - [07/Oct/2025 11:42:16] "GET /dashboard HTTP/1.1" 200 -
2025-10-07 11:42:16,287 - INFO - [INCR SYNC] sys.trace_xe_event_map: row_count=139, sync_col=None, last_value=None
2025-10-07 11:42:16,287 - INFO - === INCREMENTAL sync completed for Italian_Food, 4/4 tables processed ===
2025-10-07 11:42:16,288 - INFO - server1/Italian_Food: processed 4 tables
2025-10-07 11:42:16,290 - INFO - DATABASE START: server1/Mexican_Food
2025-10-07 11:42:16,291 - INFO - Cleaned up system table: localhost_Mexican_Food.sys_trace_xe_event_map
2025-10-07 11:42:16,291 - INFO - Cleaned up system table: localhost_Mexican_Food.sys_trace_xe_action_map
2025-10-07 11:42:16,301 - INFO - [REQ] GET /static/actin-logo.png - 127.0.0.1
2025-10-07 11:42:16,303 - INFO - [RESP] GET /static/actin-logo.png - 304
2025-10-07 11:42:16,304 - INFO - 127.0.0.1 - - [07/Oct/2025 11:42:16] "[36mGET /static/actin-logo.png HTTP/1.1[0m" 304 -
2025-10-07 11:42:16,331 - INFO - === Starting INCREMENTAL sync for database: Mexican_Food ===
2025-10-07 11:42:16,691 - INFO - [INCR SYNC] dbo.Burritos: row_count=5, sync_col=BurritoID, last_value=None
2025-10-07 11:42:16,922 - INFO - Schema 'localhost_Mexican_Food' created/verified successfully
2025-10-07 11:42:17,132 - INFO - Last value is None for dbo.Burritos, using hash-based deduplication
2025-10-07 11:42:17,161 - INFO - No new rows found for dbo.Burritos
2025-10-07 11:42:17,387 - INFO - [INCR SYNC] dbo.Tacos: row_count=5, sync_col=TacoID, last_value=None
2025-10-07 11:42:17,452 - INFO - Schema 'localhost_Mexican_Food' created/verified successfully
2025-10-07 11:42:17,692 - INFO - Last value is None for dbo.Tacos, using hash-based deduplication
2025-10-07 11:42:17,720 - INFO - No new rows found for dbo.Tacos
2025-10-07 11:42:17,942 - INFO - [INCR SYNC] sys.trace_xe_action_map: row_count=22, sync_col=None, last_value=None
2025-10-07 11:42:18,167 - INFO - [INCR SYNC] sys.trace_xe_event_map: row_count=139, sync_col=None, last_value=None
2025-10-07 11:42:18,167 - INFO - === INCREMENTAL sync completed for Mexican_Food, 4/4 tables processed ===
2025-10-07 11:42:18,167 - INFO - server1/Mexican_Food: processed 4 tables
2025-10-07 11:42:18,168 - INFO - Completed server1
2025-10-07 11:42:18,168 - INFO - [WORKER] Completed sync for: server1
2025-10-07 11:42:18,716 - INFO - [REQ] GET /api/job-statuses - 127.0.0.1
2025-10-07 11:42:18,717 - INFO - [DEBUG] Checking auth for /api/job-statuses - username=admin, role=admin, ip=127.0.0.1
2025-10-07 11:42:18,718 - INFO - [AUTH] Authenticated access: admin (admin) to /api/job-statuses
2025-10-07 11:42:18,719 - INFO - [RESP] GET /api/job-statuses - 404
2025-10-07 11:42:18,721 - INFO - 127.0.0.1 - - [07/Oct/2025 11:42:18] "[33mGET /api/job-statuses HTTP/1.1[0m" 404 -
2025-10-07 11:42:19,601 - INFO - [REQ] GET /api/job-statuses - 127.0.0.1
2025-10-07 11:42:19,601 - INFO - [DEBUG] Checking auth for /api/job-statuses - username=admin, role=admin, ip=127.0.0.1
2025-10-07 11:42:19,603 - INFO - [AUTH] Authenticated access: admin (admin) to /api/job-statuses
2025-10-07 11:42:19,603 - INFO - [RESP] GET /api/job-statuses - 404
2025-10-07 11:42:19,604 - INFO - 127.0.0.1 - - [07/Oct/2025 11:42:19] "[33mGET /api/job-statuses HTTP/1.1[0m" 404 -
2025-10-07 11:42:20,694 - INFO - [REQ] GET / - 127.0.0.1
2025-10-07 11:42:20,695 - INFO - [DEBUG] Checking auth for / - username=admin, role=admin, ip=127.0.0.1
2025-10-07 11:42:20,696 - INFO - [AUTH] Authenticated access: admin (admin) to /
2025-10-07 11:42:20,696 - INFO - [HOME] Homepage accessed by user: admin
2025-10-07 11:42:20,700 - INFO - [INFO] Loaded 1 SQL servers for display
2025-10-07 11:42:20,702 - INFO - [RESP] GET / - 200
2025-10-07 11:42:20,703 - INFO - 127.0.0.1 - - [07/Oct/2025 11:42:20] "GET / HTTP/1.1" 200 -
2025-10-07 11:42:20,715 - INFO - [REQ] GET /static/actin-logo.png - 127.0.0.1
2025-10-07 11:42:20,716 - INFO - [RESP] GET /static/actin-logo.png - 304
2025-10-07 11:42:20,716 - INFO - 127.0.0.1 - - [07/Oct/2025 11:42:20] "[36mGET /static/actin-logo.png HTTP/1.1[0m" 304 -
2025-10-07 11:42:24,329 - INFO - [REQ] POST /delete-server/server1 - 127.0.0.1
2025-10-07 11:42:24,331 - INFO - [DEBUG] Checking auth for /delete-server/server1 - username=admin, role=admin, ip=127.0.0.1
2025-10-07 11:42:24,331 - INFO - [AUTH] Authenticated access: admin (admin) to /delete-server/server1
2025-10-07 11:42:24,335 - INFO - [RESP] POST /delete-server/server1 - 302
2025-10-07 11:42:24,336 - INFO - 127.0.0.1 - - [07/Oct/2025 11:42:24] "[32mPOST /delete-server/server1 HTTP/1.1[0m" 302 -
2025-10-07 11:42:24,646 - INFO - [REQ] GET / - 127.0.0.1
2025-10-07 11:42:24,648 - INFO - [DEBUG] Checking auth for / - username=admin, role=admin, ip=127.0.0.1
2025-10-07 11:42:24,648 - INFO - [AUTH] Authenticated access: admin (admin) to /
2025-10-07 11:42:24,649 - INFO - [HOME] Homepage accessed by user: admin
2025-10-07 11:42:24,652 - INFO - [INFO] Loaded 0 SQL servers for display
2025-10-07 11:42:24,653 - INFO - [RESP] GET / - 200
2025-10-07 11:42:24,656 - INFO - 127.0.0.1 - - [07/Oct/2025 11:42:24] "GET / HTTP/1.1" 200 -
2025-10-07 11:42:24,988 - INFO - [REQ] GET /static/actin-logo.png - 127.0.0.1
2025-10-07 11:42:24,989 - INFO - [RESP] GET /static/actin-logo.png - 304
2025-10-07 11:42:24,991 - INFO - 127.0.0.1 - - [07/Oct/2025 11:42:24] "[36mGET /static/actin-logo.png HTTP/1.1[0m" 304 -
2025-10-07 11:42:26,052 - INFO - [REQ] GET /add-server - 127.0.0.1
2025-10-07 11:42:26,053 - INFO - [DEBUG] Checking auth for /add-server - username=admin, role=admin, ip=127.0.0.1
2025-10-07 11:42:26,053 - INFO - [AUTH] Authenticated access: admin (admin) to /add-server
2025-10-07 11:42:26,130 - INFO - [RESP] GET /add-server - 200
2025-10-07 11:42:26,132 - INFO - 127.0.0.1 - - [07/Oct/2025 11:42:26] "GET /add-server HTTP/1.1" 200 -
2025-10-07 11:42:26,355 - INFO - [REQ] GET /static/actin-logo.png - 127.0.0.1
2025-10-07 11:42:26,358 - INFO - [RESP] GET /static/actin-logo.png - 304
2025-10-07 11:42:26,359 - INFO - 127.0.0.1 - - [07/Oct/2025 11:42:26] "[36mGET /static/actin-logo.png HTTP/1.1[0m" 304 -
2025-10-07 11:42:46,594 - INFO - [REQ] POST /add-server - 127.0.0.1
2025-10-07 11:42:46,595 - INFO - [DEBUG] Checking auth for /add-server - username=admin, role=admin, ip=127.0.0.1
2025-10-07 11:42:46,595 - INFO - [AUTH] Authenticated access: admin (admin) to /add-server
2025-10-07 11:42:46,604 - INFO - [RESP] POST /add-server - 302
2025-10-07 11:42:46,606 - INFO - 127.0.0.1 - - [07/Oct/2025 11:42:46] "[32mPOST /add-server HTTP/1.1[0m" 302 -
2025-10-07 11:42:46,610 - INFO - [REQ] GET / - 127.0.0.1
2025-10-07 11:42:46,610 - INFO - [DEBUG] Checking auth for / - username=admin, role=admin, ip=127.0.0.1
2025-10-07 11:42:46,612 - INFO - [AUTH] Authenticated access: admin (admin) to /
2025-10-07 11:42:46,612 - INFO - [HOME] Homepage accessed by user: admin
2025-10-07 11:42:46,640 - INFO - [INFO] Loaded 1 SQL servers for display
2025-10-07 11:42:46,642 - INFO - [RESP] GET / - 200
2025-10-07 11:42:46,644 - INFO - 127.0.0.1 - - [07/Oct/2025 11:42:46] "GET / HTTP/1.1" 200 -
2025-10-07 11:42:46,856 - INFO - [REQ] GET /static/actin-logo.png - 127.0.0.1
2025-10-07 11:42:46,859 - INFO - [RESP] GET /static/actin-logo.png - 304
2025-10-07 11:42:46,861 - INFO - 127.0.0.1 - - [07/Oct/2025 11:42:46] "[36mGET /static/actin-logo.png HTTP/1.1[0m" 304 -
2025-10-07 11:42:49,144 - INFO - [REQ] GET /sync_background/server1 - 127.0.0.1
2025-10-07 11:42:49,145 - INFO - [DEBUG] Checking auth for /sync_background/server1 - username=admin, role=admin, ip=127.0.0.1
2025-10-07 11:42:49,145 - INFO - [AUTH] Authenticated access: admin (admin) to /sync_background/server1
2025-10-07 11:42:49,146 - INFO - [SYNC-ASYNC START] Request to start background sync for: server1
2025-10-07 11:42:49,154 - INFO - [RESP] GET /sync_background/server1 - 202
2025-10-07 11:42:49,156 - INFO - 127.0.0.1 - - [07/Oct/2025 11:42:49] "[35m[1mGET /sync_background/server1 HTTP/1.1[0m" 202 -
2025-10-07 11:42:49,392 - INFO - [REQ] GET /sync_status/server1 - 127.0.0.1
2025-10-07 11:42:49,393 - INFO - [DEBUG] Checking auth for /sync_status/server1 - username=admin, role=admin, ip=127.0.0.1
2025-10-07 11:42:49,394 - INFO - [AUTH] Authenticated access: admin (admin) to /sync_status/server1
2025-10-07 11:42:49,515 - INFO - [RESP] GET /sync_status/server1 - 200
2025-10-07 11:42:49,516 - INFO - 127.0.0.1 - - [07/Oct/2025 11:42:49] "GET /sync_status/server1 HTTP/1.1" 200 -
2025-10-07 11:42:50,127 - INFO - [WORKER] Starting sync worker for: server1
2025-10-07 11:42:50,127 - INFO - MIGRATION STARTED for server1
2025-10-07 11:42:50,195 - INFO - Sync tracking table created/verified
2025-10-07 11:42:50,335 - INFO - Connected to SQL Server: localhost\SQL2019_Second
2025-10-07 11:42:50,415 - INFO - Found 9 databases on localhost\SQL2019_Second
2025-10-07 11:42:50,416 - INFO - DATABASE START: server1/newdb
2025-10-07 11:42:50,417 - INFO - Cleaned up system table: localhostSQL2019_Second_newdb.sys_trace_xe_event_map
2025-10-07 11:42:50,419 - INFO - Cleaned up system table: localhostSQL2019_Second_newdb.sys_trace_xe_action_map
2025-10-07 11:42:50,498 - INFO - === Starting FULL sync for database: newdb ===
2025-10-07 11:42:52,157 - INFO - [FULL SYNC] Processing sys.trace_xe_action_map
2025-10-07 11:42:52,157 - INFO - [FULL SYNC] Processing sys.trace_xe_event_map
2025-10-07 11:42:52,157 - INFO - === FULL sync completed for newdb, 2/2 tables processed ===
2025-10-07 11:42:52,159 - INFO - server1/newdb: processed 2 tables
2025-10-07 11:42:52,162 - INFO - DATABASE START: server1/Saad1
2025-10-07 11:42:52,164 - INFO - Cleaned up system table: localhostSQL2019_Second_Saad1.sys_trace_xe_event_map
2025-10-07 11:42:52,165 - INFO - Cleaned up system table: localhostSQL2019_Second_Saad1.sys_trace_xe_action_map
2025-10-07 11:42:52,565 - INFO - === Starting FULL sync for database: Saad1 ===
2025-10-07 11:42:52,888 - INFO - [FULL SYNC] Processing dbo.Employees
2025-10-07 11:42:53,073 - INFO - Schema 'localhostSQL2019_Second_Saad1' created/verified successfully
2025-10-07 11:42:53,113 - INFO - Created table 'localhostSQL2019_Second_Saad1.dbo_Employees' with proper data types
2025-10-07 11:42:53,171 - INFO - Table dbo.Employees is empty, but schema created in PostgreSQL
2025-10-07 11:42:53,174 - INFO - [FULL SYNC] Processing sys.trace_xe_action_map
2025-10-07 11:42:53,175 - INFO - [FULL SYNC] Processing sys.trace_xe_event_map
2025-10-07 11:42:53,175 - INFO - === FULL sync completed for Saad1, 3/3 tables processed ===
2025-10-07 11:42:53,176 - INFO - server1/Saad1: processed 3 tables
2025-10-07 11:42:53,178 - INFO - DATABASE START: server1/saadtest
2025-10-07 11:42:53,180 - INFO - Cleaned up system table: localhostSQL2019_Second_saadtest.sys_trace_xe_event_map
2025-10-07 11:42:53,182 - INFO - Cleaned up system table: localhostSQL2019_Second_saadtest.sys_trace_xe_action_map
2025-10-07 11:42:53,586 - INFO - === Starting FULL sync for database: saadtest ===
2025-10-07 11:42:54,464 - INFO - [FULL SYNC] Processing dbo.Employees
2025-10-07 11:42:54,565 - INFO - Schema 'localhostSQL2019_Second_saadtest' created/verified successfully
2025-10-07 11:42:54,578 - INFO - Created table 'localhostSQL2019_Second_saadtest.dbo_Employees' with proper data types
2025-10-07 11:42:54,624 - WARNING - Could not get PK info for dbo.Employees: 'pyodbc.Cursor' object has no attribute 'cursor'
2025-10-07 11:42:54,624 - WARNING - Could not get timestamp column for dbo.Employees: 'pyodbc.Cursor' object has no attribute 'cursor'
2025-10-07 11:42:54,624 - WARNING - Could not get unique identifier column for dbo.Employees: 'pyodbc.Cursor' object has no attribute 'cursor'
2025-10-07 11:42:54,625 - INFO - [FULL SYNC] Processing sys.trace_xe_action_map
2025-10-07 11:42:54,626 - INFO - [FULL SYNC] Processing sys.trace_xe_event_map
2025-10-07 11:42:54,626 - INFO - === FULL sync completed for saadtest, 3/3 tables processed ===
2025-10-07 11:42:54,628 - INFO - server1/saadtest: processed 3 tables
2025-10-07 11:42:54,630 - INFO - DATABASE START: server1/SampleDB
2025-10-07 11:42:54,630 - INFO - Cleaned up system table: localhostSQL2019_Second_SampleDB.sys_trace_xe_event_map
2025-10-07 11:42:54,631 - INFO - Cleaned up system table: localhostSQL2019_Second_SampleDB.sys_trace_xe_action_map
2025-10-07 11:42:55,027 - INFO - === Starting FULL sync for database: SampleDB ===
2025-10-07 11:42:55,321 - INFO - [FULL SYNC] Processing dbo.Employees
2025-10-07 11:42:55,542 - INFO - Schema 'localhostSQL2019_Second_SampleDB' created/verified successfully
2025-10-07 11:42:55,553 - INFO - Created table 'localhostSQL2019_Second_SampleDB.dbo_Employees' with proper data types
2025-10-07 11:42:55,624 - WARNING - Could not get PK info for dbo.Employees: 'pyodbc.Cursor' object has no attribute 'cursor'
2025-10-07 11:42:55,625 - WARNING - Could not get timestamp column for dbo.Employees: 'pyodbc.Cursor' object has no attribute 'cursor'
2025-10-07 11:42:55,625 - WARNING - Could not get unique identifier column for dbo.Employees: 'pyodbc.Cursor' object has no attribute 'cursor'
2025-10-07 11:42:55,627 - INFO - [FULL SYNC] Processing sys.trace_xe_action_map
2025-10-07 11:42:55,627 - INFO - [FULL SYNC] Processing sys.trace_xe_event_map
2025-10-07 11:42:55,627 - INFO - === FULL sync completed for SampleDB, 3/3 tables processed ===
2025-10-07 11:42:55,629 - INFO - server1/SampleDB: processed 3 tables
2025-10-07 11:42:55,630 - INFO - DATABASE START: server1/SampleDB1
2025-10-07 11:42:55,632 - INFO - Cleaned up system table: localhostSQL2019_Second_SampleDB1.sys_trace_xe_event_map
2025-10-07 11:42:55,634 - INFO - Cleaned up system table: localhostSQL2019_Second_SampleDB1.sys_trace_xe_action_map
2025-10-07 11:42:55,960 - INFO - === Starting FULL sync for database: SampleDB1 ===
2025-10-07 11:42:56,380 - INFO - [FULL SYNC] Processing dbo.Employees
2025-10-07 11:42:56,454 - INFO - Schema 'localhostSQL2019_Second_SampleDB1' created/verified successfully
2025-10-07 11:42:56,466 - INFO - Created table 'localhostSQL2019_Second_SampleDB1.dbo_Employees' with proper data types
2025-10-07 11:42:56,510 - WARNING - Could not get PK info for dbo.Employees: 'pyodbc.Cursor' object has no attribute 'cursor'
2025-10-07 11:42:56,510 - WARNING - Could not get timestamp column for dbo.Employees: 'pyodbc.Cursor' object has no attribute 'cursor'
2025-10-07 11:42:56,510 - WARNING - Could not get unique identifier column for dbo.Employees: 'pyodbc.Cursor' object has no attribute 'cursor'
2025-10-07 11:42:56,512 - INFO - [FULL SYNC] Processing sys.trace_xe_action_map
2025-10-07 11:42:56,512 - INFO - [FULL SYNC] Processing sys.trace_xe_event_map
2025-10-07 11:42:56,512 - INFO - === FULL sync completed for SampleDB1, 3/3 tables processed ===
2025-10-07 11:42:56,514 - INFO - server1/SampleDB1: processed 3 tables
2025-10-07 11:42:56,516 - INFO - DATABASE START: server1/SampleDB2
2025-10-07 11:42:56,517 - INFO - Cleaned up system table: localhostSQL2019_Second_SampleDB2.sys_trace_xe_event_map
2025-10-07 11:42:56,519 - INFO - Cleaned up system table: localhostSQL2019_Second_SampleDB2.sys_trace_xe_action_map
2025-10-07 11:44:09,853 - INFO -  * Detected change in 'C:\\Users\\SaadSayyed\\Desktop\\nitin_sir_7\\nitin_sir5\\dashboard.py', reloading
2025-10-07 11:44:10,168 - INFO -  * Restarting with stat
2025-10-07 11:44:10,545 - INFO -  * Detected change in 'C:\\Users\\SaadSayyed\\Desktop\\nitin_sir_7\\nitin_sir5\\dashboard.py', reloading
2025-10-07 11:44:10,654 - INFO -  * Restarting with stat
2025-10-07 11:44:11,545 - INFO - [INIT] Initializing Flask application...
2025-10-07 11:44:11,545 - INFO - [CONFIG] Loading configuration...
2025-10-07 11:44:11,546 - INFO - [AUTH] Authentication system ready
2025-10-07 11:44:11,546 - INFO - [DATABASE] Database connections configured
2025-10-07 11:44:11,546 - INFO - [SCHEDULER] Scheduler system active
2025-10-07 11:44:11,546 - INFO - [STARTUP] Application startup complete!
2025-10-07 11:44:11,558 - WARNING -  * Debugger is active!
2025-10-07 11:44:11,561 - INFO -  * Debugger PIN: 499-062-501
2025-10-07 11:44:11,828 - INFO - [INIT] Initializing Flask application...
2025-10-07 11:44:11,828 - INFO - [CONFIG] Loading configuration...
2025-10-07 11:44:11,828 - INFO - [AUTH] Authentication system ready
2025-10-07 11:44:11,828 - INFO - [DATABASE] Database connections configured
2025-10-07 11:44:11,829 - INFO - [SCHEDULER] Scheduler system active
2025-10-07 11:44:11,829 - INFO - [STARTUP] Application startup complete!
2025-10-07 11:44:11,841 - WARNING -  * Debugger is active!
2025-10-07 11:44:11,844 - INFO -  * Debugger PIN: 499-062-501
2025-10-07 11:44:16,479 - INFO - [REQ] GET / - 127.0.0.1
2025-10-07 11:44:16,480 - INFO - [DEBUG] Checking auth for / - username=admin, role=admin, ip=127.0.0.1
2025-10-07 11:44:16,482 - INFO - [AUTH] Cleared old session from previous server instance
2025-10-07 11:44:16,482 - WARNING - [AUTH] BLOCKED unauthenticated access to / from 127.0.0.1
2025-10-07 11:44:16,483 - WARNING - [AUTH] Session contents: {}
2025-10-07 11:44:16,484 - INFO - [RESP] GET / - 302
2025-10-07 11:44:16,487 - INFO - 127.0.0.1 - - [07/Oct/2025 11:44:16] "[32mGET / HTTP/1.1[0m" 302 -
2025-10-07 11:44:16,497 - INFO - [REQ] GET /login - 127.0.0.1
2025-10-07 11:44:16,504 - INFO - [RESP] GET /login - 200
2025-10-07 11:44:16,505 - INFO - 127.0.0.1 - - [07/Oct/2025 11:44:16] "GET /login HTTP/1.1" 200 -
2025-10-07 11:44:27,734 - INFO - [REQ] POST /login - 127.0.0.1
2025-10-07 11:44:28,259 - INFO - [LOGIN] Successful login: admin (admin) from 127.0.0.1
2025-10-07 11:44:28,260 - INFO - [RESP] POST /login - 302
2025-10-07 11:44:28,262 - INFO - 127.0.0.1 - - [07/Oct/2025 11:44:28] "[32mPOST /login HTTP/1.1[0m" 302 -
2025-10-07 11:44:28,271 - INFO - [REQ] GET / - 127.0.0.1
2025-10-07 11:44:28,271 - INFO - [DEBUG] Checking auth for / - username=admin, role=admin, ip=127.0.0.1
2025-10-07 11:44:28,273 - INFO - [AUTH] Authenticated access: admin (admin) to /
2025-10-07 11:44:28,274 - INFO - [HOME] Homepage accessed by user: admin
2025-10-07 11:44:28,276 - INFO - [INFO] Loaded 1 SQL servers for display
2025-10-07 11:44:28,357 - INFO - [RESP] GET / - 200
2025-10-07 11:44:28,359 - INFO - 127.0.0.1 - - [07/Oct/2025 11:44:28] "GET / HTTP/1.1" 200 -
2025-10-07 11:44:28,686 - INFO - [REQ] GET /static/actin-logo.png - 127.0.0.1
2025-10-07 11:44:28,852 - INFO - [RESP] GET /static/actin-logo.png - 304
2025-10-07 11:44:28,854 - INFO - 127.0.0.1 - - [07/Oct/2025 11:44:28] "[36mGET /static/actin-logo.png HTTP/1.1[0m" 304 -
2025-10-07 11:44:29,776 - INFO - [REQ] GET /sync_background/server1 - 127.0.0.1
2025-10-07 11:44:29,779 - INFO - [DEBUG] Checking auth for /sync_background/server1 - username=admin, role=admin, ip=127.0.0.1
2025-10-07 11:44:29,779 - INFO - [AUTH] Authenticated access: admin (admin) to /sync_background/server1
2025-10-07 11:44:29,780 - INFO - [SYNC-ASYNC START] Request to start background sync for: server1
2025-10-07 11:44:29,781 - INFO - [SYNC-ASYNC WORKER] Background worker started for: server1
2025-10-07 11:44:29,782 - INFO - [RESP] GET /sync_background/server1 - 202
2025-10-07 11:44:29,788 - INFO - 127.0.0.1 - - [07/Oct/2025 11:44:29] "[35m[1mGET /sync_background/server1 HTTP/1.1[0m" 202 -
2025-10-07 11:44:29,839 - INFO - [PROCESS] Background processing hybrid sync for server1
2025-10-07 11:44:29,839 - INFO - MIGRATION STARTED for server1
2025-10-07 11:44:29,982 - INFO - Sync tracking table created/verified
2025-10-07 11:44:30,092 - INFO - Connected to SQL Server: localhost\SQL2019_Second
2025-10-07 11:44:30,148 - INFO - Found 9 databases on localhost\SQL2019_Second
2025-10-07 11:44:30,150 - INFO - DATABASE START: server1/newdb
2025-10-07 11:44:30,152 - INFO - Cleaned up system table: localhostSQL2019_Second_newdb.sys_trace_xe_event_map
2025-10-07 11:44:30,152 - INFO - Cleaned up system table: localhostSQL2019_Second_newdb.sys_trace_xe_action_map
2025-10-07 11:44:30,223 - INFO - === Starting INCREMENTAL sync for database: newdb ===
2025-10-07 11:44:30,603 - INFO - [INCR SYNC] sys.trace_xe_action_map: row_count=22, sync_col=None, last_value=None
2025-10-07 11:44:30,784 - INFO - [INCR SYNC] sys.trace_xe_event_map: row_count=139, sync_col=None, last_value=None
2025-10-07 11:44:30,785 - INFO - === INCREMENTAL sync completed for newdb, 2/2 tables processed ===
2025-10-07 11:44:30,791 - INFO - server1/newdb: processed 2 tables
2025-10-07 11:44:30,794 - INFO - DATABASE START: server1/Saad1
2025-10-07 11:44:30,795 - INFO - Cleaned up system table: localhostSQL2019_Second_Saad1.sys_trace_xe_event_map
2025-10-07 11:44:30,796 - INFO - Cleaned up system table: localhostSQL2019_Second_Saad1.sys_trace_xe_action_map
2025-10-07 11:44:30,838 - INFO - === Starting INCREMENTAL sync for database: Saad1 ===
2025-10-07 11:44:31,171 - INFO - [INCR SYNC] dbo.Employees: row_count=0, sync_col=EmployeeID, last_value=None
2025-10-07 11:44:31,343 - INFO - Schema 'localhostSQL2019_Second_Saad1' created/verified successfully
2025-10-07 11:44:31,371 - INFO - Last value is None for dbo.Employees, using hash-based deduplication
2025-10-07 11:44:31,375 - INFO - Table dbo.Employees is empty, but schema ensured in PostgreSQL
2025-10-07 11:44:31,564 - INFO - [INCR SYNC] sys.trace_xe_action_map: row_count=22, sync_col=None, last_value=None
2025-10-07 11:44:31,743 - INFO - [INCR SYNC] sys.trace_xe_event_map: row_count=139, sync_col=None, last_value=None
2025-10-07 11:44:31,743 - INFO - === INCREMENTAL sync completed for Saad1, 3/3 tables processed ===
2025-10-07 11:44:31,746 - INFO - server1/Saad1: processed 3 tables
2025-10-07 11:44:31,748 - INFO - DATABASE START: server1/saadtest
2025-10-07 11:44:31,749 - INFO - Cleaned up system table: localhostSQL2019_Second_saadtest.sys_trace_xe_event_map
2025-10-07 11:44:31,750 - INFO - Cleaned up system table: localhostSQL2019_Second_saadtest.sys_trace_xe_action_map
2025-10-07 11:44:31,798 - INFO - === Starting INCREMENTAL sync for database: saadtest ===
2025-10-07 11:44:32,137 - INFO - [INCR SYNC] dbo.Employees: row_count=7, sync_col=EmployeeID, last_value=None
2025-10-07 11:44:32,284 - INFO - Schema 'localhostSQL2019_Second_saadtest' created/verified successfully
2025-10-07 11:44:32,300 - INFO - Last value is None for dbo.Employees, using hash-based deduplication
2025-10-07 11:44:32,314 - INFO - No new rows found for dbo.Employees
2025-10-07 11:44:32,518 - INFO - [INCR SYNC] sys.trace_xe_action_map: row_count=22, sync_col=None, last_value=None
2025-10-07 11:44:32,697 - INFO - [INCR SYNC] sys.trace_xe_event_map: row_count=139, sync_col=None, last_value=None
2025-10-07 11:44:32,698 - INFO - === INCREMENTAL sync completed for saadtest, 3/3 tables processed ===
2025-10-07 11:44:32,703 - INFO - server1/saadtest: processed 3 tables
2025-10-07 11:44:32,706 - INFO - DATABASE START: server1/SampleDB
2025-10-07 11:44:32,707 - INFO - Cleaned up system table: localhostSQL2019_Second_SampleDB.sys_trace_xe_event_map
2025-10-07 11:44:32,708 - INFO - Cleaned up system table: localhostSQL2019_Second_SampleDB.sys_trace_xe_action_map
2025-10-07 11:44:32,749 - INFO - === Starting INCREMENTAL sync for database: SampleDB ===
2025-10-07 11:44:33,075 - INFO - [INCR SYNC] dbo.Employees: row_count=5, sync_col=EmployeeID, last_value=None
2025-10-07 11:44:33,219 - INFO - Schema 'localhostSQL2019_Second_SampleDB' created/verified successfully
2025-10-07 11:44:33,232 - INFO - Last value is None for dbo.Employees, using hash-based deduplication
2025-10-07 11:44:33,244 - INFO - No new rows found for dbo.Employees
2025-10-07 11:44:33,438 - INFO - [INCR SYNC] sys.trace_xe_action_map: row_count=22, sync_col=None, last_value=None
2025-10-07 11:44:33,626 - INFO - [INCR SYNC] sys.trace_xe_event_map: row_count=139, sync_col=None, last_value=None
2025-10-07 11:44:33,628 - INFO - === INCREMENTAL sync completed for SampleDB, 3/3 tables processed ===
2025-10-07 11:44:33,633 - INFO - server1/SampleDB: processed 3 tables
2025-10-07 11:44:33,635 - INFO - DATABASE START: server1/SampleDB1
2025-10-07 11:44:33,637 - INFO - Cleaned up system table: localhostSQL2019_Second_SampleDB1.sys_trace_xe_event_map
2025-10-07 11:44:33,637 - INFO - Cleaned up system table: localhostSQL2019_Second_SampleDB1.sys_trace_xe_action_map
2025-10-07 11:44:33,679 - INFO - === Starting INCREMENTAL sync for database: SampleDB1 ===
2025-10-07 11:44:34,006 - INFO - [INCR SYNC] dbo.Employees: row_count=5, sync_col=EmployeeID, last_value=None
2025-10-07 11:44:34,156 - INFO - Schema 'localhostSQL2019_Second_SampleDB1' created/verified successfully
2025-10-07 11:44:34,169 - INFO - Last value is None for dbo.Employees, using hash-based deduplication
2025-10-07 11:44:34,179 - INFO - No new rows found for dbo.Employees
2025-10-07 11:44:34,373 - INFO - [INCR SYNC] sys.trace_xe_action_map: row_count=22, sync_col=None, last_value=None
2025-10-07 11:44:34,559 - INFO - [INCR SYNC] sys.trace_xe_event_map: row_count=139, sync_col=None, last_value=None
2025-10-07 11:44:34,564 - INFO - === INCREMENTAL sync completed for SampleDB1, 3/3 tables processed ===
2025-10-07 11:44:34,574 - INFO - server1/SampleDB1: processed 3 tables
2025-10-07 11:44:34,581 - INFO - DATABASE START: server1/SampleDB2
2025-10-07 11:44:34,583 - INFO - Cleaned up system table: localhostSQL2019_Second_SampleDB2.sys_trace_xe_event_map
2025-10-07 11:44:34,585 - INFO - Cleaned up system table: localhostSQL2019_Second_SampleDB2.sys_trace_xe_action_map
2025-10-07 11:44:34,629 - INFO - === Starting FULL sync for database: SampleDB2 ===
2025-10-07 11:44:34,848 - INFO - [FULL SYNC] Processing dbo.Employees
2025-10-07 11:44:34,918 - INFO - Schema 'localhostSQL2019_Second_SampleDB2' created/verified successfully
2025-10-07 11:44:34,932 - INFO - Created table 'localhostSQL2019_Second_SampleDB2.dbo_Employees' with proper data types
2025-10-07 11:44:34,945 - WARNING - Could not get PK info for dbo.Employees: 'pyodbc.Cursor' object has no attribute 'cursor'
2025-10-07 11:44:34,947 - WARNING - Could not get timestamp column for dbo.Employees: 'pyodbc.Cursor' object has no attribute 'cursor'
2025-10-07 11:44:34,948 - WARNING - Could not get unique identifier column for dbo.Employees: 'pyodbc.Cursor' object has no attribute 'cursor'
2025-10-07 11:44:34,951 - INFO - [FULL SYNC] Processing sys.trace_xe_action_map
2025-10-07 11:44:34,952 - INFO - [FULL SYNC] Processing sys.trace_xe_event_map
2025-10-07 11:44:34,953 - INFO - === FULL sync completed for SampleDB2, 3/3 tables processed ===
2025-10-07 11:44:34,955 - INFO - server1/SampleDB2: processed 3 tables
2025-10-07 11:44:34,958 - INFO - DATABASE START: server1/SampleDB20
2025-10-07 11:44:34,958 - INFO - Cleaned up system table: localhostSQL2019_Second_SampleDB20.sys_trace_xe_event_map
2025-10-07 11:44:34,959 - INFO - Cleaned up system table: localhostSQL2019_Second_SampleDB20.sys_trace_xe_action_map
2025-10-07 11:44:35,010 - INFO - === Starting FULL sync for database: SampleDB20 ===
2025-10-07 11:44:35,247 - INFO - [FULL SYNC] Processing dbo.Customers
2025-10-07 11:44:35,315 - INFO - Schema 'localhostSQL2019_Second_SampleDB20' created/verified successfully
2025-10-07 11:44:35,323 - INFO - Created table 'localhostSQL2019_Second_SampleDB20.dbo_Customers' with proper data types
2025-10-07 11:44:35,334 - WARNING - Could not get PK info for dbo.Customers: 'pyodbc.Cursor' object has no attribute 'cursor'
2025-10-07 11:44:35,335 - WARNING - Could not get timestamp column for dbo.Customers: 'pyodbc.Cursor' object has no attribute 'cursor'
2025-10-07 11:44:35,336 - WARNING - Could not get unique identifier column for dbo.Customers: 'pyodbc.Cursor' object has no attribute 'cursor'
2025-10-07 11:44:35,338 - INFO - [FULL SYNC] Processing sys.trace_xe_action_map
2025-10-07 11:44:35,339 - INFO - [FULL SYNC] Processing sys.trace_xe_event_map
2025-10-07 11:44:35,339 - INFO - === FULL sync completed for SampleDB20, 3/3 tables processed ===
2025-10-07 11:44:35,340 - INFO - server1/SampleDB20: processed 3 tables
2025-10-07 11:44:35,342 - INFO - DATABASE START: server1/SampleDB21
2025-10-07 11:44:35,343 - INFO - Cleaned up system table: localhostSQL2019_Second_SampleDB21.sys_trace_xe_event_map
2025-10-07 11:44:35,344 - INFO - Cleaned up system table: localhostSQL2019_Second_SampleDB21.sys_trace_xe_action_map
2025-10-07 11:44:35,393 - INFO - === Starting FULL sync for database: SampleDB21 ===
2025-10-07 11:44:35,634 - INFO - [FULL SYNC] Processing dbo.Customers
2025-10-07 11:44:35,697 - INFO - Schema 'localhostSQL2019_Second_SampleDB21' created/verified successfully
2025-10-07 11:44:35,707 - INFO - Created table 'localhostSQL2019_Second_SampleDB21.dbo_Customers' with proper data types
2025-10-07 11:44:35,718 - WARNING - Could not get PK info for dbo.Customers: 'pyodbc.Cursor' object has no attribute 'cursor'
2025-10-07 11:44:35,719 - WARNING - Could not get timestamp column for dbo.Customers: 'pyodbc.Cursor' object has no attribute 'cursor'
2025-10-07 11:44:35,719 - WARNING - Could not get unique identifier column for dbo.Customers: 'pyodbc.Cursor' object has no attribute 'cursor'
2025-10-07 11:44:35,723 - INFO - [FULL SYNC] Processing sys.trace_xe_action_map
2025-10-07 11:44:35,724 - INFO - [FULL SYNC] Processing sys.trace_xe_event_map
2025-10-07 11:44:35,725 - INFO - === FULL sync completed for SampleDB21, 3/3 tables processed ===
2025-10-07 11:44:35,726 - INFO - server1/SampleDB21: processed 3 tables
2025-10-07 11:44:35,727 - INFO - DATABASE START: server1/SampleDB3
2025-10-07 11:44:35,728 - INFO - Cleaned up system table: localhostSQL2019_Second_SampleDB3.sys_trace_xe_event_map
2025-10-07 11:44:35,728 - INFO - Cleaned up system table: localhostSQL2019_Second_SampleDB3.sys_trace_xe_action_map
2025-10-07 11:44:35,777 - INFO - === Starting FULL sync for database: SampleDB3 ===
2025-10-07 11:44:36,004 - INFO - [FULL SYNC] Processing dbo.Employees
2025-10-07 11:44:36,070 - INFO - Schema 'localhostSQL2019_Second_SampleDB3' created/verified successfully
2025-10-07 11:44:36,083 - INFO - Created table 'localhostSQL2019_Second_SampleDB3.dbo_Employees' with proper data types
2025-10-07 11:44:36,094 - WARNING - Could not get PK info for dbo.Employees: 'pyodbc.Cursor' object has no attribute 'cursor'
2025-10-07 11:44:36,095 - WARNING - Could not get timestamp column for dbo.Employees: 'pyodbc.Cursor' object has no attribute 'cursor'
2025-10-07 11:44:36,095 - WARNING - Could not get unique identifier column for dbo.Employees: 'pyodbc.Cursor' object has no attribute 'cursor'
2025-10-07 11:44:36,099 - INFO - [FULL SYNC] Processing sys.trace_xe_action_map
2025-10-07 11:44:36,100 - INFO - [FULL SYNC] Processing sys.trace_xe_event_map
2025-10-07 11:44:36,100 - INFO - === FULL sync completed for SampleDB3, 3/3 tables processed ===
2025-10-07 11:44:36,101 - INFO - server1/SampleDB3: processed 3 tables
2025-10-07 11:44:36,104 - INFO - Completed server1
2025-10-07 11:44:36,104 - INFO - [SYNC-ASYNC COMPLETE] Background sync completed for server1
2025-10-07 11:44:51,538 - INFO - [REQ] GET /server/server1 - 127.0.0.1
2025-10-07 11:44:51,540 - INFO - [DEBUG] Checking auth for /server/server1 - username=admin, role=admin, ip=127.0.0.1
2025-10-07 11:44:51,540 - INFO - [AUTH] Authenticated access: admin (admin) to /server/server1
2025-10-07 11:44:51,571 - INFO - [RESP] GET /server/server1 - 200
2025-10-07 11:44:51,573 - INFO - 127.0.0.1 - - [07/Oct/2025 11:44:51] "GET /server/server1 HTTP/1.1" 200 -
2025-10-07 11:44:51,617 - INFO - [REQ] GET /static/actin-logo.png - 127.0.0.1
2025-10-07 11:44:51,619 - INFO - [RESP] GET /static/actin-logo.png - 304
2025-10-07 11:44:51,620 - INFO - 127.0.0.1 - - [07/Oct/2025 11:44:51] "[36mGET /static/actin-logo.png HTTP/1.1[0m" 304 -
2025-10-07 11:44:53,894 - INFO - [REQ] GET /server/server1 - 127.0.0.1
2025-10-07 11:44:53,898 - INFO - [DEBUG] Checking auth for /server/server1 - username=admin, role=admin, ip=127.0.0.1
2025-10-07 11:44:53,903 - INFO - [AUTH] Authenticated access: admin (admin) to /server/server1
2025-10-07 11:44:53,917 - INFO - [RESP] GET /server/server1 - 200
2025-10-07 11:44:53,920 - INFO - 127.0.0.1 - - [07/Oct/2025 11:44:53] "GET /server/server1 HTTP/1.1" 200 -
2025-10-07 11:44:54,202 - INFO - [REQ] GET /static/actin-logo.png - 127.0.0.1
2025-10-07 11:44:54,204 - INFO - [RESP] GET /static/actin-logo.png - 304
2025-10-07 11:44:54,205 - INFO - 127.0.0.1 - - [07/Oct/2025 11:44:54] "[36mGET /static/actin-logo.png HTTP/1.1[0m" 304 -
2025-10-07 11:52:50,814 - INFO - [INIT] Initializing Flask application...
2025-10-07 11:52:50,814 - INFO - [CONFIG] Loading configuration...
2025-10-07 11:52:50,815 - INFO - [AUTH] Authentication system ready
2025-10-07 11:52:50,815 - INFO - [DATABASE] Database connections configured
2025-10-07 11:52:50,815 - INFO - [SCHEDULER] Scheduler system active
2025-10-07 11:52:50,816 - INFO - [STARTUP] Application startup complete!
2025-10-07 11:52:50,853 - INFO - [31m[1mWARNING: This is a development server. Do not use it in a production deployment. Use a production WSGI server instead.[0m
 * Running on http://127.0.0.1:5000
2025-10-07 11:52:50,854 - INFO - [33mPress CTRL+C to quit[0m
2025-10-07 11:52:50,857 - INFO -  * Restarting with stat
2025-10-07 11:52:52,462 - INFO - [INIT] Initializing Flask application...
2025-10-07 11:52:52,462 - INFO - [CONFIG] Loading configuration...
2025-10-07 11:52:52,463 - INFO - [AUTH] Authentication system ready
2025-10-07 11:52:52,463 - INFO - [DATABASE] Database connections configured
2025-10-07 11:52:52,463 - INFO - [SCHEDULER] Scheduler system active
2025-10-07 11:52:52,463 - INFO - [STARTUP] Application startup complete!
2025-10-07 11:52:52,476 - WARNING -  * Debugger is active!
2025-10-07 11:52:52,477 - INFO -  * Debugger PIN: 499-062-501
2025-10-07 11:52:52,497 - INFO - [REQ] GET /login - 127.0.0.1
2025-10-07 11:52:52,499 - INFO - [RESP] GET /login - 200
2025-10-07 11:52:52,501 - INFO - 127.0.0.1 - - [07/Oct/2025 11:52:52] "GET /login HTTP/1.1" 200 -
2025-10-07 11:52:57,927 - INFO - [REQ] POST /login - 127.0.0.1
2025-10-07 11:52:58,493 - INFO - [LOGIN] Successful login: admin (admin) from 127.0.0.1
2025-10-07 11:52:58,494 - INFO - [RESP] POST /login - 302
2025-10-07 11:52:58,496 - INFO - 127.0.0.1 - - [07/Oct/2025 11:52:58] "[32mPOST /login HTTP/1.1[0m" 302 -
2025-10-07 11:52:58,501 - INFO - [REQ] GET / - 127.0.0.1
2025-10-07 11:52:58,503 - INFO - [DEBUG] Checking auth for / - username=admin, role=admin, ip=127.0.0.1
2025-10-07 11:52:58,503 - INFO - [AUTH] Authenticated access: admin (admin) to /
2025-10-07 11:52:58,503 - INFO - [HOME] Homepage accessed by user: admin
2025-10-07 11:52:58,505 - INFO - [INFO] Loaded 1 SQL servers for display
2025-10-07 11:52:58,522 - INFO - [RESP] GET / - 200
2025-10-07 11:52:58,522 - INFO - 127.0.0.1 - - [07/Oct/2025 11:52:58] "GET / HTTP/1.1" 200 -
2025-10-07 11:52:58,849 - INFO - [REQ] GET /static/actin-logo.png - 127.0.0.1
2025-10-07 11:52:59,013 - INFO - [RESP] GET /static/actin-logo.png - 304
2025-10-07 11:52:59,014 - INFO - 127.0.0.1 - - [07/Oct/2025 11:52:59] "[36mGET /static/actin-logo.png HTTP/1.1[0m" 304 -
2025-10-07 11:53:02,821 - INFO - [REQ] GET /sync_background/server1 - 127.0.0.1
2025-10-07 11:53:02,831 - INFO - [DEBUG] Checking auth for /sync_background/server1 - username=admin, role=admin, ip=127.0.0.1
2025-10-07 11:53:02,831 - INFO - [AUTH] Authenticated access: admin (admin) to /sync_background/server1
2025-10-07 11:53:02,832 - INFO - [SYNC-ASYNC START] Request to start background sync for: server1
2025-10-07 11:53:02,835 - INFO - [SYNC-ASYNC WORKER] Background worker started for: server1
2025-10-07 11:53:02,836 - INFO - [RESP] GET /sync_background/server1 - 202
2025-10-07 11:53:02,838 - INFO - 127.0.0.1 - - [07/Oct/2025 11:53:02] "[35m[1mGET /sync_background/server1 HTTP/1.1[0m" 202 -
2025-10-07 11:53:02,870 - INFO - [PROCESS] Background processing hybrid sync for server1
2025-10-07 11:53:02,870 - INFO - MIGRATION STARTED for server1
2025-10-07 11:53:02,941 - INFO - Sync tracking table created/verified
2025-10-07 11:53:03,042 - INFO - Connected to SQL Server: localhost\SQL2019_Second
2025-10-07 11:53:03,098 - INFO - Found 9 databases on localhost\SQL2019_Second
2025-10-07 11:53:03,099 - INFO - DATABASE START: server1/newdb
2025-10-07 11:53:03,101 - INFO - Cleaned up system table: localhostSQL2019_Second_newdb.sys_trace_xe_event_map
2025-10-07 11:53:03,102 - INFO - Cleaned up system table: localhostSQL2019_Second_newdb.sys_trace_xe_action_map
2025-10-07 11:53:03,169 - INFO - === Starting INCREMENTAL sync for database: newdb ===
2025-10-07 11:53:03,520 - INFO - [INCR SYNC] sys.trace_xe_action_map: row_count=22, sync_col=None, last_value=None
2025-10-07 11:53:03,701 - INFO - [INCR SYNC] sys.trace_xe_event_map: row_count=139, sync_col=None, last_value=None
2025-10-07 11:53:03,702 - INFO - === INCREMENTAL sync completed for newdb, 2/2 tables processed ===
2025-10-07 11:53:03,712 - INFO - server1/newdb: processed 2 tables
2025-10-07 11:53:03,715 - INFO - DATABASE START: server1/Saad1
2025-10-07 11:53:03,718 - INFO - Cleaned up system table: localhostSQL2019_Second_Saad1.sys_trace_xe_event_map
2025-10-07 11:53:03,719 - INFO - Cleaned up system table: localhostSQL2019_Second_Saad1.sys_trace_xe_action_map
2025-10-07 11:53:03,766 - INFO - === Starting INCREMENTAL sync for database: Saad1 ===
2025-10-07 11:53:04,091 - INFO - [INCR SYNC] dbo.Employees: row_count=0, sync_col=EmployeeID, last_value=None
2025-10-07 11:53:04,272 - INFO - Schema 'localhostSQL2019_Second_Saad1' created/verified successfully
2025-10-07 11:53:04,307 - INFO - Last value is None for dbo.Employees, using hash-based deduplication
2025-10-07 11:53:04,313 - INFO - Table dbo.Employees is empty, but schema ensured in PostgreSQL
2025-10-07 11:53:04,514 - INFO - [INCR SYNC] sys.trace_xe_action_map: row_count=22, sync_col=None, last_value=None
2025-10-07 11:53:04,697 - INFO - [INCR SYNC] sys.trace_xe_event_map: row_count=139, sync_col=None, last_value=None
2025-10-07 11:53:04,698 - INFO - === INCREMENTAL sync completed for Saad1, 3/3 tables processed ===
2025-10-07 11:53:04,702 - INFO - server1/Saad1: processed 3 tables
2025-10-07 11:53:04,704 - INFO - DATABASE START: server1/saadtest
2025-10-07 11:53:04,705 - INFO - Cleaned up system table: localhostSQL2019_Second_saadtest.sys_trace_xe_event_map
2025-10-07 11:53:04,706 - INFO - Cleaned up system table: localhostSQL2019_Second_saadtest.sys_trace_xe_action_map
2025-10-07 11:53:04,745 - INFO - === Starting INCREMENTAL sync for database: saadtest ===
2025-10-07 11:53:05,078 - INFO - [INCR SYNC] dbo.Employees: row_count=7, sync_col=EmployeeID, last_value=None
2025-10-07 11:53:05,217 - INFO - Schema 'localhostSQL2019_Second_saadtest' created/verified successfully
2025-10-07 11:53:05,230 - INFO - Last value is None for dbo.Employees, using hash-based deduplication
2025-10-07 11:53:05,246 - INFO - No new rows found for dbo.Employees
2025-10-07 11:53:05,439 - INFO - [INCR SYNC] sys.trace_xe_action_map: row_count=22, sync_col=None, last_value=None
2025-10-07 11:53:05,618 - INFO - [INCR SYNC] sys.trace_xe_event_map: row_count=139, sync_col=None, last_value=None
2025-10-07 11:53:05,620 - INFO - === INCREMENTAL sync completed for saadtest, 3/3 tables processed ===
2025-10-07 11:53:05,625 - INFO - server1/saadtest: processed 3 tables
2025-10-07 11:53:05,626 - INFO - DATABASE START: server1/SampleDB
2025-10-07 11:53:05,628 - INFO - Cleaned up system table: localhostSQL2019_Second_SampleDB.sys_trace_xe_event_map
2025-10-07 11:53:05,629 - INFO - Cleaned up system table: localhostSQL2019_Second_SampleDB.sys_trace_xe_action_map
2025-10-07 11:53:05,659 - INFO - === Starting INCREMENTAL sync for database: SampleDB ===
2025-10-07 11:53:05,984 - INFO - [INCR SYNC] dbo.Employees: row_count=5, sync_col=EmployeeID, last_value=None
2025-10-07 11:53:06,130 - INFO - Schema 'localhostSQL2019_Second_SampleDB' created/verified successfully
2025-10-07 11:53:06,146 - INFO - Last value is None for dbo.Employees, using hash-based deduplication
2025-10-07 11:53:06,159 - INFO - No new rows found for dbo.Employees
2025-10-07 11:53:06,355 - INFO - [INCR SYNC] sys.trace_xe_action_map: row_count=22, sync_col=None, last_value=None
2025-10-07 11:53:06,535 - INFO - [INCR SYNC] sys.trace_xe_event_map: row_count=139, sync_col=None, last_value=None
2025-10-07 11:53:06,537 - INFO - === INCREMENTAL sync completed for SampleDB, 3/3 tables processed ===
2025-10-07 11:53:06,541 - INFO - server1/SampleDB: processed 3 tables
2025-10-07 11:53:06,544 - INFO - DATABASE START: server1/SampleDB1
2025-10-07 11:53:06,545 - INFO - Cleaned up system table: localhostSQL2019_Second_SampleDB1.sys_trace_xe_event_map
2025-10-07 11:53:06,546 - INFO - Cleaned up system table: localhostSQL2019_Second_SampleDB1.sys_trace_xe_action_map
2025-10-07 11:53:06,583 - INFO - === Starting INCREMENTAL sync for database: SampleDB1 ===
2025-10-07 11:53:06,903 - INFO - [INCR SYNC] dbo.Employees: row_count=5, sync_col=EmployeeID, last_value=None
2025-10-07 11:53:07,045 - INFO - Schema 'localhostSQL2019_Second_SampleDB1' created/verified successfully
2025-10-07 11:53:07,053 - INFO - Last value is None for dbo.Employees, using hash-based deduplication
2025-10-07 11:53:07,064 - INFO - No new rows found for dbo.Employees
2025-10-07 11:53:07,264 - INFO - [INCR SYNC] sys.trace_xe_action_map: row_count=22, sync_col=None, last_value=None
2025-10-07 11:53:07,434 - INFO - [INCR SYNC] sys.trace_xe_event_map: row_count=139, sync_col=None, last_value=None
2025-10-07 11:53:07,435 - INFO - === INCREMENTAL sync completed for SampleDB1, 3/3 tables processed ===
2025-10-07 11:53:07,443 - INFO - server1/SampleDB1: processed 3 tables
2025-10-07 11:53:07,447 - INFO - DATABASE START: server1/SampleDB2
2025-10-07 11:53:07,448 - INFO - Cleaned up system table: localhostSQL2019_Second_SampleDB2.sys_trace_xe_event_map
2025-10-07 11:53:07,449 - INFO - Cleaned up system table: localhostSQL2019_Second_SampleDB2.sys_trace_xe_action_map
2025-10-07 11:53:07,489 - INFO - === Starting INCREMENTAL sync for database: SampleDB2 ===
2025-10-07 11:53:07,821 - INFO - [INCR SYNC] dbo.Employees: row_count=5, sync_col=EmployeeID, last_value=None
2025-10-07 11:53:07,969 - INFO - Schema 'localhostSQL2019_Second_SampleDB2' created/verified successfully
2025-10-07 11:53:07,978 - INFO - Last value is None for dbo.Employees, using hash-based deduplication
2025-10-07 11:53:07,989 - INFO - No new rows found for dbo.Employees
2025-10-07 11:53:08,177 - INFO - [INCR SYNC] sys.trace_xe_action_map: row_count=22, sync_col=None, last_value=None
2025-10-07 11:53:08,341 - INFO - [INCR SYNC] sys.trace_xe_event_map: row_count=139, sync_col=None, last_value=None
2025-10-07 11:53:08,341 - INFO - === INCREMENTAL sync completed for SampleDB2, 3/3 tables processed ===
2025-10-07 11:53:08,348 - INFO - server1/SampleDB2: processed 3 tables
2025-10-07 11:53:08,350 - INFO - DATABASE START: server1/SampleDB20
2025-10-07 11:53:08,351 - INFO - Cleaned up system table: localhostSQL2019_Second_SampleDB20.sys_trace_xe_event_map
2025-10-07 11:53:08,352 - INFO - Cleaned up system table: localhostSQL2019_Second_SampleDB20.sys_trace_xe_action_map
2025-10-07 11:53:08,398 - INFO - === Starting INCREMENTAL sync for database: SampleDB20 ===
2025-10-07 11:53:08,727 - INFO - [INCR SYNC] dbo.Customers: row_count=5, sync_col=CustomerID, last_value=None
2025-10-07 11:53:08,858 - INFO - Schema 'localhostSQL2019_Second_SampleDB20' created/verified successfully
2025-10-07 11:53:08,868 - INFO - Last value is None for dbo.Customers, using hash-based deduplication
2025-10-07 11:53:08,882 - INFO - No new rows found for dbo.Customers
2025-10-07 11:53:09,082 - INFO - [INCR SYNC] sys.trace_xe_action_map: row_count=22, sync_col=None, last_value=None
2025-10-07 11:53:09,271 - INFO - [INCR SYNC] sys.trace_xe_event_map: row_count=139, sync_col=None, last_value=None
2025-10-07 11:53:09,271 - INFO - === INCREMENTAL sync completed for SampleDB20, 3/3 tables processed ===
2025-10-07 11:53:09,276 - INFO - server1/SampleDB20: processed 3 tables
2025-10-07 11:53:09,278 - INFO - DATABASE START: server1/SampleDB21
2025-10-07 11:53:09,279 - INFO - Cleaned up system table: localhostSQL2019_Second_SampleDB21.sys_trace_xe_event_map
2025-10-07 11:53:09,279 - INFO - Cleaned up system table: localhostSQL2019_Second_SampleDB21.sys_trace_xe_action_map
2025-10-07 11:53:09,323 - INFO - === Starting INCREMENTAL sync for database: SampleDB21 ===
2025-10-07 11:53:09,639 - INFO - [INCR SYNC] dbo.Customers: row_count=5, sync_col=CustomerID, last_value=None
2025-10-07 11:53:09,779 - INFO - Schema 'localhostSQL2019_Second_SampleDB21' created/verified successfully
2025-10-07 11:53:09,788 - INFO - Last value is None for dbo.Customers, using hash-based deduplication
2025-10-07 11:53:09,799 - INFO - No new rows found for dbo.Customers
2025-10-07 11:53:10,002 - INFO - [INCR SYNC] sys.trace_xe_action_map: row_count=22, sync_col=None, last_value=None
2025-10-07 11:53:10,187 - INFO - [INCR SYNC] sys.trace_xe_event_map: row_count=139, sync_col=None, last_value=None
2025-10-07 11:53:10,188 - INFO - === INCREMENTAL sync completed for SampleDB21, 3/3 tables processed ===
2025-10-07 11:53:10,193 - INFO - server1/SampleDB21: processed 3 tables
2025-10-07 11:53:10,197 - INFO - DATABASE START: server1/SampleDB3
2025-10-07 11:53:10,200 - INFO - Cleaned up system table: localhostSQL2019_Second_SampleDB3.sys_trace_xe_event_map
2025-10-07 11:53:10,202 - INFO - Cleaned up system table: localhostSQL2019_Second_SampleDB3.sys_trace_xe_action_map
2025-10-07 11:53:10,251 - INFO - === Starting INCREMENTAL sync for database: SampleDB3 ===
2025-10-07 11:53:10,587 - INFO - [INCR SYNC] dbo.Employees: row_count=5, sync_col=EmployeeID, last_value=None
2025-10-07 11:53:10,729 - INFO - Schema 'localhostSQL2019_Second_SampleDB3' created/verified successfully
2025-10-07 11:53:10,741 - INFO - Last value is None for dbo.Employees, using hash-based deduplication
2025-10-07 11:53:10,754 - INFO - No new rows found for dbo.Employees
2025-10-07 11:53:10,948 - INFO - [INCR SYNC] sys.trace_xe_action_map: row_count=22, sync_col=None, last_value=None
2025-10-07 11:53:11,128 - INFO - [INCR SYNC] sys.trace_xe_event_map: row_count=139, sync_col=None, last_value=None
2025-10-07 11:53:11,130 - INFO - === INCREMENTAL sync completed for SampleDB3, 3/3 tables processed ===
2025-10-07 11:53:11,138 - INFO - server1/SampleDB3: processed 3 tables
2025-10-07 11:53:11,140 - INFO - Completed server1
2025-10-07 11:53:11,140 - INFO - [SYNC-ASYNC COMPLETE] Background sync completed for server1
2025-10-07 11:53:21,413 - INFO - [REQ] GET /logs - 127.0.0.1
2025-10-07 11:53:21,414 - INFO - [DEBUG] Checking auth for /logs - username=admin, role=admin, ip=127.0.0.1
2025-10-07 11:53:21,415 - INFO - [AUTH] Authenticated access: admin (admin) to /logs
2025-10-07 11:53:22,520 - INFO - [REQ] GET /sync-summary - 127.0.0.1
2025-10-07 11:53:22,568 - INFO - [DEBUG] Checking auth for /sync-summary - username=admin, role=admin, ip=127.0.0.1
2025-10-07 11:53:22,667 - INFO - [AUTH] Authenticated access: admin (admin) to /sync-summary
2025-10-07 11:53:25,282 - INFO - [RESP] GET /sync-summary - 200
2025-10-07 11:53:25,298 - INFO - 127.0.0.1 - - [07/Oct/2025 11:53:25] "GET /sync-summary HTTP/1.1" 200 -
2025-10-07 11:53:25,342 - INFO - [REQ] GET /static/actin-logo.png - 127.0.0.1
2025-10-07 11:53:25,373 - INFO - [RESP] GET /static/actin-logo.png - 304
2025-10-07 11:53:25,374 - INFO - 127.0.0.1 - - [07/Oct/2025 11:53:25] "[36mGET /static/actin-logo.png HTTP/1.1[0m" 304 -
2025-10-07 11:53:25,485 - INFO - [RESP] GET /logs - 200
2025-10-07 11:53:25,486 - INFO - 127.0.0.1 - - [07/Oct/2025 11:53:25] "GET /logs HTTP/1.1" 200 -
2025-10-07 11:53:25,816 - INFO - [REQ] GET /sync-summary/quick.json - 127.0.0.1
2025-10-07 11:53:25,818 - INFO - [DEBUG] Checking auth for /sync-summary/quick.json - username=admin, role=admin, ip=127.0.0.1
2025-10-07 11:53:25,819 - INFO - [AUTH] Authenticated access: admin (admin) to /sync-summary/quick.json
2025-10-07 11:53:25,820 - INFO - Cache hit for all_servers
2025-10-07 11:53:25,821 - INFO - [RESP] GET /sync-summary/quick.json - 200
2025-10-07 11:53:25,823 - INFO - 127.0.0.1 - - [07/Oct/2025 11:53:25] "GET /sync-summary/quick.json HTTP/1.1" 200 -
2025-10-07 11:55:34,577 - INFO - [REQ] GET /sync-summary - 127.0.0.1
2025-10-07 11:55:34,578 - INFO - [DEBUG] Checking auth for /sync-summary - username=admin, role=admin, ip=127.0.0.1
2025-10-07 11:55:34,578 - INFO - [AUTH] Authenticated access: admin (admin) to /sync-summary
2025-10-07 11:55:34,578 - INFO - Cache expired for all_servers
2025-10-07 11:55:34,583 - INFO - Cache expired for individual:server1
2025-10-07 11:55:35,027 - INFO - Cache expired for pgdb:saaddb88
2025-10-07 11:55:35,081 - INFO - [RESP] GET /sync-summary - 200
2025-10-07 11:55:35,082 - INFO - 127.0.0.1 - - [07/Oct/2025 11:55:35] "GET /sync-summary HTTP/1.1" 200 -
2025-10-07 11:55:35,101 - INFO - [REQ] GET /static/actin-logo.png - 127.0.0.1
2025-10-07 11:55:35,102 - INFO - [RESP] GET /static/actin-logo.png - 304
2025-10-07 11:55:35,102 - INFO - 127.0.0.1 - - [07/Oct/2025 11:55:35] "[36mGET /static/actin-logo.png HTTP/1.1[0m" 304 -
2025-10-07 11:55:35,179 - INFO - [REQ] GET /sync-summary/quick.json - 127.0.0.1
2025-10-07 11:55:35,180 - INFO - [DEBUG] Checking auth for /sync-summary/quick.json - username=admin, role=admin, ip=127.0.0.1
2025-10-07 11:55:35,180 - INFO - [AUTH] Authenticated access: admin (admin) to /sync-summary/quick.json
2025-10-07 11:55:35,181 - INFO - Cache hit for all_servers
2025-10-07 11:55:35,181 - INFO - [RESP] GET /sync-summary/quick.json - 200
2025-10-07 11:55:35,182 - INFO - 127.0.0.1 - - [07/Oct/2025 11:55:35] "GET /sync-summary/quick.json HTTP/1.1" 200 -
2025-10-07 11:55:36,911 - INFO - [REQ] GET /view-schedules - 127.0.0.1
2025-10-07 11:55:36,912 - INFO - [DEBUG] Checking auth for /view-schedules - username=admin, role=admin, ip=127.0.0.1
2025-10-07 11:55:36,913 - INFO - [AUTH] Authenticated access: admin (admin) to /view-schedules
2025-10-07 11:55:36,983 - INFO - [RESP] GET /view-schedules - 200
2025-10-07 11:55:36,985 - INFO - 127.0.0.1 - - [07/Oct/2025 11:55:36] "GET /view-schedules HTTP/1.1" 200 -
2025-10-07 11:55:37,130 - INFO - [REQ] GET /static/actin-logo.png - 127.0.0.1
2025-10-07 11:55:37,132 - INFO - [RESP] GET /static/actin-logo.png - 304
2025-10-07 11:55:37,134 - INFO - 127.0.0.1 - - [07/Oct/2025 11:55:37] "[36mGET /static/actin-logo.png HTTP/1.1[0m" 304 -
2025-10-07 11:55:37,185 - INFO - [REQ] GET /api/job-statuses - 127.0.0.1
2025-10-07 11:55:37,186 - INFO - [DEBUG] Checking auth for /api/job-statuses - username=admin, role=admin, ip=127.0.0.1
2025-10-07 11:55:37,186 - INFO - [AUTH] Authenticated access: admin (admin) to /api/job-statuses
2025-10-07 11:55:37,187 - INFO - [RESP] GET /api/job-statuses - 404
2025-10-07 11:55:37,189 - INFO - 127.0.0.1 - - [07/Oct/2025 11:55:37] "[33mGET /api/job-statuses HTTP/1.1[0m" 404 -
2025-10-07 11:55:38,569 - INFO - [REQ] GET /sync-summary - 127.0.0.1
2025-10-07 11:55:38,570 - INFO - [DEBUG] Checking auth for /sync-summary - username=admin, role=admin, ip=127.0.0.1
2025-10-07 11:55:38,571 - INFO - [AUTH] Authenticated access: admin (admin) to /sync-summary
2025-10-07 11:55:38,572 - INFO - Cache hit for all_servers
2025-10-07 11:55:38,574 - INFO - [RESP] GET /sync-summary - 200
2025-10-07 11:55:38,576 - INFO - 127.0.0.1 - - [07/Oct/2025 11:55:38] "GET /sync-summary HTTP/1.1" 200 -
2025-10-07 11:55:38,818 - INFO - [REQ] GET /sync-summary/quick.json - 127.0.0.1
2025-10-07 11:55:38,819 - INFO - [DEBUG] Checking auth for /sync-summary/quick.json - username=admin, role=admin, ip=127.0.0.1
2025-10-07 11:55:38,820 - INFO - [AUTH] Authenticated access: admin (admin) to /sync-summary/quick.json
2025-10-07 11:55:38,821 - INFO - Cache hit for all_servers
2025-10-07 11:55:38,822 - INFO - [RESP] GET /sync-summary/quick.json - 200
2025-10-07 11:55:38,823 - INFO - 127.0.0.1 - - [07/Oct/2025 11:55:38] "GET /sync-summary/quick.json HTTP/1.1" 200 -
2025-10-07 11:55:38,828 - INFO - [REQ] GET /static/actin-logo.png - 127.0.0.1
2025-10-07 11:55:38,830 - INFO - [RESP] GET /static/actin-logo.png - 304
2025-10-07 11:55:38,834 - INFO - 127.0.0.1 - - [07/Oct/2025 11:55:38] "[36mGET /static/actin-logo.png HTTP/1.1[0m" 304 -
2025-10-07 11:55:41,524 - INFO - [REQ] GET /sync-summary/server1 - 127.0.0.1
2025-10-07 11:55:41,524 - INFO - [DEBUG] Checking auth for /sync-summary/server1 - username=admin, role=admin, ip=127.0.0.1
2025-10-07 11:55:41,525 - INFO - [AUTH] Authenticated access: admin (admin) to /sync-summary/server1
2025-10-07 11:55:41,525 - INFO - Cache hit for individual:server1
2025-10-07 11:55:41,771 - INFO - [RESP] GET /sync-summary/server1 - 200
2025-10-07 11:55:41,772 - INFO - 127.0.0.1 - - [07/Oct/2025 11:55:41] "GET /sync-summary/server1 HTTP/1.1" 200 -
2025-10-07 11:55:41,829 - INFO - [REQ] GET /static/actin-logo.png - 127.0.0.1
2025-10-07 11:55:41,830 - INFO - [RESP] GET /static/actin-logo.png - 304
2025-10-07 11:55:41,832 - INFO - 127.0.0.1 - - [07/Oct/2025 11:55:41] "[36mGET /static/actin-logo.png HTTP/1.1[0m" 304 -
2025-10-07 11:56:02,002 - INFO - [REQ] GET /sync-summary/server1 - 127.0.0.1
2025-10-07 11:56:02,003 - INFO - [DEBUG] Checking auth for /sync-summary/server1 - username=admin, role=admin, ip=127.0.0.1
2025-10-07 11:56:02,004 - INFO - [AUTH] Authenticated access: admin (admin) to /sync-summary/server1
2025-10-07 11:56:02,006 - INFO - Cache hit for individual:server1
2025-10-07 11:56:03,354 - INFO - [RESP] GET /sync-summary/server1 - 200
2025-10-07 11:56:03,355 - INFO - 127.0.0.1 - - [07/Oct/2025 11:56:03] "GET /sync-summary/server1 HTTP/1.1" 200 -
2025-10-07 11:56:03,384 - INFO - [REQ] GET /static/actin-logo.png - 127.0.0.1
2025-10-07 11:56:03,385 - INFO - [RESP] GET /static/actin-logo.png - 304
2025-10-07 11:56:03,386 - INFO - 127.0.0.1 - - [07/Oct/2025 11:56:03] "[36mGET /static/actin-logo.png HTTP/1.1[0m" 304 -
2025-10-07 11:56:41,960 - INFO - [REQ] GET /sync-summary - 127.0.0.1
2025-10-07 11:56:41,961 - INFO - [DEBUG] Checking auth for /sync-summary - username=admin, role=admin, ip=127.0.0.1
2025-10-07 11:56:41,961 - INFO - [AUTH] Authenticated access: admin (admin) to /sync-summary
2025-10-07 11:56:41,963 - INFO - Cache expired for all_servers
2025-10-07 11:56:41,964 - INFO - Cache expired for individual:server1
2025-10-07 11:56:42,252 - INFO - Cache expired for pgdb:saaddb88
2025-10-07 11:56:42,336 - INFO - [RESP] GET /sync-summary - 200
2025-10-07 11:56:42,337 - INFO - 127.0.0.1 - - [07/Oct/2025 11:56:42] "GET /sync-summary HTTP/1.1" 200 -
2025-10-07 11:56:42,353 - INFO - [REQ] GET /static/actin-logo.png - 127.0.0.1
2025-10-07 11:56:42,355 - INFO - [RESP] GET /static/actin-logo.png - 304
2025-10-07 11:56:42,357 - INFO - 127.0.0.1 - - [07/Oct/2025 11:56:42] "[36mGET /static/actin-logo.png HTTP/1.1[0m" 304 -
2025-10-07 11:56:42,828 - INFO - [REQ] GET /sync-summary/quick.json - 127.0.0.1
2025-10-07 11:56:42,828 - INFO - [DEBUG] Checking auth for /sync-summary/quick.json - username=admin, role=admin, ip=127.0.0.1
2025-10-07 11:56:42,830 - INFO - [AUTH] Authenticated access: admin (admin) to /sync-summary/quick.json
2025-10-07 11:56:42,830 - INFO - Cache hit for all_servers
2025-10-07 11:56:42,831 - INFO - [RESP] GET /sync-summary/quick.json - 200
2025-10-07 11:56:42,833 - INFO - 127.0.0.1 - - [07/Oct/2025 11:56:42] "GET /sync-summary/quick.json HTTP/1.1" 200 -
2025-10-07 11:56:44,384 - INFO - [REQ] GET /view-schedules - 127.0.0.1
2025-10-07 11:56:44,385 - INFO - [DEBUG] Checking auth for /view-schedules - username=admin, role=admin, ip=127.0.0.1
2025-10-07 11:56:44,386 - INFO - [AUTH] Authenticated access: admin (admin) to /view-schedules
2025-10-07 11:56:44,436 - INFO - [RESP] GET /view-schedules - 200
2025-10-07 11:56:44,437 - INFO - 127.0.0.1 - - [07/Oct/2025 11:56:44] "GET /view-schedules HTTP/1.1" 200 -
2025-10-07 11:56:44,701 - INFO - [REQ] GET /api/job-statuses - 127.0.0.1
2025-10-07 11:56:44,702 - INFO - [DEBUG] Checking auth for /api/job-statuses - username=admin, role=admin, ip=127.0.0.1
2025-10-07 11:56:44,703 - INFO - [AUTH] Authenticated access: admin (admin) to /api/job-statuses
2025-10-07 11:56:44,704 - INFO - [RESP] GET /api/job-statuses - 404
2025-10-07 11:56:44,705 - INFO - 127.0.0.1 - - [07/Oct/2025 11:56:44] "[33mGET /api/job-statuses HTTP/1.1[0m" 404 -
2025-10-07 11:56:44,887 - INFO - [REQ] GET /static/actin-logo.png - 127.0.0.1
2025-10-07 11:56:44,889 - INFO - [RESP] GET /static/actin-logo.png - 304
2025-10-07 11:56:44,891 - INFO - 127.0.0.1 - - [07/Oct/2025 11:56:44] "[36mGET /static/actin-logo.png HTTP/1.1[0m" 304 -
2025-10-07 11:56:45,666 - INFO - [REQ] GET /sync-summary - 127.0.0.1
2025-10-07 11:56:45,666 - INFO - [DEBUG] Checking auth for /sync-summary - username=admin, role=admin, ip=127.0.0.1
2025-10-07 11:56:45,668 - INFO - [AUTH] Authenticated access: admin (admin) to /sync-summary
2025-10-07 11:56:45,669 - INFO - Cache hit for all_servers
2025-10-07 11:56:45,670 - INFO - [RESP] GET /sync-summary - 200
2025-10-07 11:56:45,672 - INFO - 127.0.0.1 - - [07/Oct/2025 11:56:45] "GET /sync-summary HTTP/1.1" 200 -
2025-10-07 11:56:45,885 - INFO - [REQ] GET /sync-summary/quick.json - 127.0.0.1
2025-10-07 11:56:45,886 - INFO - [DEBUG] Checking auth for /sync-summary/quick.json - username=admin, role=admin, ip=127.0.0.1
2025-10-07 11:56:45,887 - INFO - [AUTH] Authenticated access: admin (admin) to /sync-summary/quick.json
2025-10-07 11:56:45,887 - INFO - Cache hit for all_servers
2025-10-07 11:56:45,889 - INFO - [RESP] GET /sync-summary/quick.json - 200
2025-10-07 11:56:45,891 - INFO - 127.0.0.1 - - [07/Oct/2025 11:56:45] "GET /sync-summary/quick.json HTTP/1.1" 200 -
2025-10-07 11:56:45,917 - INFO - [REQ] GET /static/actin-logo.png - 127.0.0.1
2025-10-07 11:56:45,918 - INFO - [RESP] GET /static/actin-logo.png - 304
2025-10-07 11:56:45,920 - INFO - 127.0.0.1 - - [07/Oct/2025 11:56:45] "[36mGET /static/actin-logo.png HTTP/1.1[0m" 304 -
2025-10-07 11:56:47,781 - INFO - [REQ] GET / - 127.0.0.1
2025-10-07 11:56:47,783 - INFO - [DEBUG] Checking auth for / - username=admin, role=admin, ip=127.0.0.1
2025-10-07 11:56:47,783 - INFO - [AUTH] Authenticated access: admin (admin) to /
2025-10-07 11:56:47,783 - INFO - [HOME] Homepage accessed by user: admin
2025-10-07 11:56:47,785 - INFO - [INFO] Loaded 1 SQL servers for display
2025-10-07 11:56:47,786 - INFO - [RESP] GET / - 200
2025-10-07 11:56:47,786 - INFO - 127.0.0.1 - - [07/Oct/2025 11:56:47] "GET / HTTP/1.1" 200 -
2025-10-07 11:56:48,087 - INFO - [REQ] GET /static/actin-logo.png - 127.0.0.1
2025-10-07 11:56:48,088 - INFO - [RESP] GET /static/actin-logo.png - 304
2025-10-07 11:56:48,090 - INFO - 127.0.0.1 - - [07/Oct/2025 11:56:48] "[36mGET /static/actin-logo.png HTTP/1.1[0m" 304 -
2025-10-07 11:56:50,844 - INFO - [REQ] POST /delete-server/server1 - 127.0.0.1
2025-10-07 11:56:50,845 - INFO - [DEBUG] Checking auth for /delete-server/server1 - username=admin, role=admin, ip=127.0.0.1
2025-10-07 11:56:50,845 - INFO - [AUTH] Authenticated access: admin (admin) to /delete-server/server1
2025-10-07 11:56:50,847 - INFO - [RESP] POST /delete-server/server1 - 302
2025-10-07 11:56:50,848 - INFO - 127.0.0.1 - - [07/Oct/2025 11:56:50] "[32mPOST /delete-server/server1 HTTP/1.1[0m" 302 -
2025-10-07 11:56:50,856 - INFO - [REQ] GET / - 127.0.0.1
2025-10-07 11:56:50,856 - INFO - [DEBUG] Checking auth for / - username=admin, role=admin, ip=127.0.0.1
2025-10-07 11:56:50,856 - INFO - [AUTH] Authenticated access: admin (admin) to /
2025-10-07 11:56:50,857 - INFO - [HOME] Homepage accessed by user: admin
2025-10-07 11:56:50,859 - INFO - [INFO] Loaded 0 SQL servers for display
2025-10-07 11:56:50,860 - INFO - [RESP] GET / - 200
2025-10-07 11:56:50,862 - INFO - 127.0.0.1 - - [07/Oct/2025 11:56:50] "GET / HTTP/1.1" 200 -
2025-10-07 11:56:51,109 - INFO - [REQ] GET /static/actin-logo.png - 127.0.0.1
2025-10-07 11:56:51,110 - INFO - [RESP] GET /static/actin-logo.png - 304
2025-10-07 11:56:51,112 - INFO - 127.0.0.1 - - [07/Oct/2025 11:56:51] "[36mGET /static/actin-logo.png HTTP/1.1[0m" 304 -
2025-10-07 11:57:33,680 - INFO - [REQ] GET /add-server - 127.0.0.1
2025-10-07 11:57:33,681 - INFO - [DEBUG] Checking auth for /add-server - username=admin, role=admin, ip=127.0.0.1
2025-10-07 11:57:33,682 - INFO - [AUTH] Authenticated access: admin (admin) to /add-server
2025-10-07 11:57:33,747 - INFO - [RESP] GET /add-server - 200
2025-10-07 11:57:33,748 - INFO - 127.0.0.1 - - [07/Oct/2025 11:57:33] "GET /add-server HTTP/1.1" 200 -
2025-10-07 11:57:33,913 - INFO - [REQ] GET /static/actin-logo.png - 127.0.0.1
2025-10-07 11:57:33,914 - INFO - [RESP] GET /static/actin-logo.png - 304
2025-10-07 11:57:33,915 - INFO - 127.0.0.1 - - [07/Oct/2025 11:57:33] "[36mGET /static/actin-logo.png HTTP/1.1[0m" 304 -
2025-10-07 11:59:12,943 - INFO - [REQ] GET /logs - 127.0.0.1
2025-10-07 11:59:12,944 - INFO - [DEBUG] Checking auth for /logs - username=admin, role=admin, ip=127.0.0.1
2025-10-07 11:59:12,944 - INFO - [AUTH] Authenticated access: admin (admin) to /logs
2025-10-07 11:59:16,865 - INFO - [RESP] GET /logs - 200
2025-10-07 11:59:16,867 - INFO - 127.0.0.1 - - [07/Oct/2025 11:59:16] "GET /logs HTTP/1.1" 200 -
2025-10-07 11:59:16,890 - INFO - [REQ] GET /static/actin-logo.png - 127.0.0.1
2025-10-07 11:59:16,893 - INFO - [RESP] GET /static/actin-logo.png - 304
2025-10-07 11:59:16,895 - INFO - 127.0.0.1 - - [07/Oct/2025 11:59:16] "[36mGET /static/actin-logo.png HTTP/1.1[0m" 304 -
2025-10-07 11:59:44,332 - INFO - [REQ] GET /sync-summary - 127.0.0.1
2025-10-07 11:59:44,335 - INFO - [DEBUG] Checking auth for /sync-summary - username=admin, role=admin, ip=127.0.0.1
2025-10-07 11:59:44,336 - INFO - [AUTH] Authenticated access: admin (admin) to /sync-summary
2025-10-07 11:59:44,336 - INFO - Cache expired for all_servers
2025-10-07 11:59:44,339 - INFO - [RESP] GET /sync-summary - 200
2025-10-07 11:59:44,340 - INFO - 127.0.0.1 - - [07/Oct/2025 11:59:44] "GET /sync-summary HTTP/1.1" 200 -
2025-10-07 11:59:44,649 - INFO - [REQ] GET /sync-summary/quick.json - 127.0.0.1
2025-10-07 11:59:44,651 - INFO - [DEBUG] Checking auth for /sync-summary/quick.json - username=admin, role=admin, ip=127.0.0.1
2025-10-07 11:59:44,652 - INFO - [AUTH] Authenticated access: admin (admin) to /sync-summary/quick.json
2025-10-07 11:59:44,653 - INFO - Cache hit for all_servers
2025-10-07 11:59:44,654 - INFO - [RESP] GET /sync-summary/quick.json - 200
2025-10-07 11:59:44,655 - INFO - 127.0.0.1 - - [07/Oct/2025 11:59:44] "GET /sync-summary/quick.json HTTP/1.1" 200 -
2025-10-07 11:59:44,836 - INFO - [REQ] GET /static/actin-logo.png - 127.0.0.1
2025-10-07 11:59:44,838 - INFO - [RESP] GET /static/actin-logo.png - 304
2025-10-07 11:59:44,841 - INFO - 127.0.0.1 - - [07/Oct/2025 11:59:44] "[36mGET /static/actin-logo.png HTTP/1.1[0m" 304 -
2025-10-07 11:59:46,364 - INFO - [REQ] GET / - 127.0.0.1
2025-10-07 11:59:46,365 - INFO - [DEBUG] Checking auth for / - username=admin, role=admin, ip=127.0.0.1
2025-10-07 11:59:46,366 - INFO - [AUTH] Authenticated access: admin (admin) to /
2025-10-07 11:59:46,367 - INFO - [HOME] Homepage accessed by user: admin
2025-10-07 11:59:46,370 - INFO - [INFO] Loaded 0 SQL servers for display
2025-10-07 11:59:46,372 - INFO - [RESP] GET / - 200
2025-10-07 11:59:46,373 - INFO - 127.0.0.1 - - [07/Oct/2025 11:59:46] "GET / HTTP/1.1" 200 -
2025-10-07 11:59:46,597 - INFO - [REQ] GET /static/actin-logo.png - 127.0.0.1
2025-10-07 11:59:46,599 - INFO - [RESP] GET /static/actin-logo.png - 304
2025-10-07 11:59:46,601 - INFO - 127.0.0.1 - - [07/Oct/2025 11:59:46] "[36mGET /static/actin-logo.png HTTP/1.1[0m" 304 -
2025-10-07 11:59:47,797 - INFO - [REQ] GET /add-server - 127.0.0.1
2025-10-07 11:59:47,798 - INFO - [DEBUG] Checking auth for /add-server - username=admin, role=admin, ip=127.0.0.1
2025-10-07 11:59:47,799 - INFO - [AUTH] Authenticated access: admin (admin) to /add-server
2025-10-07 11:59:47,843 - INFO - [RESP] GET /add-server - 200
2025-10-07 11:59:47,844 - INFO - 127.0.0.1 - - [07/Oct/2025 11:59:47] "GET /add-server HTTP/1.1" 200 -
2025-10-07 11:59:48,108 - INFO - [REQ] GET /static/actin-logo.png - 127.0.0.1
2025-10-07 11:59:48,112 - INFO - [RESP] GET /static/actin-logo.png - 304
2025-10-07 11:59:48,113 - INFO - 127.0.0.1 - - [07/Oct/2025 11:59:48] "[36mGET /static/actin-logo.png HTTP/1.1[0m" 304 -
2025-10-07 12:00:07,146 - INFO - [REQ] POST /add-server - 127.0.0.1
2025-10-07 12:00:07,147 - INFO - [DEBUG] Checking auth for /add-server - username=admin, role=admin, ip=127.0.0.1
2025-10-07 12:00:07,149 - INFO - [AUTH] Authenticated access: admin (admin) to /add-server
2025-10-07 12:00:07,156 - INFO - [RESP] POST /add-server - 302
2025-10-07 12:00:07,157 - INFO - 127.0.0.1 - - [07/Oct/2025 12:00:07] "[32mPOST /add-server HTTP/1.1[0m" 302 -
2025-10-07 12:00:07,162 - INFO - [REQ] GET / - 127.0.0.1
2025-10-07 12:00:07,163 - INFO - [DEBUG] Checking auth for / - username=admin, role=admin, ip=127.0.0.1
2025-10-07 12:00:07,164 - INFO - [AUTH] Authenticated access: admin (admin) to /
2025-10-07 12:00:07,164 - INFO - [HOME] Homepage accessed by user: admin
2025-10-07 12:00:07,183 - INFO - [INFO] Loaded 1 SQL servers for display
2025-10-07 12:00:07,185 - INFO - [RESP] GET / - 200
2025-10-07 12:00:07,187 - INFO - 127.0.0.1 - - [07/Oct/2025 12:00:07] "GET / HTTP/1.1" 200 -
2025-10-07 12:00:07,412 - INFO - [REQ] GET /static/actin-logo.png - 127.0.0.1
2025-10-07 12:00:07,413 - INFO - [RESP] GET /static/actin-logo.png - 304
2025-10-07 12:00:07,415 - INFO - 127.0.0.1 - - [07/Oct/2025 12:00:07] "[36mGET /static/actin-logo.png HTTP/1.1[0m" 304 -
2025-10-07 12:00:08,657 - INFO - [REQ] GET /sync_background/server1 - 127.0.0.1
2025-10-07 12:00:08,657 - INFO - [DEBUG] Checking auth for /sync_background/server1 - username=admin, role=admin, ip=127.0.0.1
2025-10-07 12:00:08,659 - INFO - [AUTH] Authenticated access: admin (admin) to /sync_background/server1
2025-10-07 12:00:08,660 - INFO - [SYNC-ASYNC START] Request to start background sync for: server1
2025-10-07 12:00:08,662 - INFO - [SYNC-ASYNC WORKER] Background worker started for: server1
2025-10-07 12:00:08,662 - INFO - [RESP] GET /sync_background/server1 - 202
2025-10-07 12:00:08,669 - INFO - 127.0.0.1 - - [07/Oct/2025 12:00:08] "[35m[1mGET /sync_background/server1 HTTP/1.1[0m" 202 -
2025-10-07 12:00:08,726 - INFO - [PROCESS] Background processing hybrid sync for server1
2025-10-07 12:00:08,727 - INFO - MIGRATION STARTED for server1
2025-10-07 12:00:08,788 - INFO - Sync tracking table created/verified
2025-10-07 12:00:08,817 - INFO - Connected to SQL Server: localhost\SQL2019_Second
2025-10-07 12:00:08,878 - INFO - Found 9 databases on localhost\SQL2019_Second
2025-10-07 12:00:08,879 - INFO - DATABASE START: server1/newdb
2025-10-07 12:00:08,881 - INFO - Cleaned up system table: localhostSQL2019_Second_newdb.sys_trace_xe_event_map
2025-10-07 12:00:08,883 - INFO - Cleaned up system table: localhostSQL2019_Second_newdb.sys_trace_xe_action_map
2025-10-07 12:00:08,894 - INFO - === Starting FULL sync for database: newdb ===
2025-10-07 12:00:09,222 - INFO - [FULL SYNC] Processing sys.trace_xe_action_map
2025-10-07 12:00:09,223 - INFO - [FULL SYNC] Processing sys.trace_xe_event_map
2025-10-07 12:00:09,224 - INFO - === FULL sync completed for newdb, 2/2 tables processed ===
2025-10-07 12:00:09,227 - INFO - server1/newdb: processed 2 tables
2025-10-07 12:00:09,228 - INFO - DATABASE START: server1/Saad1
2025-10-07 12:00:09,229 - INFO - Cleaned up system table: localhostSQL2019_Second_Saad1.sys_trace_xe_event_map
2025-10-07 12:00:09,230 - INFO - Cleaned up system table: localhostSQL2019_Second_Saad1.sys_trace_xe_action_map
2025-10-07 12:00:09,238 - INFO - === Starting FULL sync for database: Saad1 ===
2025-10-07 12:00:09,452 - INFO - [FULL SYNC] Processing dbo.Employees
2025-10-07 12:00:09,517 - INFO - Schema 'localhostSQL2019_Second_Saad1' created/verified successfully
2025-10-07 12:00:09,537 - INFO - Created table 'localhostSQL2019_Second_Saad1.dbo_Employees' with proper data types
2025-10-07 12:00:09,542 - INFO - Table dbo.Employees is empty, but schema created in PostgreSQL
2025-10-07 12:00:09,546 - INFO - [FULL SYNC] Processing sys.trace_xe_action_map
2025-10-07 12:00:09,547 - INFO - [FULL SYNC] Processing sys.trace_xe_event_map
2025-10-07 12:00:09,547 - INFO - === FULL sync completed for Saad1, 3/3 tables processed ===
2025-10-07 12:00:09,548 - INFO - server1/Saad1: processed 3 tables
2025-10-07 12:00:09,549 - INFO - DATABASE START: server1/saadtest
2025-10-07 12:00:09,551 - INFO - Cleaned up system table: localhostSQL2019_Second_saadtest.sys_trace_xe_event_map
2025-10-07 12:00:09,551 - INFO - Cleaned up system table: localhostSQL2019_Second_saadtest.sys_trace_xe_action_map
2025-10-07 12:00:09,558 - INFO - === Starting FULL sync for database: saadtest ===
2025-10-07 12:00:09,755 - INFO - [FULL SYNC] Processing dbo.Employees
2025-10-07 12:00:09,816 - INFO - Schema 'localhostSQL2019_Second_saadtest' created/verified successfully
2025-10-07 12:00:09,826 - INFO - Created table 'localhostSQL2019_Second_saadtest.dbo_Employees' with proper data types
2025-10-07 12:00:09,840 - WARNING - Could not get PK info for dbo.Employees: 'pyodbc.Cursor' object has no attribute 'cursor'
2025-10-07 12:00:09,841 - WARNING - Could not get timestamp column for dbo.Employees: 'pyodbc.Cursor' object has no attribute 'cursor'
2025-10-07 12:00:09,842 - WARNING - Could not get unique identifier column for dbo.Employees: 'pyodbc.Cursor' object has no attribute 'cursor'
2025-10-07 12:00:09,844 - INFO - [FULL SYNC] Processing sys.trace_xe_action_map
2025-10-07 12:00:09,845 - INFO - [FULL SYNC] Processing sys.trace_xe_event_map
2025-10-07 12:00:09,845 - INFO - === FULL sync completed for saadtest, 3/3 tables processed ===
2025-10-07 12:00:09,847 - INFO - server1/saadtest: processed 3 tables
2025-10-07 12:00:09,850 - INFO - DATABASE START: server1/SampleDB
2025-10-07 12:00:09,853 - INFO - Cleaned up system table: localhostSQL2019_Second_SampleDB.sys_trace_xe_event_map
2025-10-07 12:00:09,853 - INFO - Cleaned up system table: localhostSQL2019_Second_SampleDB.sys_trace_xe_action_map
2025-10-07 12:00:09,861 - INFO - === Starting FULL sync for database: SampleDB ===
2025-10-07 12:00:10,086 - INFO - [FULL SYNC] Processing dbo.Employees
2025-10-07 12:00:10,146 - INFO - Schema 'localhostSQL2019_Second_SampleDB' created/verified successfully
2025-10-07 12:00:10,154 - INFO - Created table 'localhostSQL2019_Second_SampleDB.dbo_Employees' with proper data types
2025-10-07 12:00:10,164 - WARNING - Could not get PK info for dbo.Employees: 'pyodbc.Cursor' object has no attribute 'cursor'
2025-10-07 12:00:10,165 - WARNING - Could not get timestamp column for dbo.Employees: 'pyodbc.Cursor' object has no attribute 'cursor'
2025-10-07 12:00:10,166 - WARNING - Could not get unique identifier column for dbo.Employees: 'pyodbc.Cursor' object has no attribute 'cursor'
2025-10-07 12:00:10,167 - INFO - [FULL SYNC] Processing sys.trace_xe_action_map
2025-10-07 12:00:10,167 - INFO - [FULL SYNC] Processing sys.trace_xe_event_map
2025-10-07 12:00:10,168 - INFO - === FULL sync completed for SampleDB, 3/3 tables processed ===
2025-10-07 12:00:10,169 - INFO - server1/SampleDB: processed 3 tables
2025-10-07 12:00:10,171 - INFO - DATABASE START: server1/SampleDB1
2025-10-07 12:00:10,172 - INFO - Cleaned up system table: localhostSQL2019_Second_SampleDB1.sys_trace_xe_event_map
2025-10-07 12:00:10,173 - INFO - Cleaned up system table: localhostSQL2019_Second_SampleDB1.sys_trace_xe_action_map
2025-10-07 12:00:10,181 - INFO - === Starting FULL sync for database: SampleDB1 ===
2025-10-07 12:00:10,412 - INFO - [FULL SYNC] Processing dbo.Employees
2025-10-07 12:00:10,470 - INFO - Schema 'localhostSQL2019_Second_SampleDB1' created/verified successfully
2025-10-07 12:00:10,479 - INFO - Created table 'localhostSQL2019_Second_SampleDB1.dbo_Employees' with proper data types
2025-10-07 12:00:10,486 - WARNING - Could not get PK info for dbo.Employees: 'pyodbc.Cursor' object has no attribute 'cursor'
2025-10-07 12:00:10,486 - WARNING - Could not get timestamp column for dbo.Employees: 'pyodbc.Cursor' object has no attribute 'cursor'
2025-10-07 12:00:10,486 - WARNING - Could not get unique identifier column for dbo.Employees: 'pyodbc.Cursor' object has no attribute 'cursor'
2025-10-07 12:00:10,488 - INFO - [FULL SYNC] Processing sys.trace_xe_action_map
2025-10-07 12:00:10,488 - INFO - [FULL SYNC] Processing sys.trace_xe_event_map
2025-10-07 12:00:10,488 - INFO - === FULL sync completed for SampleDB1, 3/3 tables processed ===
2025-10-07 12:00:10,489 - INFO - server1/SampleDB1: processed 3 tables
2025-10-07 12:00:10,490 - INFO - DATABASE START: server1/SampleDB2
2025-10-07 12:00:10,492 - INFO - Cleaned up system table: localhostSQL2019_Second_SampleDB2.sys_trace_xe_event_map
2025-10-07 12:00:10,493 - INFO - Cleaned up system table: localhostSQL2019_Second_SampleDB2.sys_trace_xe_action_map
2025-10-07 12:00:10,500 - INFO - === Starting FULL sync for database: SampleDB2 ===
2025-10-07 12:00:10,708 - INFO - [FULL SYNC] Processing dbo.Employees
2025-10-07 12:00:10,768 - INFO - Schema 'localhostSQL2019_Second_SampleDB2' created/verified successfully
2025-10-07 12:00:10,775 - INFO - Created table 'localhostSQL2019_Second_SampleDB2.dbo_Employees' with proper data types
2025-10-07 12:00:10,786 - WARNING - Could not get PK info for dbo.Employees: 'pyodbc.Cursor' object has no attribute 'cursor'
2025-10-07 12:00:10,786 - WARNING - Could not get timestamp column for dbo.Employees: 'pyodbc.Cursor' object has no attribute 'cursor'
2025-10-07 12:00:10,789 - WARNING - Could not get unique identifier column for dbo.Employees: 'pyodbc.Cursor' object has no attribute 'cursor'
2025-10-07 12:00:10,790 - INFO - [FULL SYNC] Processing sys.trace_xe_action_map
2025-10-07 12:00:10,791 - INFO - [FULL SYNC] Processing sys.trace_xe_event_map
2025-10-07 12:00:10,791 - INFO - === FULL sync completed for SampleDB2, 3/3 tables processed ===
2025-10-07 12:00:10,793 - INFO - server1/SampleDB2: processed 3 tables
2025-10-07 12:00:10,794 - INFO - DATABASE START: server1/SampleDB20
2025-10-07 12:00:10,796 - INFO - Cleaned up system table: localhostSQL2019_Second_SampleDB20.sys_trace_xe_event_map
2025-10-07 12:00:10,798 - INFO - Cleaned up system table: localhostSQL2019_Second_SampleDB20.sys_trace_xe_action_map
2025-10-07 12:00:10,808 - INFO - === Starting FULL sync for database: SampleDB20 ===
2025-10-07 12:00:11,043 - INFO - [FULL SYNC] Processing dbo.Customers
2025-10-07 12:00:11,103 - INFO - Schema 'localhostSQL2019_Second_SampleDB20' created/verified successfully
2025-10-07 12:00:11,111 - INFO - Created table 'localhostSQL2019_Second_SampleDB20.dbo_Customers' with proper data types
2025-10-07 12:00:11,119 - WARNING - Could not get PK info for dbo.Customers: 'pyodbc.Cursor' object has no attribute 'cursor'
2025-10-07 12:00:11,119 - WARNING - Could not get timestamp column for dbo.Customers: 'pyodbc.Cursor' object has no attribute 'cursor'
2025-10-07 12:00:11,120 - WARNING - Could not get unique identifier column for dbo.Customers: 'pyodbc.Cursor' object has no attribute 'cursor'
2025-10-07 12:00:11,122 - INFO - [FULL SYNC] Processing sys.trace_xe_action_map
2025-10-07 12:00:11,123 - INFO - [FULL SYNC] Processing sys.trace_xe_event_map
2025-10-07 12:00:11,123 - INFO - === FULL sync completed for SampleDB20, 3/3 tables processed ===
2025-10-07 12:00:11,125 - INFO - server1/SampleDB20: processed 3 tables
2025-10-07 12:00:11,128 - INFO - DATABASE START: server1/SampleDB21
2025-10-07 12:00:11,129 - INFO - Cleaned up system table: localhostSQL2019_Second_SampleDB21.sys_trace_xe_event_map
2025-10-07 12:00:11,130 - INFO - Cleaned up system table: localhostSQL2019_Second_SampleDB21.sys_trace_xe_action_map
2025-10-07 12:00:11,141 - INFO - === Starting FULL sync for database: SampleDB21 ===
2025-10-07 12:00:11,380 - INFO - [FULL SYNC] Processing dbo.Customers
2025-10-07 12:00:11,447 - INFO - Schema 'localhostSQL2019_Second_SampleDB21' created/verified successfully
2025-10-07 12:00:11,457 - INFO - Created table 'localhostSQL2019_Second_SampleDB21.dbo_Customers' with proper data types
2025-10-07 12:00:11,470 - WARNING - Could not get PK info for dbo.Customers: 'pyodbc.Cursor' object has no attribute 'cursor'
2025-10-07 12:00:11,471 - WARNING - Could not get timestamp column for dbo.Customers: 'pyodbc.Cursor' object has no attribute 'cursor'
2025-10-07 12:00:11,471 - WARNING - Could not get unique identifier column for dbo.Customers: 'pyodbc.Cursor' object has no attribute 'cursor'
2025-10-07 12:00:11,473 - INFO - [FULL SYNC] Processing sys.trace_xe_action_map
2025-10-07 12:00:11,474 - INFO - [FULL SYNC] Processing sys.trace_xe_event_map
2025-10-07 12:00:11,477 - INFO - === FULL sync completed for SampleDB21, 3/3 tables processed ===
2025-10-07 12:00:11,480 - INFO - server1/SampleDB21: processed 3 tables
2025-10-07 12:00:11,483 - INFO - DATABASE START: server1/SampleDB3
2025-10-07 12:00:11,483 - INFO - Cleaned up system table: localhostSQL2019_Second_SampleDB3.sys_trace_xe_event_map
2025-10-07 12:00:11,485 - INFO - Cleaned up system table: localhostSQL2019_Second_SampleDB3.sys_trace_xe_action_map
2025-10-07 12:00:11,491 - INFO - === Starting FULL sync for database: SampleDB3 ===
2025-10-07 12:00:11,718 - INFO - [FULL SYNC] Processing dbo.Employees
2025-10-07 12:00:11,784 - INFO - Schema 'localhostSQL2019_Second_SampleDB3' created/verified successfully
2025-10-07 12:00:11,798 - INFO - Created table 'localhostSQL2019_Second_SampleDB3.dbo_Employees' with proper data types
2025-10-07 12:00:11,808 - WARNING - Could not get PK info for dbo.Employees: 'pyodbc.Cursor' object has no attribute 'cursor'
2025-10-07 12:00:11,810 - WARNING - Could not get timestamp column for dbo.Employees: 'pyodbc.Cursor' object has no attribute 'cursor'
2025-10-07 12:00:11,810 - WARNING - Could not get unique identifier column for dbo.Employees: 'pyodbc.Cursor' object has no attribute 'cursor'
2025-10-07 12:00:11,813 - INFO - [FULL SYNC] Processing sys.trace_xe_action_map
2025-10-07 12:00:11,813 - INFO - [FULL SYNC] Processing sys.trace_xe_event_map
2025-10-07 12:00:11,813 - INFO - === FULL sync completed for SampleDB3, 3/3 tables processed ===
2025-10-07 12:00:11,815 - INFO - server1/SampleDB3: processed 3 tables
2025-10-07 12:00:11,817 - INFO - Completed server1
2025-10-07 12:00:11,817 - INFO - [SYNC-ASYNC COMPLETE] Background sync completed for server1
2025-10-07 12:01:26,215 - INFO - [INIT] Initializing Flask application...
2025-10-07 12:01:26,216 - INFO - [CONFIG] Loading configuration...
2025-10-07 12:01:26,217 - INFO - [AUTH] Authentication system ready
2025-10-07 12:01:26,217 - INFO - [DATABASE] Database connections configured
2025-10-07 12:01:26,217 - INFO - [SCHEDULER] Scheduler system active
2025-10-07 12:01:26,218 - INFO - [STARTUP] Application startup complete!
2025-10-07 12:01:26,251 - INFO - [31m[1mWARNING: This is a development server. Do not use it in a production deployment. Use a production WSGI server instead.[0m
 * Running on http://127.0.0.1:5000
2025-10-07 12:01:26,252 - INFO - [33mPress CTRL+C to quit[0m
2025-10-07 12:01:26,253 - INFO -  * Restarting with stat
2025-10-07 12:01:26,445 - INFO - [REQ] GET /login - 127.0.0.1
2025-10-07 12:01:26,451 - INFO - [RESP] GET /login - 200
2025-10-07 12:01:26,456 - INFO - 127.0.0.1 - - [07/Oct/2025 12:01:26] "GET /login HTTP/1.1" 200 -
2025-10-07 12:01:27,816 - INFO - [INIT] Initializing Flask application...
2025-10-07 12:01:27,816 - INFO - [CONFIG] Loading configuration...
2025-10-07 12:01:27,816 - INFO - [AUTH] Authentication system ready
2025-10-07 12:01:27,816 - INFO - [DATABASE] Database connections configured
2025-10-07 12:01:27,817 - INFO - [SCHEDULER] Scheduler system active
2025-10-07 12:01:27,817 - INFO - [STARTUP] Application startup complete!
2025-10-07 12:01:27,827 - WARNING -  * Debugger is active!
2025-10-07 12:01:27,830 - INFO -  * Debugger PIN: 499-062-501
2025-10-07 12:01:35,440 - INFO - [REQ] POST /login - 127.0.0.1
2025-10-07 12:01:35,980 - INFO - [LOGIN] Successful login: admin (admin) from 127.0.0.1
2025-10-07 12:01:35,983 - INFO - [RESP] POST /login - 302
2025-10-07 12:01:35,985 - INFO - 127.0.0.1 - - [07/Oct/2025 12:01:35] "[32mPOST /login HTTP/1.1[0m" 302 -
2025-10-07 12:01:35,993 - INFO - [REQ] GET / - 127.0.0.1
2025-10-07 12:01:35,993 - INFO - [DEBUG] Checking auth for / - username=admin, role=admin, ip=127.0.0.1
2025-10-07 12:01:35,994 - INFO - [AUTH] Authenticated access: admin (admin) to /
2025-10-07 12:01:35,994 - INFO - [HOME] Homepage accessed by user: admin
2025-10-07 12:01:35,996 - INFO - [INFO] Loaded 1 SQL servers for display
2025-10-07 12:01:35,998 - INFO - [RESP] GET / - 200
2025-10-07 12:01:35,999 - INFO - 127.0.0.1 - - [07/Oct/2025 12:01:35] "GET / HTTP/1.1" 200 -
2025-10-07 12:01:36,341 - INFO - [REQ] GET /static/actin-logo.png - 127.0.0.1
2025-10-07 12:01:36,347 - INFO - [RESP] GET /static/actin-logo.png - 304
2025-10-07 12:01:36,348 - INFO - 127.0.0.1 - - [07/Oct/2025 12:01:36] "[36mGET /static/actin-logo.png HTTP/1.1[0m" 304 -
2025-10-07 12:01:39,309 - INFO - [REQ] GET /sync-summary - 127.0.0.1
2025-10-07 12:01:39,310 - INFO - [DEBUG] Checking auth for /sync-summary - username=admin, role=admin, ip=127.0.0.1
2025-10-07 12:01:39,311 - INFO - [AUTH] Authenticated access: admin (admin) to /sync-summary
2025-10-07 12:01:39,311 - INFO - Cache expired for all_servers
2025-10-07 12:01:39,313 - INFO - Cache expired for individual:server1
2025-10-07 12:01:39,931 - INFO - [RESP] GET /sync-summary - 200
2025-10-07 12:01:39,932 - INFO - 127.0.0.1 - - [07/Oct/2025 12:01:39] "GET /sync-summary HTTP/1.1" 200 -
2025-10-07 12:01:39,951 - INFO - [REQ] GET /static/actin-logo.png - 127.0.0.1
2025-10-07 12:01:39,952 - INFO - [RESP] GET /static/actin-logo.png - 304
2025-10-07 12:01:39,952 - INFO - 127.0.0.1 - - [07/Oct/2025 12:01:39] "[36mGET /static/actin-logo.png HTTP/1.1[0m" 304 -
2025-10-07 12:01:40,426 - INFO - [REQ] GET /sync-summary/quick.json - 127.0.0.1
2025-10-07 12:01:40,427 - INFO - [DEBUG] Checking auth for /sync-summary/quick.json - username=admin, role=admin, ip=127.0.0.1
2025-10-07 12:01:40,428 - INFO - [AUTH] Authenticated access: admin (admin) to /sync-summary/quick.json
2025-10-07 12:01:40,429 - INFO - Cache hit for all_servers
2025-10-07 12:01:40,430 - INFO - [RESP] GET /sync-summary/quick.json - 200
2025-10-07 12:01:40,432 - INFO - 127.0.0.1 - - [07/Oct/2025 12:01:40] "GET /sync-summary/quick.json HTTP/1.1" 200 -
2025-10-07 12:01:43,573 - INFO - [REQ] GET / - 127.0.0.1
2025-10-07 12:01:43,574 - INFO - [DEBUG] Checking auth for / - username=admin, role=admin, ip=127.0.0.1
2025-10-07 12:01:43,574 - INFO - [AUTH] Authenticated access: admin (admin) to /
2025-10-07 12:01:43,575 - INFO - [HOME] Homepage accessed by user: admin
2025-10-07 12:01:43,576 - INFO - [INFO] Loaded 1 SQL servers for display
2025-10-07 12:01:43,577 - INFO - [RESP] GET / - 200
2025-10-07 12:01:43,578 - INFO - 127.0.0.1 - - [07/Oct/2025 12:01:43] "GET / HTTP/1.1" 200 -
2025-10-07 12:01:43,889 - INFO - [REQ] GET /static/actin-logo.png - 127.0.0.1
2025-10-07 12:01:43,891 - INFO - [RESP] GET /static/actin-logo.png - 304
2025-10-07 12:01:43,892 - INFO - 127.0.0.1 - - [07/Oct/2025 12:01:43] "[36mGET /static/actin-logo.png HTTP/1.1[0m" 304 -
2025-10-07 12:01:52,719 - INFO - [REQ] GET /view-schedules - 127.0.0.1
2025-10-07 12:01:52,722 - INFO - [DEBUG] Checking auth for /view-schedules - username=admin, role=admin, ip=127.0.0.1
2025-10-07 12:01:52,723 - INFO - [AUTH] Authenticated access: admin (admin) to /view-schedules
2025-10-07 12:01:52,778 - INFO - [RESP] GET /view-schedules - 200
2025-10-07 12:01:52,779 - INFO - 127.0.0.1 - - [07/Oct/2025 12:01:52] "GET /view-schedules HTTP/1.1" 200 -
2025-10-07 12:01:52,967 - INFO - [REQ] GET /api/job-statuses - 127.0.0.1
2025-10-07 12:01:52,968 - INFO - [DEBUG] Checking auth for /api/job-statuses - username=admin, role=admin, ip=127.0.0.1
2025-10-07 12:01:52,969 - INFO - [AUTH] Authenticated access: admin (admin) to /api/job-statuses
2025-10-07 12:01:52,970 - INFO - [RESP] GET /api/job-statuses - 404
2025-10-07 12:01:52,972 - INFO - 127.0.0.1 - - [07/Oct/2025 12:01:52] "[33mGET /api/job-statuses HTTP/1.1[0m" 404 -
2025-10-07 12:01:52,976 - INFO - [REQ] GET /static/actin-logo.png - 127.0.0.1
2025-10-07 12:01:52,978 - INFO - [RESP] GET /static/actin-logo.png - 304
2025-10-07 12:01:52,980 - INFO - 127.0.0.1 - - [07/Oct/2025 12:01:52] "[36mGET /static/actin-logo.png HTTP/1.1[0m" 304 -
2025-10-07 12:01:54,432 - INFO - [REQ] GET /sync-summary - 127.0.0.1
2025-10-07 12:01:54,433 - INFO - [DEBUG] Checking auth for /sync-summary - username=admin, role=admin, ip=127.0.0.1
2025-10-07 12:01:54,433 - INFO - [AUTH] Authenticated access: admin (admin) to /sync-summary
2025-10-07 12:01:54,434 - INFO - Cache hit for all_servers
2025-10-07 12:01:54,434 - INFO - [RESP] GET /sync-summary - 200
2025-10-07 12:01:54,435 - INFO - 127.0.0.1 - - [07/Oct/2025 12:01:54] "GET /sync-summary HTTP/1.1" 200 -
2025-10-07 12:01:54,738 - INFO - [REQ] GET /sync-summary/quick.json - 127.0.0.1
2025-10-07 12:01:54,739 - INFO - [DEBUG] Checking auth for /sync-summary/quick.json - username=admin, role=admin, ip=127.0.0.1
2025-10-07 12:01:54,740 - INFO - [AUTH] Authenticated access: admin (admin) to /sync-summary/quick.json
2025-10-07 12:01:54,741 - INFO - Cache hit for all_servers
2025-10-07 12:01:54,742 - INFO - [RESP] GET /sync-summary/quick.json - 200
2025-10-07 12:01:54,744 - INFO - 127.0.0.1 - - [07/Oct/2025 12:01:54] "GET /sync-summary/quick.json HTTP/1.1" 200 -
2025-10-07 12:01:54,911 - INFO - [REQ] GET /static/actin-logo.png - 127.0.0.1
2025-10-07 12:01:54,913 - INFO - [RESP] GET /static/actin-logo.png - 304
2025-10-07 12:01:54,914 - INFO - 127.0.0.1 - - [07/Oct/2025 12:01:54] "[36mGET /static/actin-logo.png HTTP/1.1[0m" 304 -
2025-10-07 12:01:55,815 - INFO - [REQ] GET /dashboard - 127.0.0.1
2025-10-07 12:01:55,816 - INFO - [DEBUG] Checking auth for /dashboard - username=admin, role=admin, ip=127.0.0.1
2025-10-07 12:01:55,817 - INFO - [AUTH] Authenticated access: admin (admin) to /dashboard
2025-10-07 12:01:55,993 - INFO - [RESP] GET /dashboard - 200
2025-10-07 12:01:55,995 - INFO - 127.0.0.1 - - [07/Oct/2025 12:01:55] "GET /dashboard HTTP/1.1" 200 -
2025-10-07 12:01:56,045 - INFO - [REQ] GET /static/actin-logo.png - 127.0.0.1
2025-10-07 12:01:56,046 - INFO - [RESP] GET /static/actin-logo.png - 304
2025-10-07 12:01:56,047 - INFO - 127.0.0.1 - - [07/Oct/2025 12:01:56] "[36mGET /static/actin-logo.png HTTP/1.1[0m" 304 -
2025-10-07 12:02:01,183 - INFO - [REQ] GET /dashboard/data - 127.0.0.1
2025-10-07 12:02:01,183 - INFO - [DEBUG] Checking auth for /dashboard/data - username=admin, role=admin, ip=127.0.0.1
2025-10-07 12:02:01,183 - INFO - [AUTH] Authenticated access: admin (admin) to /dashboard/data
2025-10-07 12:02:01,252 - INFO - [RESP] GET /dashboard/data - 200
2025-10-07 12:02:01,253 - INFO - 127.0.0.1 - - [07/Oct/2025 12:02:01] "GET /dashboard/data HTTP/1.1" 200 -
2025-10-07 12:02:06,496 - INFO - [REQ] GET /dashboard/data - 127.0.0.1
2025-10-07 12:02:06,497 - INFO - [DEBUG] Checking auth for /dashboard/data - username=admin, role=admin, ip=127.0.0.1
2025-10-07 12:02:06,498 - INFO - [AUTH] Authenticated access: admin (admin) to /dashboard/data
2025-10-07 12:02:06,599 - INFO - [RESP] GET /dashboard/data - 200
2025-10-07 12:02:06,600 - INFO - 127.0.0.1 - - [07/Oct/2025 12:02:06] "GET /dashboard/data HTTP/1.1" 200 -
2025-10-07 12:02:11,249 - INFO - [REQ] GET /dashboard/data - 127.0.0.1
2025-10-07 12:02:11,250 - INFO - [DEBUG] Checking auth for /dashboard/data - username=admin, role=admin, ip=127.0.0.1
2025-10-07 12:02:11,251 - INFO - [AUTH] Authenticated access: admin (admin) to /dashboard/data
2025-10-07 12:02:11,325 - INFO - [RESP] GET /dashboard/data - 200
2025-10-07 12:02:11,326 - INFO - 127.0.0.1 - - [07/Oct/2025 12:02:11] "GET /dashboard/data HTTP/1.1" 200 -
2025-10-07 12:02:16,554 - INFO - [REQ] GET /dashboard/data - 127.0.0.1
2025-10-07 12:02:16,555 - INFO - [DEBUG] Checking auth for /dashboard/data - username=admin, role=admin, ip=127.0.0.1
2025-10-07 12:02:16,556 - INFO - [AUTH] Authenticated access: admin (admin) to /dashboard/data
2025-10-07 12:02:16,671 - INFO - [RESP] GET /dashboard/data - 200
2025-10-07 12:02:16,673 - INFO - 127.0.0.1 - - [07/Oct/2025 12:02:16] "GET /dashboard/data HTTP/1.1" 200 -
2025-10-07 12:03:47,227 - INFO - [INIT] Initializing Flask application...
2025-10-07 12:03:47,227 - INFO - [CONFIG] Loading configuration...
2025-10-07 12:03:47,227 - INFO - [AUTH] Authentication system ready
2025-10-07 12:03:47,228 - INFO - [DATABASE] Database connections configured
2025-10-07 12:03:47,228 - INFO - [SCHEDULER] Scheduler system active
2025-10-07 12:03:47,228 - INFO - [STARTUP] Application startup complete!
2025-10-07 12:03:47,261 - INFO - [31m[1mWARNING: This is a development server. Do not use it in a production deployment. Use a production WSGI server instead.[0m
 * Running on http://127.0.0.1:5000
2025-10-07 12:03:47,262 - INFO - [33mPress CTRL+C to quit[0m
2025-10-07 12:03:47,265 - INFO -  * Restarting with stat
2025-10-07 12:03:49,128 - INFO - [INIT] Initializing Flask application...
2025-10-07 12:03:49,129 - INFO - [CONFIG] Loading configuration...
2025-10-07 12:03:49,129 - INFO - [AUTH] Authentication system ready
2025-10-07 12:03:49,129 - INFO - [DATABASE] Database connections configured
2025-10-07 12:03:49,130 - INFO - [SCHEDULER] Scheduler system active
2025-10-07 12:03:49,130 - INFO - [STARTUP] Application startup complete!
2025-10-07 12:03:49,142 - WARNING -  * Debugger is active!
2025-10-07 12:03:49,144 - INFO -  * Debugger PIN: 499-062-501
2025-10-07 12:03:49,163 - INFO - [REQ] GET /login - 127.0.0.1
2025-10-07 12:03:49,168 - INFO - [RESP] GET /login - 200
2025-10-07 12:03:49,169 - INFO - 127.0.0.1 - - [07/Oct/2025 12:03:49] "GET /login HTTP/1.1" 200 -
2025-10-07 12:03:56,865 - INFO - [REQ] POST /login - 127.0.0.1
2025-10-07 12:03:57,471 - INFO - [LOGIN] Successful login: admin (admin) from 127.0.0.1
2025-10-07 12:03:57,472 - INFO - [RESP] POST /login - 302
2025-10-07 12:03:57,474 - INFO - 127.0.0.1 - - [07/Oct/2025 12:03:57] "[32mPOST /login HTTP/1.1[0m" 302 -
2025-10-07 12:03:57,483 - INFO - [REQ] GET / - 127.0.0.1
2025-10-07 12:03:57,484 - INFO - [DEBUG] Checking auth for / - username=admin, role=admin, ip=127.0.0.1
2025-10-07 12:03:57,485 - INFO - [AUTH] Authenticated access: admin (admin) to /
2025-10-07 12:03:57,485 - INFO - [HOME] Homepage accessed by user: admin
2025-10-07 12:03:57,489 - INFO - [INFO] Loaded 1 SQL servers for display
2025-10-07 12:03:57,545 - INFO - [RESP] GET / - 200
2025-10-07 12:03:57,547 - INFO - 127.0.0.1 - - [07/Oct/2025 12:03:57] "GET / HTTP/1.1" 200 -
2025-10-07 12:03:57,612 - INFO - [REQ] GET /static/actin-logo.png - 127.0.0.1
2025-10-07 12:03:57,805 - INFO - [RESP] GET /static/actin-logo.png - 304
2025-10-07 12:03:57,807 - INFO - 127.0.0.1 - - [07/Oct/2025 12:03:57] "[36mGET /static/actin-logo.png HTTP/1.1[0m" 304 -
2025-10-07 12:04:01,754 - INFO - [REQ] GET /sync-summary - 127.0.0.1
2025-10-07 12:04:01,755 - INFO - [DEBUG] Checking auth for /sync-summary - username=admin, role=admin, ip=127.0.0.1
2025-10-07 12:04:01,756 - INFO - [AUTH] Authenticated access: admin (admin) to /sync-summary
2025-10-07 12:04:02,765 - INFO - [RESP] GET /sync-summary - 200
2025-10-07 12:04:02,765 - INFO - 127.0.0.1 - - [07/Oct/2025 12:04:02] "GET /sync-summary HTTP/1.1" 200 -
2025-10-07 12:04:02,782 - INFO - [REQ] GET /static/actin-logo.png - 127.0.0.1
2025-10-07 12:04:02,783 - INFO - [RESP] GET /static/actin-logo.png - 304
2025-10-07 12:04:02,784 - INFO - 127.0.0.1 - - [07/Oct/2025 12:04:02] "[36mGET /static/actin-logo.png HTTP/1.1[0m" 304 -
2025-10-07 12:04:02,943 - INFO - [REQ] GET /sync-summary/quick.json - 127.0.0.1
2025-10-07 12:04:02,944 - INFO - [DEBUG] Checking auth for /sync-summary/quick.json - username=admin, role=admin, ip=127.0.0.1
2025-10-07 12:04:02,944 - INFO - [AUTH] Authenticated access: admin (admin) to /sync-summary/quick.json
2025-10-07 12:04:02,945 - INFO - Cache hit for all_servers
2025-10-07 12:04:02,945 - INFO - [RESP] GET /sync-summary/quick.json - 200
2025-10-07 12:04:02,946 - INFO - 127.0.0.1 - - [07/Oct/2025 12:04:02] "GET /sync-summary/quick.json HTTP/1.1" 200 -
2025-10-07 12:04:04,664 - INFO - [REQ] GET / - 127.0.0.1
2025-10-07 12:04:04,665 - INFO - [DEBUG] Checking auth for / - username=admin, role=admin, ip=127.0.0.1
2025-10-07 12:04:04,666 - INFO - [AUTH] Authenticated access: admin (admin) to /
2025-10-07 12:04:04,667 - INFO - [HOME] Homepage accessed by user: admin
2025-10-07 12:04:04,672 - INFO - [INFO] Loaded 1 SQL servers for display
2025-10-07 12:04:04,674 - INFO - [RESP] GET / - 200
2025-10-07 12:04:04,676 - INFO - 127.0.0.1 - - [07/Oct/2025 12:04:04] "GET / HTTP/1.1" 200 -
2025-10-07 12:04:04,895 - INFO - [REQ] GET /static/actin-logo.png - 127.0.0.1
2025-10-07 12:04:04,897 - INFO - [RESP] GET /static/actin-logo.png - 304
2025-10-07 12:04:04,899 - INFO - 127.0.0.1 - - [07/Oct/2025 12:04:04] "[36mGET /static/actin-logo.png HTTP/1.1[0m" 304 -
2025-10-07 12:04:06,381 - INFO - [REQ] GET /sync_background/server1 - 127.0.0.1
2025-10-07 12:04:06,381 - INFO - [DEBUG] Checking auth for /sync_background/server1 - username=admin, role=admin, ip=127.0.0.1
2025-10-07 12:04:06,382 - INFO - [AUTH] Authenticated access: admin (admin) to /sync_background/server1
2025-10-07 12:04:06,382 - INFO - [SYNC-ASYNC START] Request to start background sync for: server1
2025-10-07 12:04:06,383 - INFO - [SYNC-ASYNC WORKER] Background worker started for: server1
2025-10-07 12:04:06,383 - INFO - [RESP] GET /sync_background/server1 - 202
2025-10-07 12:04:06,386 - INFO - 127.0.0.1 - - [07/Oct/2025 12:04:06] "[35m[1mGET /sync_background/server1 HTTP/1.1[0m" 202 -
2025-10-07 12:04:06,434 - INFO - [PROCESS] Background processing hybrid sync for server1
2025-10-07 12:04:06,434 - INFO - MIGRATION STARTED for server1
2025-10-07 12:04:06,648 - INFO - Sync tracking table created/verified
2025-10-07 12:04:06,664 - INFO - Connected to SQL Server: localhost\SQL2019_Second
2025-10-07 12:04:06,721 - INFO - Found 9 databases on localhost\SQL2019_Second
2025-10-07 12:04:06,722 - INFO - DATABASE START: server1/newdb
2025-10-07 12:04:06,724 - INFO - Cleaned up system table: localhostSQL2019_Second_newdb.sys_trace_xe_event_map
2025-10-07 12:04:06,726 - INFO - Cleaned up system table: localhostSQL2019_Second_newdb.sys_trace_xe_action_map
2025-10-07 12:04:06,772 - INFO - === Starting FULL sync for database: newdb ===
2025-10-07 12:04:07,103 - INFO - [FULL SYNC] Processing sys.trace_xe_action_map
2025-10-07 12:04:07,104 - INFO - [FULL SYNC] Processing sys.trace_xe_event_map
2025-10-07 12:04:07,106 - INFO - === FULL sync completed for newdb, 2/2 tables processed ===
2025-10-07 12:04:07,110 - INFO - server1/newdb: processed 2 tables
2025-10-07 12:04:07,112 - INFO - DATABASE START: server1/Saad1
2025-10-07 12:04:07,114 - INFO - Cleaned up system table: localhostSQL2019_Second_Saad1.sys_trace_xe_event_map
2025-10-07 12:04:07,116 - INFO - Cleaned up system table: localhostSQL2019_Second_Saad1.sys_trace_xe_action_map
2025-10-07 12:04:07,132 - INFO - === Starting FULL sync for database: Saad1 ===
2025-10-07 12:04:07,379 - INFO - [FULL SYNC] Processing dbo.Employees
2025-10-07 12:04:07,475 - INFO - Schema 'localhostSQL2019_Second_Saad1' created/verified successfully
2025-10-07 12:04:07,524 - INFO - Created table 'localhostSQL2019_Second_Saad1.dbo_Employees' with proper data types
2025-10-07 12:04:07,534 - INFO - Table dbo.Employees is empty, but schema created in PostgreSQL
2025-10-07 12:04:07,543 - INFO - [FULL SYNC] Processing sys.trace_xe_action_map
2025-10-07 12:04:07,543 - INFO - [FULL SYNC] Processing sys.trace_xe_event_map
2025-10-07 12:04:07,545 - INFO - === FULL sync completed for Saad1, 3/3 tables processed ===
2025-10-07 12:04:07,548 - INFO - server1/Saad1: processed 3 tables
2025-10-07 12:04:07,550 - INFO - DATABASE START: server1/saadtest
2025-10-07 12:04:07,551 - INFO - Cleaned up system table: localhostSQL2019_Second_saadtest.sys_trace_xe_event_map
2025-10-07 12:04:07,552 - INFO - Cleaned up system table: localhostSQL2019_Second_saadtest.sys_trace_xe_action_map
2025-10-07 12:04:07,564 - INFO - === Starting FULL sync for database: saadtest ===
2025-10-07 12:04:07,835 - INFO - [FULL SYNC] Processing dbo.Employees
2025-10-07 12:04:07,909 - INFO - Schema 'localhostSQL2019_Second_saadtest' created/verified successfully
2025-10-07 12:04:07,924 - INFO - Created table 'localhostSQL2019_Second_saadtest.dbo_Employees' with proper data types
2025-10-07 12:04:07,941 - WARNING - Could not get PK info for dbo.Employees: 'pyodbc.Cursor' object has no attribute 'cursor'
2025-10-07 12:04:07,942 - WARNING - Could not get timestamp column for dbo.Employees: 'pyodbc.Cursor' object has no attribute 'cursor'
2025-10-07 12:04:07,942 - WARNING - Could not get unique identifier column for dbo.Employees: 'pyodbc.Cursor' object has no attribute 'cursor'
2025-10-07 12:04:07,946 - INFO - [FULL SYNC] Processing sys.trace_xe_action_map
2025-10-07 12:04:07,947 - INFO - [FULL SYNC] Processing sys.trace_xe_event_map
2025-10-07 12:04:07,948 - INFO - === FULL sync completed for saadtest, 3/3 tables processed ===
2025-10-07 12:04:07,949 - INFO - server1/saadtest: processed 3 tables
2025-10-07 12:04:07,952 - INFO - DATABASE START: server1/SampleDB
2025-10-07 12:04:07,953 - INFO - Cleaned up system table: localhostSQL2019_Second_SampleDB.sys_trace_xe_event_map
2025-10-07 12:04:07,954 - INFO - Cleaned up system table: localhostSQL2019_Second_SampleDB.sys_trace_xe_action_map
2025-10-07 12:04:07,970 - INFO - === Starting FULL sync for database: SampleDB ===
2025-10-07 12:04:08,229 - INFO - [FULL SYNC] Processing dbo.Employees
2025-10-07 12:04:08,305 - INFO - Schema 'localhostSQL2019_Second_SampleDB' created/verified successfully
2025-10-07 12:04:08,321 - INFO - Created table 'localhostSQL2019_Second_SampleDB.dbo_Employees' with proper data types
2025-10-07 12:04:08,334 - WARNING - Could not get PK info for dbo.Employees: 'pyodbc.Cursor' object has no attribute 'cursor'
2025-10-07 12:04:08,336 - WARNING - Could not get timestamp column for dbo.Employees: 'pyodbc.Cursor' object has no attribute 'cursor'
2025-10-07 12:04:08,336 - WARNING - Could not get unique identifier column for dbo.Employees: 'pyodbc.Cursor' object has no attribute 'cursor'
2025-10-07 12:04:08,338 - INFO - [FULL SYNC] Processing sys.trace_xe_action_map
2025-10-07 12:04:08,339 - INFO - [FULL SYNC] Processing sys.trace_xe_event_map
2025-10-07 12:04:08,340 - INFO - === FULL sync completed for SampleDB, 3/3 tables processed ===
2025-10-07 12:04:08,343 - INFO - server1/SampleDB: processed 3 tables
2025-10-07 12:04:08,347 - INFO - DATABASE START: server1/SampleDB1
2025-10-07 12:04:08,350 - INFO - Cleaned up system table: localhostSQL2019_Second_SampleDB1.sys_trace_xe_event_map
2025-10-07 12:04:08,352 - INFO - Cleaned up system table: localhostSQL2019_Second_SampleDB1.sys_trace_xe_action_map
2025-10-07 12:04:08,377 - INFO - === Starting FULL sync for database: SampleDB1 ===
2025-10-07 12:04:08,696 - INFO - [FULL SYNC] Processing dbo.Employees
2025-10-07 12:04:08,795 - INFO - Schema 'localhostSQL2019_Second_SampleDB1' created/verified successfully
2025-10-07 12:04:08,812 - INFO - Created table 'localhostSQL2019_Second_SampleDB1.dbo_Employees' with proper data types
2025-10-07 12:04:08,828 - WARNING - Could not get PK info for dbo.Employees: 'pyodbc.Cursor' object has no attribute 'cursor'
2025-10-07 12:04:08,830 - WARNING - Could not get timestamp column for dbo.Employees: 'pyodbc.Cursor' object has no attribute 'cursor'
2025-10-07 12:04:08,831 - WARNING - Could not get unique identifier column for dbo.Employees: 'pyodbc.Cursor' object has no attribute 'cursor'
2025-10-07 12:04:08,835 - INFO - [FULL SYNC] Processing sys.trace_xe_action_map
2025-10-07 12:04:08,837 - INFO - [FULL SYNC] Processing sys.trace_xe_event_map
2025-10-07 12:04:08,839 - INFO - === FULL sync completed for SampleDB1, 3/3 tables processed ===
2025-10-07 12:04:08,842 - INFO - server1/SampleDB1: processed 3 tables
2025-10-07 12:04:08,847 - INFO - DATABASE START: server1/SampleDB2
2025-10-07 12:04:08,850 - INFO - Cleaned up system table: localhostSQL2019_Second_SampleDB2.sys_trace_xe_event_map
2025-10-07 12:04:08,852 - INFO - Cleaned up system table: localhostSQL2019_Second_SampleDB2.sys_trace_xe_action_map
2025-10-07 12:04:08,872 - INFO - === Starting FULL sync for database: SampleDB2 ===
2025-10-07 12:04:09,141 - INFO - [FULL SYNC] Processing dbo.Employees
2025-10-07 12:04:09,234 - INFO - Schema 'localhostSQL2019_Second_SampleDB2' created/verified successfully
2025-10-07 12:04:09,245 - INFO - Created table 'localhostSQL2019_Second_SampleDB2.dbo_Employees' with proper data types
2025-10-07 12:04:09,255 - WARNING - Could not get PK info for dbo.Employees: 'pyodbc.Cursor' object has no attribute 'cursor'
2025-10-07 12:04:09,256 - WARNING - Could not get timestamp column for dbo.Employees: 'pyodbc.Cursor' object has no attribute 'cursor'
2025-10-07 12:04:09,256 - WARNING - Could not get unique identifier column for dbo.Employees: 'pyodbc.Cursor' object has no attribute 'cursor'
2025-10-07 12:04:09,258 - INFO - [FULL SYNC] Processing sys.trace_xe_action_map
2025-10-07 12:04:09,259 - INFO - [FULL SYNC] Processing sys.trace_xe_event_map
2025-10-07 12:04:09,260 - INFO - === FULL sync completed for SampleDB2, 3/3 tables processed ===
2025-10-07 12:04:09,260 - INFO - server1/SampleDB2: processed 3 tables
2025-10-07 12:04:09,262 - INFO - DATABASE START: server1/SampleDB20
2025-10-07 12:04:09,264 - INFO - Cleaned up system table: localhostSQL2019_Second_SampleDB20.sys_trace_xe_event_map
2025-10-07 12:04:09,265 - INFO - Cleaned up system table: localhostSQL2019_Second_SampleDB20.sys_trace_xe_action_map
2025-10-07 12:04:09,276 - INFO - === Starting FULL sync for database: SampleDB20 ===
2025-10-07 12:04:09,525 - INFO - [FULL SYNC] Processing dbo.Customers
2025-10-07 12:04:09,594 - INFO - Schema 'localhostSQL2019_Second_SampleDB20' created/verified successfully
2025-10-07 12:04:09,608 - INFO - Created table 'localhostSQL2019_Second_SampleDB20.dbo_Customers' with proper data types
2025-10-07 12:04:09,621 - WARNING - Could not get PK info for dbo.Customers: 'pyodbc.Cursor' object has no attribute 'cursor'
2025-10-07 12:04:09,621 - WARNING - Could not get timestamp column for dbo.Customers: 'pyodbc.Cursor' object has no attribute 'cursor'
2025-10-07 12:04:09,622 - WARNING - Could not get unique identifier column for dbo.Customers: 'pyodbc.Cursor' object has no attribute 'cursor'
2025-10-07 12:04:09,624 - INFO - [FULL SYNC] Processing sys.trace_xe_action_map
2025-10-07 12:04:09,625 - INFO - [FULL SYNC] Processing sys.trace_xe_event_map
2025-10-07 12:04:09,625 - INFO - === FULL sync completed for SampleDB20, 3/3 tables processed ===
2025-10-07 12:04:09,626 - INFO - server1/SampleDB20: processed 3 tables
2025-10-07 12:04:09,627 - INFO - DATABASE START: server1/SampleDB21
2025-10-07 12:04:09,628 - INFO - Cleaned up system table: localhostSQL2019_Second_SampleDB21.sys_trace_xe_event_map
2025-10-07 12:04:09,629 - INFO - Cleaned up system table: localhostSQL2019_Second_SampleDB21.sys_trace_xe_action_map
2025-10-07 12:04:09,640 - INFO - === Starting FULL sync for database: SampleDB21 ===
2025-10-07 12:04:09,842 - INFO - [FULL SYNC] Processing dbo.Customers
2025-10-07 12:04:09,906 - INFO - Schema 'localhostSQL2019_Second_SampleDB21' created/verified successfully
2025-10-07 12:04:09,916 - INFO - Created table 'localhostSQL2019_Second_SampleDB21.dbo_Customers' with proper data types
2025-10-07 12:04:09,929 - WARNING - Could not get PK info for dbo.Customers: 'pyodbc.Cursor' object has no attribute 'cursor'
2025-10-07 12:04:09,929 - WARNING - Could not get timestamp column for dbo.Customers: 'pyodbc.Cursor' object has no attribute 'cursor'
2025-10-07 12:04:09,930 - WARNING - Could not get unique identifier column for dbo.Customers: 'pyodbc.Cursor' object has no attribute 'cursor'
2025-10-07 12:04:09,932 - INFO - [FULL SYNC] Processing sys.trace_xe_action_map
2025-10-07 12:04:09,933 - INFO - [FULL SYNC] Processing sys.trace_xe_event_map
2025-10-07 12:04:09,933 - INFO - === FULL sync completed for SampleDB21, 3/3 tables processed ===
2025-10-07 12:04:09,935 - INFO - server1/SampleDB21: processed 3 tables
2025-10-07 12:04:09,936 - INFO - DATABASE START: server1/SampleDB3
2025-10-07 12:04:09,937 - INFO - Cleaned up system table: localhostSQL2019_Second_SampleDB3.sys_trace_xe_event_map
2025-10-07 12:04:09,937 - INFO - Cleaned up system table: localhostSQL2019_Second_SampleDB3.sys_trace_xe_action_map
2025-10-07 12:04:09,949 - INFO - === Starting FULL sync for database: SampleDB3 ===
2025-10-07 12:04:10,161 - INFO - [FULL SYNC] Processing dbo.Employees
2025-10-07 12:04:10,225 - INFO - Schema 'localhostSQL2019_Second_SampleDB3' created/verified successfully
2025-10-07 12:04:10,236 - INFO - Created table 'localhostSQL2019_Second_SampleDB3.dbo_Employees' with proper data types
2025-10-07 12:04:10,247 - WARNING - Could not get PK info for dbo.Employees: 'pyodbc.Cursor' object has no attribute 'cursor'
2025-10-07 12:04:10,248 - WARNING - Could not get timestamp column for dbo.Employees: 'pyodbc.Cursor' object has no attribute 'cursor'
2025-10-07 12:04:10,248 - WARNING - Could not get unique identifier column for dbo.Employees: 'pyodbc.Cursor' object has no attribute 'cursor'
2025-10-07 12:04:10,250 - INFO - [FULL SYNC] Processing sys.trace_xe_action_map
2025-10-07 12:04:10,251 - INFO - [FULL SYNC] Processing sys.trace_xe_event_map
2025-10-07 12:04:10,251 - INFO - === FULL sync completed for SampleDB3, 3/3 tables processed ===
2025-10-07 12:04:10,253 - INFO - server1/SampleDB3: processed 3 tables
2025-10-07 12:04:10,255 - INFO - Completed server1
2025-10-07 12:04:10,255 - INFO - [SYNC-ASYNC COMPLETE] Background sync completed for server1
2025-10-07 12:04:52,322 - INFO - [INIT] Initializing Flask application...
2025-10-07 12:04:52,323 - INFO - [CONFIG] Loading configuration...
2025-10-07 12:04:52,323 - INFO - [AUTH] Authentication system ready
2025-10-07 12:04:52,323 - INFO - [DATABASE] Database connections configured
2025-10-07 12:04:52,323 - INFO - [SCHEDULER] Scheduler system active
2025-10-07 12:04:52,323 - INFO - [STARTUP] Application startup complete!
2025-10-07 12:04:52,339 - INFO - [31m[1mWARNING: This is a development server. Do not use it in a production deployment. Use a production WSGI server instead.[0m
 * Running on http://127.0.0.1:5000
2025-10-07 12:04:52,339 - INFO - [33mPress CTRL+C to quit[0m
2025-10-07 12:04:52,341 - INFO -  * Restarting with stat
2025-10-07 12:04:53,476 - INFO - [INIT] Initializing Flask application...
2025-10-07 12:04:53,477 - INFO - [CONFIG] Loading configuration...
2025-10-07 12:04:53,477 - INFO - [AUTH] Authentication system ready
2025-10-07 12:04:53,477 - INFO - [DATABASE] Database connections configured
2025-10-07 12:04:53,478 - INFO - [SCHEDULER] Scheduler system active
2025-10-07 12:04:53,478 - INFO - [STARTUP] Application startup complete!
2025-10-07 12:04:53,488 - WARNING -  * Debugger is active!
2025-10-07 12:04:53,491 - INFO -  * Debugger PIN: 499-062-501
2025-10-07 12:04:53,510 - INFO - [REQ] GET /login - 127.0.0.1
2025-10-07 12:04:53,513 - INFO - [RESP] GET /login - 200
2025-10-07 12:04:53,514 - INFO - 127.0.0.1 - - [07/Oct/2025 12:04:53] "GET /login HTTP/1.1" 200 -
2025-10-07 12:05:00,351 - INFO - [REQ] POST /login - 127.0.0.1
2025-10-07 12:05:00,894 - INFO - [LOGIN] Successful login: admin (admin) from 127.0.0.1
2025-10-07 12:05:00,894 - INFO - [RESP] POST /login - 302
2025-10-07 12:05:00,896 - INFO - 127.0.0.1 - - [07/Oct/2025 12:05:00] "[32mPOST /login HTTP/1.1[0m" 302 -
2025-10-07 12:05:00,901 - INFO - [REQ] GET / - 127.0.0.1
2025-10-07 12:05:00,903 - INFO - [DEBUG] Checking auth for / - username=admin, role=admin, ip=127.0.0.1
2025-10-07 12:05:00,904 - INFO - [AUTH] Authenticated access: admin (admin) to /
2025-10-07 12:05:00,904 - INFO - [HOME] Homepage accessed by user: admin
2025-10-07 12:05:00,905 - INFO - [INFO] Loaded 1 SQL servers for display
2025-10-07 12:05:00,923 - INFO - [RESP] GET / - 200
2025-10-07 12:05:00,924 - INFO - 127.0.0.1 - - [07/Oct/2025 12:05:00] "GET / HTTP/1.1" 200 -
2025-10-07 12:05:01,249 - INFO - [REQ] GET /static/actin-logo.png - 127.0.0.1
2025-10-07 12:05:01,426 - INFO - [RESP] GET /static/actin-logo.png - 304
2025-10-07 12:05:01,429 - INFO - 127.0.0.1 - - [07/Oct/2025 12:05:01] "[36mGET /static/actin-logo.png HTTP/1.1[0m" 304 -
2025-10-07 12:05:05,406 - INFO - [REQ] POST /delete-server/server1 - 127.0.0.1
2025-10-07 12:05:05,406 - INFO - [DEBUG] Checking auth for /delete-server/server1 - username=admin, role=admin, ip=127.0.0.1
2025-10-07 12:05:05,407 - INFO - [AUTH] Authenticated access: admin (admin) to /delete-server/server1
2025-10-07 12:05:05,410 - INFO - [RESP] POST /delete-server/server1 - 302
2025-10-07 12:05:05,411 - INFO - 127.0.0.1 - - [07/Oct/2025 12:05:05] "[32mPOST /delete-server/server1 HTTP/1.1[0m" 302 -
2025-10-07 12:05:05,716 - INFO - [REQ] GET / - 127.0.0.1
2025-10-07 12:05:05,717 - INFO - [DEBUG] Checking auth for / - username=admin, role=admin, ip=127.0.0.1
2025-10-07 12:05:05,718 - INFO - [AUTH] Authenticated access: admin (admin) to /
2025-10-07 12:05:05,719 - INFO - [HOME] Homepage accessed by user: admin
2025-10-07 12:05:05,726 - INFO - [INFO] Loaded 0 SQL servers for display
2025-10-07 12:05:05,728 - INFO - [RESP] GET / - 200
2025-10-07 12:05:05,731 - INFO - 127.0.0.1 - - [07/Oct/2025 12:05:05] "GET / HTTP/1.1" 200 -
2025-10-07 12:05:06,072 - INFO - [REQ] GET /static/actin-logo.png - 127.0.0.1
2025-10-07 12:05:06,074 - INFO - [RESP] GET /static/actin-logo.png - 304
2025-10-07 12:05:06,077 - INFO - 127.0.0.1 - - [07/Oct/2025 12:05:06] "[36mGET /static/actin-logo.png HTTP/1.1[0m" 304 -
2025-10-07 12:05:07,147 - INFO - [REQ] GET /add-server - 127.0.0.1
2025-10-07 12:05:07,148 - INFO - [DEBUG] Checking auth for /add-server - username=admin, role=admin, ip=127.0.0.1
2025-10-07 12:05:07,148 - INFO - [AUTH] Authenticated access: admin (admin) to /add-server
2025-10-07 12:05:07,196 - INFO - [RESP] GET /add-server - 200
2025-10-07 12:05:07,197 - INFO - 127.0.0.1 - - [07/Oct/2025 12:05:07] "GET /add-server HTTP/1.1" 200 -
2025-10-07 12:05:07,468 - INFO - [REQ] GET /static/actin-logo.png - 127.0.0.1
2025-10-07 12:05:07,471 - INFO - [RESP] GET /static/actin-logo.png - 304
2025-10-07 12:05:07,473 - INFO - 127.0.0.1 - - [07/Oct/2025 12:05:07] "[36mGET /static/actin-logo.png HTTP/1.1[0m" 304 -
2025-10-07 12:05:20,685 - INFO - [REQ] POST /add-server - 127.0.0.1
2025-10-07 12:05:20,687 - INFO - [DEBUG] Checking auth for /add-server - username=admin, role=admin, ip=127.0.0.1
2025-10-07 12:05:20,687 - INFO - [AUTH] Authenticated access: admin (admin) to /add-server
2025-10-07 12:05:20,698 - INFO - [RESP] POST /add-server - 302
2025-10-07 12:05:20,700 - INFO - 127.0.0.1 - - [07/Oct/2025 12:05:20] "[32mPOST /add-server HTTP/1.1[0m" 302 -
2025-10-07 12:05:20,706 - INFO - [REQ] GET / - 127.0.0.1
2025-10-07 12:05:20,707 - INFO - [DEBUG] Checking auth for / - username=admin, role=admin, ip=127.0.0.1
2025-10-07 12:05:20,708 - INFO - [AUTH] Authenticated access: admin (admin) to /
2025-10-07 12:05:20,708 - INFO - [HOME] Homepage accessed by user: admin
2025-10-07 12:05:20,731 - INFO - [INFO] Loaded 1 SQL servers for display
2025-10-07 12:05:20,733 - INFO - [RESP] GET / - 200
2025-10-07 12:05:20,735 - INFO - 127.0.0.1 - - [07/Oct/2025 12:05:20] "GET / HTTP/1.1" 200 -
2025-10-07 12:05:20,935 - INFO - [REQ] GET /static/actin-logo.png - 127.0.0.1
2025-10-07 12:05:20,938 - INFO - [RESP] GET /static/actin-logo.png - 304
2025-10-07 12:05:20,940 - INFO - 127.0.0.1 - - [07/Oct/2025 12:05:20] "[36mGET /static/actin-logo.png HTTP/1.1[0m" 304 -
2025-10-07 12:05:22,769 - INFO - [REQ] GET /sync_background/server1 - 127.0.0.1
2025-10-07 12:05:22,769 - INFO - [DEBUG] Checking auth for /sync_background/server1 - username=admin, role=admin, ip=127.0.0.1
2025-10-07 12:05:22,770 - INFO - [AUTH] Authenticated access: admin (admin) to /sync_background/server1
2025-10-07 12:05:22,772 - INFO - [SYNC-ASYNC START] Request to start background sync for: server1
2025-10-07 12:05:22,774 - INFO - [SYNC-ASYNC WORKER] Background worker started for: server1
2025-10-07 12:05:22,774 - INFO - [RESP] GET /sync_background/server1 - 202
2025-10-07 12:05:22,777 - INFO - 127.0.0.1 - - [07/Oct/2025 12:05:22] "[35m[1mGET /sync_background/server1 HTTP/1.1[0m" 202 -
2025-10-07 12:05:22,839 - INFO - [PROCESS] Background processing hybrid sync for server1
2025-10-07 12:05:22,839 - INFO - MIGRATION STARTED for server1
2025-10-07 12:05:22,905 - INFO - Sync tracking table created/verified
2025-10-07 12:05:23,061 - INFO - Connected to SQL Server: localhost
2025-10-07 12:05:23,131 - INFO - Found 5 databases on localhost
2025-10-07 12:05:23,132 - INFO - DATABASE START: server1/American_Food
2025-10-07 12:05:23,134 - INFO - Cleaned up system table: localhost_American_Food.sys_trace_xe_event_map
2025-10-07 12:05:23,135 - INFO - Cleaned up system table: localhost_American_Food.sys_trace_xe_action_map
2025-10-07 12:05:23,210 - INFO - === Starting FULL sync for database: American_Food ===
2025-10-07 12:05:23,570 - INFO - [FULL SYNC] Processing dbo.Burgers
2025-10-07 12:05:23,663 - INFO - Schema 'localhost_American_Food' created/verified successfully
2025-10-07 12:05:23,699 - INFO - Created table 'localhost_American_Food.dbo_Burgers' with proper data types
2025-10-07 12:05:23,713 - WARNING - Could not get PK info for dbo.Burgers: 'pyodbc.Cursor' object has no attribute 'cursor'
2025-10-07 12:05:23,715 - WARNING - Could not get timestamp column for dbo.Burgers: 'pyodbc.Cursor' object has no attribute 'cursor'
2025-10-07 12:05:23,715 - WARNING - Could not get unique identifier column for dbo.Burgers: 'pyodbc.Cursor' object has no attribute 'cursor'
2025-10-07 12:05:23,718 - INFO - [FULL SYNC] Processing dbo.Sandwiches
2025-10-07 12:05:23,759 - INFO - Schema 'localhost_American_Food' created/verified successfully
2025-10-07 12:05:23,770 - INFO - Created table 'localhost_American_Food.dbo_Sandwiches' with proper data types
2025-10-07 12:05:23,786 - WARNING - Could not get PK info for dbo.Sandwiches: 'pyodbc.Cursor' object has no attribute 'cursor'
2025-10-07 12:05:23,787 - WARNING - Could not get timestamp column for dbo.Sandwiches: 'pyodbc.Cursor' object has no attribute 'cursor'
2025-10-07 12:05:23,788 - WARNING - Could not get unique identifier column for dbo.Sandwiches: 'pyodbc.Cursor' object has no attribute 'cursor'
2025-10-07 12:05:23,792 - INFO - [FULL SYNC] Processing sys.trace_xe_action_map
2025-10-07 12:05:23,793 - INFO - [FULL SYNC] Processing sys.trace_xe_event_map
2025-10-07 12:05:23,793 - INFO - === FULL sync completed for American_Food, 4/4 tables processed ===
2025-10-07 12:05:23,795 - INFO - server1/American_Food: processed 4 tables
2025-10-07 12:05:23,797 - INFO - DATABASE START: server1/Asian_Food
2025-10-07 12:05:23,798 - INFO - Cleaned up system table: localhost_Asian_Food.sys_trace_xe_event_map
2025-10-07 12:05:23,799 - INFO - Cleaned up system table: localhost_Asian_Food.sys_trace_xe_action_map
2025-10-07 12:05:23,849 - INFO - === Starting FULL sync for database: Asian_Food ===
2025-10-07 12:05:24,111 - INFO - [FULL SYNC] Processing dbo.Noodle_Dishes
2025-10-07 12:05:24,180 - INFO - Schema 'localhost_Asian_Food' created/verified successfully
2025-10-07 12:05:24,190 - INFO - Created table 'localhost_Asian_Food.dbo_Noodle_Dishes' with proper data types
2025-10-07 12:05:24,200 - WARNING - Could not get PK info for dbo.Noodle_Dishes: 'pyodbc.Cursor' object has no attribute 'cursor'
2025-10-07 12:05:24,200 - WARNING - Could not get timestamp column for dbo.Noodle_Dishes: 'pyodbc.Cursor' object has no attribute 'cursor'
2025-10-07 12:05:24,200 - WARNING - Could not get unique identifier column for dbo.Noodle_Dishes: 'pyodbc.Cursor' object has no attribute 'cursor'
2025-10-07 12:05:24,201 - INFO - [FULL SYNC] Processing dbo.Sushi_Items
2025-10-07 12:05:24,261 - INFO - Schema 'localhost_Asian_Food' created/verified successfully
2025-10-07 12:05:24,274 - INFO - Created table 'localhost_Asian_Food.dbo_Sushi_Items' with proper data types
2025-10-07 12:05:24,286 - WARNING - Could not get PK info for dbo.Sushi_Items: 'pyodbc.Cursor' object has no attribute 'cursor'
2025-10-07 12:05:24,287 - WARNING - Could not get timestamp column for dbo.Sushi_Items: 'pyodbc.Cursor' object has no attribute 'cursor'
2025-10-07 12:05:24,288 - WARNING - Could not get unique identifier column for dbo.Sushi_Items: 'pyodbc.Cursor' object has no attribute 'cursor'
2025-10-07 12:05:24,289 - INFO - [FULL SYNC] Processing sys.trace_xe_action_map
2025-10-07 12:05:24,289 - INFO - [FULL SYNC] Processing sys.trace_xe_event_map
2025-10-07 12:05:24,291 - INFO - === FULL sync completed for Asian_Food, 4/4 tables processed ===
2025-10-07 12:05:24,295 - INFO - server1/Asian_Food: processed 4 tables
2025-10-07 12:05:24,297 - INFO - DATABASE START: server1/Desserts
2025-10-07 12:05:24,298 - INFO - Cleaned up system table: localhost_Desserts.sys_trace_xe_event_map
2025-10-07 12:05:24,298 - INFO - Cleaned up system table: localhost_Desserts.sys_trace_xe_action_map
2025-10-07 12:05:24,346 - INFO - === Starting FULL sync for database: Desserts ===
2025-10-07 12:05:24,579 - INFO - [FULL SYNC] Processing dbo.Cakes
2025-10-07 12:05:24,645 - INFO - Schema 'localhost_Desserts' created/verified successfully
2025-10-07 12:05:24,655 - INFO - Created table 'localhost_Desserts.dbo_Cakes' with proper data types
2025-10-07 12:05:24,666 - WARNING - Could not get PK info for dbo.Cakes: 'pyodbc.Cursor' object has no attribute 'cursor'
2025-10-07 12:05:24,668 - WARNING - Could not get timestamp column for dbo.Cakes: 'pyodbc.Cursor' object has no attribute 'cursor'
2025-10-07 12:05:24,669 - WARNING - Could not get unique identifier column for dbo.Cakes: 'pyodbc.Cursor' object has no attribute 'cursor'
2025-10-07 12:05:24,670 - INFO - [FULL SYNC] Processing dbo.IceCream_Flavors
2025-10-07 12:05:24,711 - INFO - Schema 'localhost_Desserts' created/verified successfully
2025-10-07 12:05:24,721 - INFO - Created table 'localhost_Desserts.dbo_IceCream_Flavors' with proper data types
2025-10-07 12:05:24,733 - WARNING - Could not get PK info for dbo.IceCream_Flavors: 'pyodbc.Cursor' object has no attribute 'cursor'
2025-10-07 12:05:24,733 - WARNING - Could not get timestamp column for dbo.IceCream_Flavors: 'pyodbc.Cursor' object has no attribute 'cursor'
2025-10-07 12:05:24,734 - WARNING - Could not get unique identifier column for dbo.IceCream_Flavors: 'pyodbc.Cursor' object has no attribute 'cursor'
2025-10-07 12:05:24,736 - INFO - [FULL SYNC] Processing sys.trace_xe_action_map
2025-10-07 12:05:24,737 - INFO - [FULL SYNC] Processing sys.trace_xe_event_map
2025-10-07 12:05:24,738 - INFO - === FULL sync completed for Desserts, 4/4 tables processed ===
2025-10-07 12:05:24,740 - INFO - server1/Desserts: processed 4 tables
2025-10-07 12:05:24,742 - INFO - DATABASE START: server1/Italian_Food
2025-10-07 12:05:24,743 - INFO - Cleaned up system table: localhost_Italian_Food.sys_trace_xe_event_map
2025-10-07 12:05:24,743 - INFO - Cleaned up system table: localhost_Italian_Food.sys_trace_xe_action_map
2025-10-07 12:05:24,782 - INFO - === Starting FULL sync for database: Italian_Food ===
2025-10-07 12:05:25,006 - INFO - [FULL SYNC] Processing dbo.Pasta_Dishes
2025-10-07 12:05:25,069 - INFO - Schema 'localhost_Italian_Food' created/verified successfully
2025-10-07 12:05:25,084 - INFO - Created table 'localhost_Italian_Food.dbo_Pasta_Dishes' with proper data types
2025-10-07 12:05:25,097 - WARNING - Could not get PK info for dbo.Pasta_Dishes: 'pyodbc.Cursor' object has no attribute 'cursor'
2025-10-07 12:05:25,097 - WARNING - Could not get timestamp column for dbo.Pasta_Dishes: 'pyodbc.Cursor' object has no attribute 'cursor'
2025-10-07 12:05:25,098 - WARNING - Could not get unique identifier column for dbo.Pasta_Dishes: 'pyodbc.Cursor' object has no attribute 'cursor'
2025-10-07 12:05:25,100 - INFO - [FULL SYNC] Processing dbo.Pizza_Items
2025-10-07 12:05:25,140 - INFO - Schema 'localhost_Italian_Food' created/verified successfully
2025-10-07 12:05:25,150 - INFO - Created table 'localhost_Italian_Food.dbo_Pizza_Items' with proper data types
2025-10-07 12:05:25,160 - WARNING - Could not get PK info for dbo.Pizza_Items: 'pyodbc.Cursor' object has no attribute 'cursor'
2025-10-07 12:05:25,160 - WARNING - Could not get timestamp column for dbo.Pizza_Items: 'pyodbc.Cursor' object has no attribute 'cursor'
2025-10-07 12:05:25,161 - WARNING - Could not get unique identifier column for dbo.Pizza_Items: 'pyodbc.Cursor' object has no attribute 'cursor'
2025-10-07 12:05:25,164 - INFO - [FULL SYNC] Processing sys.trace_xe_action_map
2025-10-07 12:05:25,164 - INFO - [FULL SYNC] Processing sys.trace_xe_event_map
2025-10-07 12:05:25,164 - INFO - === FULL sync completed for Italian_Food, 4/4 tables processed ===
2025-10-07 12:05:25,165 - INFO - server1/Italian_Food: processed 4 tables
2025-10-07 12:05:25,167 - INFO - DATABASE START: server1/Mexican_Food
2025-10-07 12:05:25,167 - INFO - Cleaned up system table: localhost_Mexican_Food.sys_trace_xe_event_map
2025-10-07 12:05:25,167 - INFO - Cleaned up system table: localhost_Mexican_Food.sys_trace_xe_action_map
2025-10-07 12:05:25,206 - INFO - === Starting FULL sync for database: Mexican_Food ===
2025-10-07 12:05:25,436 - INFO - [FULL SYNC] Processing dbo.Burritos
2025-10-07 12:05:25,499 - INFO - Schema 'localhost_Mexican_Food' created/verified successfully
2025-10-07 12:05:25,506 - INFO - Created table 'localhost_Mexican_Food.dbo_Burritos' with proper data types
2025-10-07 12:05:25,516 - WARNING - Could not get PK info for dbo.Burritos: 'pyodbc.Cursor' object has no attribute 'cursor'
2025-10-07 12:05:25,516 - WARNING - Could not get timestamp column for dbo.Burritos: 'pyodbc.Cursor' object has no attribute 'cursor'
2025-10-07 12:05:25,517 - WARNING - Could not get unique identifier column for dbo.Burritos: 'pyodbc.Cursor' object has no attribute 'cursor'
2025-10-07 12:05:25,519 - INFO - [FULL SYNC] Processing dbo.Tacos
2025-10-07 12:05:25,558 - INFO - Schema 'localhost_Mexican_Food' created/verified successfully
2025-10-07 12:05:25,565 - INFO - Created table 'localhost_Mexican_Food.dbo_Tacos' with proper data types
2025-10-07 12:05:25,575 - WARNING - Could not get PK info for dbo.Tacos: 'pyodbc.Cursor' object has no attribute 'cursor'
2025-10-07 12:05:25,576 - WARNING - Could not get timestamp column for dbo.Tacos: 'pyodbc.Cursor' object has no attribute 'cursor'
2025-10-07 12:05:25,576 - WARNING - Could not get unique identifier column for dbo.Tacos: 'pyodbc.Cursor' object has no attribute 'cursor'
2025-10-07 12:05:25,578 - INFO - [FULL SYNC] Processing sys.trace_xe_action_map
2025-10-07 12:05:25,578 - INFO - [FULL SYNC] Processing sys.trace_xe_event_map
2025-10-07 12:05:25,579 - INFO - === FULL sync completed for Mexican_Food, 4/4 tables processed ===
2025-10-07 12:05:25,580 - INFO - server1/Mexican_Food: processed 4 tables
2025-10-07 12:05:25,581 - INFO - Completed server1
2025-10-07 12:05:25,581 - INFO - [SYNC-ASYNC COMPLETE] Background sync completed for server1
2025-10-07 12:05:39,638 - INFO - [REQ] GET /sync-summary - 127.0.0.1
2025-10-07 12:05:39,640 - INFO - [DEBUG] Checking auth for /sync-summary - username=admin, role=admin, ip=127.0.0.1
2025-10-07 12:05:39,640 - INFO - [AUTH] Authenticated access: admin (admin) to /sync-summary
2025-10-07 12:05:39,897 - INFO - [RESP] GET /sync-summary - 200
2025-10-07 12:05:39,898 - INFO - 127.0.0.1 - - [07/Oct/2025 12:05:39] "GET /sync-summary HTTP/1.1" 200 -
2025-10-07 12:05:39,944 - INFO - [REQ] GET /static/actin-logo.png - 127.0.0.1
2025-10-07 12:05:39,945 - INFO - [RESP] GET /static/actin-logo.png - 304
2025-10-07 12:05:39,947 - INFO - 127.0.0.1 - - [07/Oct/2025 12:05:39] "[36mGET /static/actin-logo.png HTTP/1.1[0m" 304 -
2025-10-07 12:05:40,395 - INFO - [REQ] GET /sync-summary/quick.json - 127.0.0.1
2025-10-07 12:05:40,396 - INFO - [DEBUG] Checking auth for /sync-summary/quick.json - username=admin, role=admin, ip=127.0.0.1
2025-10-07 12:05:40,396 - INFO - [AUTH] Authenticated access: admin (admin) to /sync-summary/quick.json
2025-10-07 12:05:40,398 - INFO - Cache hit for all_servers
2025-10-07 12:05:40,398 - INFO - [RESP] GET /sync-summary/quick.json - 200
2025-10-07 12:05:40,400 - INFO - 127.0.0.1 - - [07/Oct/2025 12:05:40] "GET /sync-summary/quick.json HTTP/1.1" 200 -
2025-10-07 12:05:43,308 - INFO - [REQ] GET / - 127.0.0.1
2025-10-07 12:05:43,308 - INFO - [DEBUG] Checking auth for / - username=admin, role=admin, ip=127.0.0.1
2025-10-07 12:05:43,309 - INFO - [AUTH] Authenticated access: admin (admin) to /
2025-10-07 12:05:43,309 - INFO - [HOME] Homepage accessed by user: admin
2025-10-07 12:05:43,312 - INFO - [INFO] Loaded 1 SQL servers for display
2025-10-07 12:05:43,313 - INFO - [RESP] GET / - 200
2025-10-07 12:05:43,314 - INFO - 127.0.0.1 - - [07/Oct/2025 12:05:43] "GET / HTTP/1.1" 200 -
2025-10-07 12:05:43,617 - INFO - [REQ] GET /static/actin-logo.png - 127.0.0.1
2025-10-07 12:05:43,620 - INFO - [RESP] GET /static/actin-logo.png - 304
2025-10-07 12:05:43,623 - INFO - 127.0.0.1 - - [07/Oct/2025 12:05:43] "[36mGET /static/actin-logo.png HTTP/1.1[0m" 304 -
2025-10-07 12:05:45,284 - INFO - [REQ] GET /schedule - 127.0.0.1
2025-10-07 12:05:45,285 - INFO - [DEBUG] Checking auth for /schedule - username=admin, role=admin, ip=127.0.0.1
2025-10-07 12:05:45,286 - INFO - [AUTH] Authenticated access: admin (admin) to /schedule
2025-10-07 12:05:45,371 - INFO - [RESP] GET /schedule - 200
2025-10-07 12:05:45,371 - INFO - 127.0.0.1 - - [07/Oct/2025 12:05:45] "GET /schedule HTTP/1.1" 200 -
2025-10-07 12:05:45,516 - INFO - [REQ] GET /static/actin-logo.png - 127.0.0.1
2025-10-07 12:05:45,518 - INFO - [RESP] GET /static/actin-logo.png - 304
2025-10-07 12:05:45,519 - INFO - 127.0.0.1 - - [07/Oct/2025 12:05:45] "[36mGET /static/actin-logo.png HTTP/1.1[0m" 304 -
2025-10-07 12:05:46,117 - INFO - [REQ] GET /dashboard - 127.0.0.1
2025-10-07 12:05:46,118 - INFO - [DEBUG] Checking auth for /dashboard - username=admin, role=admin, ip=127.0.0.1
2025-10-07 12:05:46,119 - INFO - [AUTH] Authenticated access: admin (admin) to /dashboard
2025-10-07 12:05:46,229 - INFO - [RESP] GET /dashboard - 200
2025-10-07 12:05:46,230 - INFO - 127.0.0.1 - - [07/Oct/2025 12:05:46] "GET /dashboard HTTP/1.1" 200 -
2025-10-07 12:05:46,420 - INFO - [REQ] GET /static/actin-logo.png - 127.0.0.1
2025-10-07 12:05:46,422 - INFO - [RESP] GET /static/actin-logo.png - 304
2025-10-07 12:05:46,424 - INFO - 127.0.0.1 - - [07/Oct/2025 12:05:46] "[36mGET /static/actin-logo.png HTTP/1.1[0m" 304 -
2025-10-07 12:05:47,059 - INFO - [REQ] GET /view-schedules - 127.0.0.1
2025-10-07 12:05:47,061 - INFO - [DEBUG] Checking auth for /view-schedules - username=admin, role=admin, ip=127.0.0.1
2025-10-07 12:05:47,062 - INFO - [AUTH] Authenticated access: admin (admin) to /view-schedules
2025-10-07 12:05:47,135 - INFO - [RESP] GET /view-schedules - 200
2025-10-07 12:05:47,136 - INFO - 127.0.0.1 - - [07/Oct/2025 12:05:47] "GET /view-schedules HTTP/1.1" 200 -
2025-10-07 12:05:47,292 - INFO - [REQ] GET /static/actin-logo.png - 127.0.0.1
2025-10-07 12:05:47,293 - INFO - [RESP] GET /static/actin-logo.png - 304
2025-10-07 12:05:47,294 - INFO - 127.0.0.1 - - [07/Oct/2025 12:05:47] "[36mGET /static/actin-logo.png HTTP/1.1[0m" 304 -
2025-10-07 12:05:47,311 - INFO - [REQ] GET /api/job-statuses - 127.0.0.1
2025-10-07 12:05:47,312 - INFO - [DEBUG] Checking auth for /api/job-statuses - username=admin, role=admin, ip=127.0.0.1
2025-10-07 12:05:47,312 - INFO - [AUTH] Authenticated access: admin (admin) to /api/job-statuses
2025-10-07 12:05:47,315 - INFO - [RESP] GET /api/job-statuses - 404
2025-10-07 12:05:47,320 - INFO - 127.0.0.1 - - [07/Oct/2025 12:05:47] "[33mGET /api/job-statuses HTTP/1.1[0m" 404 -
2025-10-07 12:05:47,721 - INFO - [REQ] GET /sync-summary - 127.0.0.1
2025-10-07 12:05:47,721 - INFO - [DEBUG] Checking auth for /sync-summary - username=admin, role=admin, ip=127.0.0.1
2025-10-07 12:05:47,723 - INFO - [AUTH] Authenticated access: admin (admin) to /sync-summary
2025-10-07 12:05:47,723 - INFO - Cache hit for all_servers
2025-10-07 12:05:47,727 - INFO - [RESP] GET /sync-summary - 200
2025-10-07 12:05:47,730 - INFO - 127.0.0.1 - - [07/Oct/2025 12:05:47] "GET /sync-summary HTTP/1.1" 200 -
2025-10-07 12:05:48,042 - INFO - [REQ] GET /sync-summary/quick.json - 127.0.0.1
2025-10-07 12:05:48,043 - INFO - [DEBUG] Checking auth for /sync-summary/quick.json - username=admin, role=admin, ip=127.0.0.1
2025-10-07 12:05:48,044 - INFO - [AUTH] Authenticated access: admin (admin) to /sync-summary/quick.json
2025-10-07 12:05:48,044 - INFO - Cache hit for all_servers
2025-10-07 12:05:48,045 - INFO - [RESP] GET /sync-summary/quick.json - 200
2025-10-07 12:05:48,047 - INFO - 127.0.0.1 - - [07/Oct/2025 12:05:48] "GET /sync-summary/quick.json HTTP/1.1" 200 -
2025-10-07 12:05:48,181 - INFO - [REQ] GET /static/actin-logo.png - 127.0.0.1
2025-10-07 12:05:48,183 - INFO - [RESP] GET /static/actin-logo.png - 304
2025-10-07 12:05:48,185 - INFO - 127.0.0.1 - - [07/Oct/2025 12:05:48] "[36mGET /static/actin-logo.png HTTP/1.1[0m" 304 -
2025-10-07 12:05:48,645 - INFO - [REQ] GET /logs - 127.0.0.1
2025-10-07 12:05:48,646 - INFO - [DEBUG] Checking auth for /logs - username=admin, role=admin, ip=127.0.0.1
2025-10-07 12:05:48,648 - INFO - [AUTH] Authenticated access: admin (admin) to /logs
2025-10-07 12:05:52,789 - INFO - [RESP] GET /logs - 200
2025-10-07 12:05:52,790 - INFO - 127.0.0.1 - - [07/Oct/2025 12:05:52] "GET /logs HTTP/1.1" 200 -
2025-10-07 12:05:52,821 - INFO - [REQ] GET /static/actin-logo.png - 127.0.0.1
2025-10-07 12:05:52,824 - INFO - [RESP] GET /static/actin-logo.png - 304
2025-10-07 12:05:52,826 - INFO - 127.0.0.1 - - [07/Oct/2025 12:05:52] "[36mGET /static/actin-logo.png HTTP/1.1[0m" 304 -
2025-10-07 12:07:49,495 - INFO - [REQ] GET / - 127.0.0.1
2025-10-07 12:07:49,497 - INFO - [DEBUG] Checking auth for / - username=admin, role=admin, ip=127.0.0.1
2025-10-07 12:07:49,497 - INFO - [AUTH] Authenticated access: admin (admin) to /
2025-10-07 12:07:49,498 - INFO - [HOME] Homepage accessed by user: admin
2025-10-07 12:07:49,502 - INFO - [INFO] Loaded 1 SQL servers for display
2025-10-07 12:07:49,503 - INFO - [RESP] GET / - 200
2025-10-07 12:07:49,505 - INFO - 127.0.0.1 - - [07/Oct/2025 12:07:49] "GET / HTTP/1.1" 200 -
2025-10-07 12:07:49,740 - INFO - [REQ] GET /static/actin-logo.png - 127.0.0.1
2025-10-07 12:07:49,743 - INFO - [RESP] GET /static/actin-logo.png - 304
2025-10-07 12:07:49,745 - INFO - 127.0.0.1 - - [07/Oct/2025 12:07:49] "[36mGET /static/actin-logo.png HTTP/1.1[0m" 304 -
2025-10-07 12:10:03,795 - INFO -  * Detected change in 'C:\\Users\\SaadSayyed\\Desktop\\nitin_sir_7\\nitin_sir5\\dashboard.py', reloading
2025-10-07 12:10:04,100 - INFO -  * Restarting with stat
2025-10-07 12:10:05,184 - INFO - [INIT] Initializing Flask application...
2025-10-07 12:10:05,186 - INFO - [CONFIG] Loading configuration...
2025-10-07 12:10:05,186 - INFO - [AUTH] Authentication system ready
2025-10-07 12:10:05,186 - INFO - [DATABASE] Database connections configured
2025-10-07 12:10:05,186 - INFO - [SCHEDULER] Scheduler system active
2025-10-07 12:10:05,186 - INFO - [STARTUP] Application startup complete!
2025-10-07 12:10:05,198 - WARNING -  * Debugger is active!
2025-10-07 12:10:05,200 - INFO -  * Debugger PIN: 499-062-501
2025-10-07 12:10:15,602 - INFO -  * Detected change in 'C:\\Users\\SaadSayyed\\Desktop\\nitin_sir_7\\nitin_sir5\\app.py', reloading
2025-10-07 12:10:15,881 - INFO -  * Restarting with stat
2025-10-07 12:10:17,068 - INFO - [INIT] Initializing Flask application...
2025-10-07 12:10:17,069 - INFO - [CONFIG] Loading configuration...
2025-10-07 12:10:17,069 - INFO - [AUTH] Authentication system ready
2025-10-07 12:10:17,070 - INFO - [DATABASE] Database connections configured
2025-10-07 12:10:17,070 - INFO - [SCHEDULER] Scheduler system active
2025-10-07 12:10:17,071 - INFO - [STARTUP] Application startup complete!
2025-10-07 12:10:17,091 - WARNING -  * Debugger is active!
2025-10-07 12:10:17,095 - INFO -  * Debugger PIN: 499-062-501
2025-10-07 12:11:19,515 - INFO -  * Detected change in 'C:\\Users\\SaadSayyed\\Desktop\\nitin_sir_7\\nitin_sir5\\dashboard.py', reloading
2025-10-07 12:11:19,736 - INFO -  * Restarting with stat
2025-10-07 12:11:20,823 - INFO - [INIT] Initializing Flask application...
2025-10-07 12:11:20,823 - INFO - [CONFIG] Loading configuration...
2025-10-07 12:11:20,823 - INFO - [AUTH] Authentication system ready
2025-10-07 12:11:20,824 - INFO - [DATABASE] Database connections configured
2025-10-07 12:11:20,824 - INFO - [SCHEDULER] Scheduler system active
2025-10-07 12:11:20,824 - INFO - [STARTUP] Application startup complete!
2025-10-07 12:11:20,834 - WARNING -  * Debugger is active!
2025-10-07 12:11:20,836 - INFO -  * Debugger PIN: 499-062-501
2025-10-07 12:22:25,886 - INFO -  * Detected change in 'C:\\Users\\SaadSayyed\\Desktop\\nitin_sir_7\\nitin_sir5\\app.py', reloading
2025-10-07 12:22:26,516 - INFO -  * Restarting with stat
2025-10-07 12:29:23,689 - INFO - [INIT] Initializing Flask application...
2025-10-07 12:29:23,690 - INFO - [CONFIG] Loading configuration...
2025-10-07 12:29:23,690 - INFO - [AUTH] Authentication system ready
2025-10-07 12:29:23,690 - INFO - [DATABASE] Database connections configured
2025-10-07 12:29:23,690 - INFO - [SCHEDULER] Scheduler system active
2025-10-07 12:29:23,691 - INFO - [STARTUP] Application startup complete!
2025-10-07 12:29:23,716 - INFO - [31m[1mWARNING: This is a development server. Do not use it in a production deployment. Use a production WSGI server instead.[0m
 * Running on http://127.0.0.1:5000
2025-10-07 12:29:23,716 - INFO - [33mPress CTRL+C to quit[0m
2025-10-07 12:29:23,717 - INFO -  * Restarting with stat
2025-10-07 12:29:24,717 - INFO - [INIT] Initializing Flask application...
2025-10-07 12:29:24,717 - INFO - [CONFIG] Loading configuration...
2025-10-07 12:29:24,717 - INFO - [AUTH] Authentication system ready
2025-10-07 12:29:24,718 - INFO - [DATABASE] Database connections configured
2025-10-07 12:29:24,718 - INFO - [SCHEDULER] Scheduler system active
2025-10-07 12:29:24,718 - INFO - [STARTUP] Application startup complete!
2025-10-07 12:29:24,727 - WARNING -  * Debugger is active!
2025-10-07 12:29:24,729 - INFO -  * Debugger PIN: 499-062-501
2025-10-07 12:29:24,745 - INFO - [REQ] GET /login - 127.0.0.1
2025-10-07 12:29:24,747 - INFO - [RESP] GET /login - 200
2025-10-07 12:29:24,748 - INFO - 127.0.0.1 - - [07/Oct/2025 12:29:24] "GET /login HTTP/1.1" 200 -
2025-10-07 12:29:36,265 - INFO - [REQ] POST /login - 127.0.0.1
2025-10-07 12:29:36,834 - INFO - [LOGIN] Successful login: admin (admin) from 127.0.0.1
2025-10-07 12:29:36,836 - INFO - [RESP] POST /login - 302
2025-10-07 12:29:36,841 - INFO - 127.0.0.1 - - [07/Oct/2025 12:29:36] "[32mPOST /login HTTP/1.1[0m" 302 -
2025-10-07 12:29:36,847 - INFO - [REQ] GET / - 127.0.0.1
2025-10-07 12:29:36,847 - INFO - [DEBUG] Checking auth for / - username=admin, role=admin, ip=127.0.0.1
2025-10-07 12:29:36,847 - INFO - [AUTH] Authenticated access: admin (admin) to /
2025-10-07 12:29:36,848 - INFO - [HOME] Homepage accessed by user: admin
2025-10-07 12:29:36,849 - INFO - [INFO] Loaded 1 SQL servers for display
2025-10-07 12:29:36,862 - INFO - [RESP] GET / - 200
2025-10-07 12:29:36,864 - INFO - 127.0.0.1 - - [07/Oct/2025 12:29:36] "GET / HTTP/1.1" 200 -
2025-10-07 12:29:37,198 - INFO - [REQ] GET /static/actin-logo.png - 127.0.0.1
2025-10-07 12:29:37,358 - INFO - [RESP] GET /static/actin-logo.png - 304
2025-10-07 12:29:37,360 - INFO - 127.0.0.1 - - [07/Oct/2025 12:29:37] "[36mGET /static/actin-logo.png HTTP/1.1[0m" 304 -
2025-10-07 12:29:40,353 - INFO - [REQ] GET /sync-summary - 127.0.0.1
2025-10-07 12:29:40,355 - INFO - [DEBUG] Checking auth for /sync-summary - username=admin, role=admin, ip=127.0.0.1
2025-10-07 12:29:40,356 - INFO - [AUTH] Authenticated access: admin (admin) to /sync-summary
2025-10-07 12:29:41,333 - INFO - [RESP] GET /sync-summary - 200
2025-10-07 12:29:41,334 - INFO - 127.0.0.1 - - [07/Oct/2025 12:29:41] "GET /sync-summary HTTP/1.1" 200 -
2025-10-07 12:29:41,349 - INFO - [REQ] GET /static/actin-logo.png - 127.0.0.1
2025-10-07 12:29:41,349 - INFO - [RESP] GET /static/actin-logo.png - 304
2025-10-07 12:29:41,350 - INFO - 127.0.0.1 - - [07/Oct/2025 12:29:41] "[36mGET /static/actin-logo.png HTTP/1.1[0m" 304 -
2025-10-07 12:29:41,823 - INFO - [REQ] GET /sync-summary/quick.json - 127.0.0.1
2025-10-07 12:29:41,825 - INFO - [DEBUG] Checking auth for /sync-summary/quick.json - username=admin, role=admin, ip=127.0.0.1
2025-10-07 12:29:41,827 - INFO - [AUTH] Authenticated access: admin (admin) to /sync-summary/quick.json
2025-10-07 12:29:41,827 - INFO - Cache hit for all_servers
2025-10-07 12:29:41,828 - INFO - [RESP] GET /sync-summary/quick.json - 200
2025-10-07 12:29:41,830 - INFO - 127.0.0.1 - - [07/Oct/2025 12:29:41] "GET /sync-summary/quick.json HTTP/1.1" 200 -
2025-10-07 12:29:47,806 - INFO - [REQ] GET / - 127.0.0.1
2025-10-07 12:29:47,807 - INFO - [DEBUG] Checking auth for / - username=admin, role=admin, ip=127.0.0.1
2025-10-07 12:29:47,807 - INFO - [AUTH] Authenticated access: admin (admin) to /
2025-10-07 12:29:47,807 - INFO - [HOME] Homepage accessed by user: admin
2025-10-07 12:29:47,810 - INFO - [INFO] Loaded 1 SQL servers for display
2025-10-07 12:29:47,810 - INFO - [RESP] GET / - 200
2025-10-07 12:29:47,811 - INFO - 127.0.0.1 - - [07/Oct/2025 12:29:47] "GET / HTTP/1.1" 200 -
2025-10-07 12:29:48,112 - INFO - [REQ] GET /static/actin-logo.png - 127.0.0.1
2025-10-07 12:29:48,114 - INFO - [RESP] GET /static/actin-logo.png - 304
2025-10-07 12:29:48,115 - INFO - 127.0.0.1 - - [07/Oct/2025 12:29:48] "[36mGET /static/actin-logo.png HTTP/1.1[0m" 304 -
2025-10-07 12:29:50,206 - INFO - [REQ] GET /sync_background/server1 - 127.0.0.1
2025-10-07 12:29:50,207 - INFO - [DEBUG] Checking auth for /sync_background/server1 - username=admin, role=admin, ip=127.0.0.1
2025-10-07 12:29:50,208 - INFO - [AUTH] Authenticated access: admin (admin) to /sync_background/server1
2025-10-07 12:29:50,209 - INFO - [SYNC-ASYNC START] Request to start background sync for: server1
2025-10-07 12:29:50,211 - INFO - [SYNC-ASYNC WORKER] Background worker started for: server1
2025-10-07 12:29:50,211 - INFO - [RESP] GET /sync_background/server1 - 202
2025-10-07 12:29:50,219 - INFO - 127.0.0.1 - - [07/Oct/2025 12:29:50] "[35m[1mGET /sync_background/server1 HTTP/1.1[0m" 202 -
2025-10-07 12:29:50,264 - INFO - [PROCESS] Background processing hybrid sync for server1
2025-10-07 12:29:50,265 - INFO - MIGRATION STARTED for server1
2025-10-07 12:29:50,416 - INFO - Sync tracking table created/verified
2025-10-07 12:29:50,435 - INFO - Connected to SQL Server: localhost
2025-10-07 12:29:50,467 - INFO - [REQ] GET /sync_status/server1 - 127.0.0.1
2025-10-07 12:29:50,469 - INFO - [DEBUG] Checking auth for /sync_status/server1 - username=admin, role=admin, ip=127.0.0.1
2025-10-07 12:29:50,469 - INFO - [AUTH] Authenticated access: admin (admin) to /sync_status/server1
2025-10-07 12:29:50,483 - INFO - Found 5 databases on localhost
2025-10-07 12:29:50,484 - INFO - DATABASE START: server1/American_Food
2025-10-07 12:29:50,487 - INFO - Cleaned up system table: localhost_American_Food.sys_trace_xe_event_map
2025-10-07 12:29:50,489 - INFO - Cleaned up system table: localhost_American_Food.sys_trace_xe_action_map
2025-10-07 12:29:50,533 - INFO - [RESP] GET /sync_status/server1 - 200
2025-10-07 12:29:50,534 - INFO - 127.0.0.1 - - [07/Oct/2025 12:29:50] "GET /sync_status/server1 HTTP/1.1" 200 -
2025-10-07 12:29:50,541 - INFO - === Starting FULL sync for database: American_Food ===
2025-10-07 12:29:50,882 - INFO - [FULL SYNC] Processing dbo.Burgers
2025-10-07 12:29:50,984 - INFO - Schema 'localhost_American_Food' created/verified successfully
2025-10-07 12:29:51,021 - INFO - Created table 'localhost_American_Food.dbo_Burgers' with proper data types
2025-10-07 12:29:51,034 - WARNING - Could not get PK info for dbo.Burgers: 'pyodbc.Cursor' object has no attribute 'cursor'
2025-10-07 12:29:51,035 - WARNING - Could not get timestamp column for dbo.Burgers: 'pyodbc.Cursor' object has no attribute 'cursor'
2025-10-07 12:29:51,035 - WARNING - Could not get unique identifier column for dbo.Burgers: 'pyodbc.Cursor' object has no attribute 'cursor'
2025-10-07 12:29:51,038 - INFO - [FULL SYNC] Processing dbo.Sandwiches
2025-10-07 12:29:51,079 - INFO - Schema 'localhost_American_Food' created/verified successfully
2025-10-07 12:29:51,091 - INFO - Created table 'localhost_American_Food.dbo_Sandwiches' with proper data types
2025-10-07 12:29:51,104 - WARNING - Could not get PK info for dbo.Sandwiches: 'pyodbc.Cursor' object has no attribute 'cursor'
2025-10-07 12:29:51,104 - WARNING - Could not get timestamp column for dbo.Sandwiches: 'pyodbc.Cursor' object has no attribute 'cursor'
2025-10-07 12:29:51,105 - WARNING - Could not get unique identifier column for dbo.Sandwiches: 'pyodbc.Cursor' object has no attribute 'cursor'
2025-10-07 12:29:51,107 - INFO - [FULL SYNC] Processing sys.trace_xe_action_map
2025-10-07 12:29:51,109 - INFO - [FULL SYNC] Processing sys.trace_xe_event_map
2025-10-07 12:29:51,110 - INFO - === FULL sync completed for American_Food, 4/4 tables processed ===
2025-10-07 12:29:51,112 - INFO - server1/American_Food: processed 4 tables
2025-10-07 12:29:51,114 - INFO - DATABASE START: server1/Asian_Food
2025-10-07 12:29:51,115 - INFO - Cleaned up system table: localhost_Asian_Food.sys_trace_xe_event_map
2025-10-07 12:29:51,115 - INFO - Cleaned up system table: localhost_Asian_Food.sys_trace_xe_action_map
2025-10-07 12:29:51,130 - INFO - === Starting FULL sync for database: Asian_Food ===
2025-10-07 12:29:51,347 - INFO - [FULL SYNC] Processing dbo.Noodle_Dishes
2025-10-07 12:29:51,408 - INFO - Schema 'localhost_Asian_Food' created/verified successfully
2025-10-07 12:29:51,421 - INFO - Created table 'localhost_Asian_Food.dbo_Noodle_Dishes' with proper data types
2025-10-07 12:29:51,437 - WARNING - Could not get PK info for dbo.Noodle_Dishes: 'pyodbc.Cursor' object has no attribute 'cursor'
2025-10-07 12:29:51,438 - WARNING - Could not get timestamp column for dbo.Noodle_Dishes: 'pyodbc.Cursor' object has no attribute 'cursor'
2025-10-07 12:29:51,440 - WARNING - Could not get unique identifier column for dbo.Noodle_Dishes: 'pyodbc.Cursor' object has no attribute 'cursor'
2025-10-07 12:29:51,443 - INFO - [FULL SYNC] Processing dbo.Sushi_Items
2025-10-07 12:29:51,488 - INFO - Schema 'localhost_Asian_Food' created/verified successfully
2025-10-07 12:29:51,500 - INFO - Created table 'localhost_Asian_Food.dbo_Sushi_Items' with proper data types
2025-10-07 12:29:51,511 - WARNING - Could not get PK info for dbo.Sushi_Items: 'pyodbc.Cursor' object has no attribute 'cursor'
2025-10-07 12:29:51,511 - WARNING - Could not get timestamp column for dbo.Sushi_Items: 'pyodbc.Cursor' object has no attribute 'cursor'
2025-10-07 12:29:51,512 - WARNING - Could not get unique identifier column for dbo.Sushi_Items: 'pyodbc.Cursor' object has no attribute 'cursor'
2025-10-07 12:29:51,514 - INFO - [FULL SYNC] Processing sys.trace_xe_action_map
2025-10-07 12:29:51,514 - INFO - [FULL SYNC] Processing sys.trace_xe_event_map
2025-10-07 12:29:51,514 - INFO - === FULL sync completed for Asian_Food, 4/4 tables processed ===
2025-10-07 12:29:51,516 - INFO - server1/Asian_Food: processed 4 tables
2025-10-07 12:29:51,518 - INFO - DATABASE START: server1/Desserts
2025-10-07 12:29:51,519 - INFO - Cleaned up system table: localhost_Desserts.sys_trace_xe_event_map
2025-10-07 12:29:51,520 - INFO - Cleaned up system table: localhost_Desserts.sys_trace_xe_action_map
2025-10-07 12:29:51,531 - INFO - === Starting FULL sync for database: Desserts ===
2025-10-07 12:29:51,745 - INFO - [FULL SYNC] Processing dbo.Cakes
2025-10-07 12:29:51,807 - INFO - Schema 'localhost_Desserts' created/verified successfully
2025-10-07 12:29:51,821 - INFO - Created table 'localhost_Desserts.dbo_Cakes' with proper data types
2025-10-07 12:29:51,835 - WARNING - Could not get PK info for dbo.Cakes: 'pyodbc.Cursor' object has no attribute 'cursor'
2025-10-07 12:29:51,836 - WARNING - Could not get timestamp column for dbo.Cakes: 'pyodbc.Cursor' object has no attribute 'cursor'
2025-10-07 12:29:51,838 - WARNING - Could not get unique identifier column for dbo.Cakes: 'pyodbc.Cursor' object has no attribute 'cursor'
2025-10-07 12:29:51,840 - INFO - [FULL SYNC] Processing dbo.IceCream_Flavors
2025-10-07 12:29:51,881 - INFO - Schema 'localhost_Desserts' created/verified successfully
2025-10-07 12:29:51,892 - INFO - Created table 'localhost_Desserts.dbo_IceCream_Flavors' with proper data types
2025-10-07 12:29:51,902 - WARNING - Could not get PK info for dbo.IceCream_Flavors: 'pyodbc.Cursor' object has no attribute 'cursor'
2025-10-07 12:29:51,902 - WARNING - Could not get timestamp column for dbo.IceCream_Flavors: 'pyodbc.Cursor' object has no attribute 'cursor'
2025-10-07 12:29:51,902 - WARNING - Could not get unique identifier column for dbo.IceCream_Flavors: 'pyodbc.Cursor' object has no attribute 'cursor'
2025-10-07 12:29:51,904 - INFO - [FULL SYNC] Processing sys.trace_xe_action_map
2025-10-07 12:29:51,904 - INFO - [FULL SYNC] Processing sys.trace_xe_event_map
2025-10-07 12:29:51,905 - INFO - === FULL sync completed for Desserts, 4/4 tables processed ===
2025-10-07 12:29:51,906 - INFO - server1/Desserts: processed 4 tables
2025-10-07 12:29:51,908 - INFO - DATABASE START: server1/Italian_Food
2025-10-07 12:29:51,909 - INFO - Cleaned up system table: localhost_Italian_Food.sys_trace_xe_event_map
2025-10-07 12:29:51,909 - INFO - Cleaned up system table: localhost_Italian_Food.sys_trace_xe_action_map
2025-10-07 12:29:51,924 - INFO - === Starting FULL sync for database: Italian_Food ===
2025-10-07 12:29:52,114 - INFO - [FULL SYNC] Processing dbo.Pasta_Dishes
2025-10-07 12:29:52,176 - INFO - Schema 'localhost_Italian_Food' created/verified successfully
2025-10-07 12:29:52,185 - INFO - Created table 'localhost_Italian_Food.dbo_Pasta_Dishes' with proper data types
2025-10-07 12:29:52,194 - WARNING - Could not get PK info for dbo.Pasta_Dishes: 'pyodbc.Cursor' object has no attribute 'cursor'
2025-10-07 12:29:52,195 - WARNING - Could not get timestamp column for dbo.Pasta_Dishes: 'pyodbc.Cursor' object has no attribute 'cursor'
2025-10-07 12:29:52,195 - WARNING - Could not get unique identifier column for dbo.Pasta_Dishes: 'pyodbc.Cursor' object has no attribute 'cursor'
2025-10-07 12:29:52,197 - INFO - [FULL SYNC] Processing dbo.Pizza_Items
2025-10-07 12:29:52,237 - INFO - Schema 'localhost_Italian_Food' created/verified successfully
2025-10-07 12:29:52,245 - INFO - Created table 'localhost_Italian_Food.dbo_Pizza_Items' with proper data types
2025-10-07 12:29:52,253 - WARNING - Could not get PK info for dbo.Pizza_Items: 'pyodbc.Cursor' object has no attribute 'cursor'
2025-10-07 12:29:52,254 - WARNING - Could not get timestamp column for dbo.Pizza_Items: 'pyodbc.Cursor' object has no attribute 'cursor'
2025-10-07 12:29:52,254 - WARNING - Could not get unique identifier column for dbo.Pizza_Items: 'pyodbc.Cursor' object has no attribute 'cursor'
2025-10-07 12:29:52,256 - INFO - [FULL SYNC] Processing sys.trace_xe_action_map
2025-10-07 12:29:52,257 - INFO - [FULL SYNC] Processing sys.trace_xe_event_map
2025-10-07 12:29:52,259 - INFO - === FULL sync completed for Italian_Food, 4/4 tables processed ===
2025-10-07 12:29:52,260 - INFO - server1/Italian_Food: processed 4 tables
2025-10-07 12:29:52,262 - INFO - DATABASE START: server1/Mexican_Food
2025-10-07 12:29:52,263 - INFO - Cleaned up system table: localhost_Mexican_Food.sys_trace_xe_event_map
2025-10-07 12:29:52,263 - INFO - Cleaned up system table: localhost_Mexican_Food.sys_trace_xe_action_map
2025-10-07 12:29:52,275 - INFO - === Starting FULL sync for database: Mexican_Food ===
2025-10-07 12:29:52,482 - INFO - [FULL SYNC] Processing dbo.Burritos
2025-10-07 12:29:52,542 - INFO - [REQ] GET /sync_status/server1 - 127.0.0.1
2025-10-07 12:29:52,543 - INFO - [DEBUG] Checking auth for /sync_status/server1 - username=admin, role=admin, ip=127.0.0.1
2025-10-07 12:29:52,545 - INFO - [AUTH] Authenticated access: admin (admin) to /sync_status/server1
2025-10-07 12:29:52,550 - INFO - Schema 'localhost_Mexican_Food' created/verified successfully
2025-10-07 12:29:52,562 - INFO - Created table 'localhost_Mexican_Food.dbo_Burritos' with proper data types
2025-10-07 12:29:52,575 - WARNING - Could not get PK info for dbo.Burritos: 'pyodbc.Cursor' object has no attribute 'cursor'
2025-10-07 12:29:52,577 - WARNING - Could not get timestamp column for dbo.Burritos: 'pyodbc.Cursor' object has no attribute 'cursor'
2025-10-07 12:29:52,578 - WARNING - Could not get unique identifier column for dbo.Burritos: 'pyodbc.Cursor' object has no attribute 'cursor'
2025-10-07 12:29:52,579 - INFO - [FULL SYNC] Processing dbo.Tacos
2025-10-07 12:29:52,615 - INFO - Schema 'localhost_Mexican_Food' created/verified successfully
2025-10-07 12:29:52,622 - INFO - Created table 'localhost_Mexican_Food.dbo_Tacos' with proper data types
2025-10-07 12:29:52,629 - WARNING - Could not get PK info for dbo.Tacos: 'pyodbc.Cursor' object has no attribute 'cursor'
2025-10-07 12:29:52,630 - WARNING - Could not get timestamp column for dbo.Tacos: 'pyodbc.Cursor' object has no attribute 'cursor'
2025-10-07 12:29:52,630 - WARNING - Could not get unique identifier column for dbo.Tacos: 'pyodbc.Cursor' object has no attribute 'cursor'
2025-10-07 12:29:52,631 - INFO - [FULL SYNC] Processing sys.trace_xe_action_map
2025-10-07 12:29:52,632 - INFO - [FULL SYNC] Processing sys.trace_xe_event_map
2025-10-07 12:29:52,632 - INFO - === FULL sync completed for Mexican_Food, 4/4 tables processed ===
2025-10-07 12:29:52,633 - INFO - server1/Mexican_Food: processed 4 tables
2025-10-07 12:29:52,635 - INFO - Completed server1
2025-10-07 12:29:52,635 - INFO - [SYNC-ASYNC COMPLETE] Background sync completed for server1
2025-10-07 12:29:52,683 - INFO - [RESP] GET /sync_status/server1 - 200
2025-10-07 12:29:52,684 - INFO - 127.0.0.1 - - [07/Oct/2025 12:29:52] "GET /sync_status/server1 HTTP/1.1" 200 -
2025-10-07 12:29:54,901 - INFO - [REQ] GET /sync-summary - 127.0.0.1
2025-10-07 12:29:54,903 - INFO - [DEBUG] Checking auth for /sync-summary - username=admin, role=admin, ip=127.0.0.1
2025-10-07 12:29:54,904 - INFO - [AUTH] Authenticated access: admin (admin) to /sync-summary
2025-10-07 12:29:54,904 - INFO - Cache hit for all_servers
2025-10-07 12:29:54,906 - INFO - [RESP] GET /sync-summary - 200
2025-10-07 12:29:54,908 - INFO - 127.0.0.1 - - [07/Oct/2025 12:29:54] "GET /sync-summary HTTP/1.1" 200 -
2025-10-07 12:29:54,926 - INFO - [REQ] GET /static/actin-logo.png - 127.0.0.1
2025-10-07 12:29:54,927 - INFO - [RESP] GET /static/actin-logo.png - 304
2025-10-07 12:29:54,929 - INFO - 127.0.0.1 - - [07/Oct/2025 12:29:54] "[36mGET /static/actin-logo.png HTTP/1.1[0m" 304 -
2025-10-07 12:29:55,165 - INFO - [REQ] GET /sync-summary/quick.json - 127.0.0.1
2025-10-07 12:29:55,166 - INFO - [DEBUG] Checking auth for /sync-summary/quick.json - username=admin, role=admin, ip=127.0.0.1
2025-10-07 12:29:55,166 - INFO - [AUTH] Authenticated access: admin (admin) to /sync-summary/quick.json
2025-10-07 12:29:55,168 - INFO - Cache hit for all_servers
2025-10-07 12:29:55,169 - INFO - [RESP] GET /sync-summary/quick.json - 200
2025-10-07 12:29:55,171 - INFO - 127.0.0.1 - - [07/Oct/2025 12:29:55] "GET /sync-summary/quick.json HTTP/1.1" 200 -
2025-10-07 12:29:57,642 - INFO - [REQ] GET / - 127.0.0.1
2025-10-07 12:29:57,643 - INFO - [DEBUG] Checking auth for / - username=admin, role=admin, ip=127.0.0.1
2025-10-07 12:29:57,643 - INFO - [AUTH] Authenticated access: admin (admin) to /
2025-10-07 12:29:57,644 - INFO - [HOME] Homepage accessed by user: admin
2025-10-07 12:29:57,648 - INFO - [INFO] Loaded 1 SQL servers for display
2025-10-07 12:29:57,650 - INFO - [RESP] GET / - 200
2025-10-07 12:29:57,651 - INFO - 127.0.0.1 - - [07/Oct/2025 12:29:57] "GET / HTTP/1.1" 200 -
2025-10-07 12:29:57,875 - INFO - [REQ] GET /static/actin-logo.png - 127.0.0.1
2025-10-07 12:29:57,876 - INFO - [RESP] GET /static/actin-logo.png - 304
2025-10-07 12:29:57,878 - INFO - 127.0.0.1 - - [07/Oct/2025 12:29:57] "[36mGET /static/actin-logo.png HTTP/1.1[0m" 304 -
2025-10-07 12:29:58,965 - INFO - [REQ] GET /sync-summary - 127.0.0.1
2025-10-07 12:29:58,968 - INFO - [DEBUG] Checking auth for /sync-summary - username=admin, role=admin, ip=127.0.0.1
2025-10-07 12:29:58,968 - INFO - [AUTH] Authenticated access: admin (admin) to /sync-summary
2025-10-07 12:29:58,969 - INFO - Cache hit for all_servers
2025-10-07 12:29:58,969 - INFO - [RESP] GET /sync-summary - 200
2025-10-07 12:29:58,969 - INFO - 127.0.0.1 - - [07/Oct/2025 12:29:58] "GET /sync-summary HTTP/1.1" 200 -
2025-10-07 12:29:59,280 - INFO - [REQ] GET /sync-summary/quick.json - 127.0.0.1
2025-10-07 12:29:59,285 - INFO - [DEBUG] Checking auth for /sync-summary/quick.json - username=admin, role=admin, ip=127.0.0.1
2025-10-07 12:29:59,285 - INFO - [AUTH] Authenticated access: admin (admin) to /sync-summary/quick.json
2025-10-07 12:29:59,285 - INFO - Cache hit for all_servers
2025-10-07 12:29:59,287 - INFO - [RESP] GET /sync-summary/quick.json - 200
2025-10-07 12:29:59,288 - INFO - 127.0.0.1 - - [07/Oct/2025 12:29:59] "GET /sync-summary/quick.json HTTP/1.1" 200 -
2025-10-07 12:29:59,450 - INFO - [REQ] GET /static/actin-logo.png - 127.0.0.1
2025-10-07 12:29:59,452 - INFO - [RESP] GET /static/actin-logo.png - 304
2025-10-07 12:29:59,454 - INFO - 127.0.0.1 - - [07/Oct/2025 12:29:59] "[36mGET /static/actin-logo.png HTTP/1.1[0m" 304 -
2025-10-07 12:30:26,450 - INFO - [REQ] GET /sync-summary/server1 - 127.0.0.1
2025-10-07 12:30:26,451 - INFO - [DEBUG] Checking auth for /sync-summary/server1 - username=admin, role=admin, ip=127.0.0.1
2025-10-07 12:30:26,452 - INFO - [AUTH] Authenticated access: admin (admin) to /sync-summary/server1
2025-10-07 12:30:26,453 - INFO - Cache hit for individual:server1
2025-10-07 12:30:26,811 - INFO - [RESP] GET /sync-summary/server1 - 200
2025-10-07 12:30:26,813 - INFO - 127.0.0.1 - - [07/Oct/2025 12:30:26] "GET /sync-summary/server1 HTTP/1.1" 200 -
2025-10-07 12:30:26,835 - INFO - [REQ] GET /static/actin-logo.png - 127.0.0.1
2025-10-07 12:30:26,836 - INFO - [RESP] GET /static/actin-logo.png - 304
2025-10-07 12:30:26,836 - INFO - 127.0.0.1 - - [07/Oct/2025 12:30:26] "[36mGET /static/actin-logo.png HTTP/1.1[0m" 304 -
2025-10-07 12:30:36,835 - INFO - [REQ] GET / - 127.0.0.1
2025-10-07 12:30:36,836 - INFO - [DEBUG] Checking auth for / - username=admin, role=admin, ip=127.0.0.1
2025-10-07 12:30:36,836 - INFO - [AUTH] Authenticated access: admin (admin) to /
2025-10-07 12:30:36,837 - INFO - [HOME] Homepage accessed by user: admin
2025-10-07 12:30:36,839 - INFO - [INFO] Loaded 1 SQL servers for display
2025-10-07 12:30:36,839 - INFO - [RESP] GET / - 200
2025-10-07 12:30:36,840 - INFO - 127.0.0.1 - - [07/Oct/2025 12:30:36] "GET / HTTP/1.1" 200 -
2025-10-07 12:30:37,142 - INFO - [REQ] GET /static/actin-logo.png - 127.0.0.1
2025-10-07 12:30:37,144 - INFO - [RESP] GET /static/actin-logo.png - 304
2025-10-07 12:30:37,146 - INFO - 127.0.0.1 - - [07/Oct/2025 12:30:37] "[36mGET /static/actin-logo.png HTTP/1.1[0m" 304 -
2025-10-07 12:30:38,006 - INFO - [REQ] GET /sync_background/server1 - 127.0.0.1
2025-10-07 12:30:38,007 - INFO - [DEBUG] Checking auth for /sync_background/server1 - username=admin, role=admin, ip=127.0.0.1
2025-10-07 12:30:38,008 - INFO - [AUTH] Authenticated access: admin (admin) to /sync_background/server1
2025-10-07 12:30:38,010 - INFO - [SYNC-ASYNC START] Request to start background sync for: server1
2025-10-07 12:30:38,013 - INFO - [SYNC-ASYNC WORKER] Background worker started for: server1
2025-10-07 12:30:38,013 - INFO - [RESP] GET /sync_background/server1 - 202
2025-10-07 12:30:38,016 - INFO - 127.0.0.1 - - [07/Oct/2025 12:30:38] "[35m[1mGET /sync_background/server1 HTTP/1.1[0m" 202 -
2025-10-07 12:30:38,077 - INFO - [PROCESS] Background processing hybrid sync for server1
2025-10-07 12:30:38,078 - INFO - MIGRATION STARTED for server1
2025-10-07 12:30:38,125 - INFO - Sync tracking table created/verified
2025-10-07 12:30:38,134 - INFO - Connected to SQL Server: localhost
2025-10-07 12:30:38,179 - INFO - Found 5 databases on localhost
2025-10-07 12:30:38,181 - INFO - DATABASE START: server1/American_Food
2025-10-07 12:30:38,183 - INFO - Cleaned up system table: localhost_American_Food.sys_trace_xe_event_map
2025-10-07 12:30:38,185 - INFO - Cleaned up system table: localhost_American_Food.sys_trace_xe_action_map
2025-10-07 12:30:38,197 - INFO - === Starting INCREMENTAL sync for database: American_Food ===
2025-10-07 12:30:38,267 - INFO - [REQ] GET /sync_status/server1 - 127.0.0.1
2025-10-07 12:30:38,274 - INFO - [DEBUG] Checking auth for /sync_status/server1 - username=admin, role=admin, ip=127.0.0.1
2025-10-07 12:30:38,275 - INFO - [AUTH] Authenticated access: admin (admin) to /sync_status/server1
2025-10-07 12:30:38,325 - INFO - [RESP] GET /sync_status/server1 - 200
2025-10-07 12:30:38,326 - INFO - 127.0.0.1 - - [07/Oct/2025 12:30:38] "GET /sync_status/server1 HTTP/1.1" 200 -
2025-10-07 12:30:38,565 - INFO - [INCR SYNC] dbo.Burgers: row_count=5, sync_col=BurgerID, last_value=None
2025-10-07 12:30:38,721 - INFO - Schema 'localhost_American_Food' created/verified successfully
2025-10-07 12:30:38,752 - INFO - Last value is None for dbo.Burgers, using hash-based deduplication
2025-10-07 12:30:38,768 - INFO - No new rows found for dbo.Burgers
2025-10-07 12:30:38,964 - INFO - [INCR SYNC] dbo.Sandwiches: row_count=5, sync_col=SandwichID, last_value=None
2025-10-07 12:30:39,003 - INFO - Schema 'localhost_American_Food' created/verified successfully
2025-10-07 12:30:39,011 - INFO - Last value is None for dbo.Sandwiches, using hash-based deduplication
2025-10-07 12:30:39,019 - INFO - No new rows found for dbo.Sandwiches
2025-10-07 12:30:39,200 - INFO - [INCR SYNC] sys.trace_xe_action_map: row_count=22, sync_col=None, last_value=None
2025-10-07 12:30:39,381 - INFO - [INCR SYNC] sys.trace_xe_event_map: row_count=139, sync_col=None, last_value=None
2025-10-07 12:30:39,382 - INFO - === INCREMENTAL sync completed for American_Food, 4/4 tables processed ===
2025-10-07 12:30:39,387 - INFO - server1/American_Food: processed 4 tables
2025-10-07 12:30:39,389 - INFO - DATABASE START: server1/Asian_Food
2025-10-07 12:30:39,391 - INFO - Cleaned up system table: localhost_Asian_Food.sys_trace_xe_event_map
2025-10-07 12:30:39,392 - INFO - Cleaned up system table: localhost_Asian_Food.sys_trace_xe_action_map
2025-10-07 12:30:39,400 - INFO - === Starting INCREMENTAL sync for database: Asian_Food ===
2025-10-07 12:30:39,717 - INFO - [INCR SYNC] dbo.Noodle_Dishes: row_count=5, sync_col=NoodleID, last_value=None
2025-10-07 12:30:39,856 - INFO - Schema 'localhost_Asian_Food' created/verified successfully
2025-10-07 12:30:39,868 - INFO - Last value is None for dbo.Noodle_Dishes, using hash-based deduplication
2025-10-07 12:30:39,885 - INFO - No new rows found for dbo.Noodle_Dishes
2025-10-07 12:30:40,082 - INFO - [INCR SYNC] dbo.Sushi_Items: row_count=5, sync_col=SushiID, last_value=None
2025-10-07 12:30:40,123 - INFO - Schema 'localhost_Asian_Food' created/verified successfully
2025-10-07 12:30:40,135 - INFO - Last value is None for dbo.Sushi_Items, using hash-based deduplication
2025-10-07 12:30:40,148 - INFO - No new rows found for dbo.Sushi_Items
2025-10-07 12:30:40,335 - INFO - [INCR SYNC] sys.trace_xe_action_map: row_count=22, sync_col=None, last_value=None
2025-10-07 12:30:40,339 - INFO - [REQ] GET /sync_status/server1 - 127.0.0.1
2025-10-07 12:30:40,339 - INFO - [DEBUG] Checking auth for /sync_status/server1 - username=admin, role=admin, ip=127.0.0.1
2025-10-07 12:30:40,341 - INFO - [AUTH] Authenticated access: admin (admin) to /sync_status/server1
2025-10-07 12:30:40,383 - INFO - [RESP] GET /sync_status/server1 - 200
2025-10-07 12:30:40,384 - INFO - 127.0.0.1 - - [07/Oct/2025 12:30:40] "GET /sync_status/server1 HTTP/1.1" 200 -
2025-10-07 12:30:40,513 - INFO - [INCR SYNC] sys.trace_xe_event_map: row_count=139, sync_col=None, last_value=None
2025-10-07 12:30:40,514 - INFO - === INCREMENTAL sync completed for Asian_Food, 4/4 tables processed ===
2025-10-07 12:30:40,517 - INFO - server1/Asian_Food: processed 4 tables
2025-10-07 12:30:40,519 - INFO - DATABASE START: server1/Desserts
2025-10-07 12:30:40,521 - INFO - Cleaned up system table: localhost_Desserts.sys_trace_xe_event_map
2025-10-07 12:30:40,521 - INFO - Cleaned up system table: localhost_Desserts.sys_trace_xe_action_map
2025-10-07 12:30:40,527 - INFO - === Starting INCREMENTAL sync for database: Desserts ===
2025-10-07 12:30:40,847 - INFO - [INCR SYNC] dbo.Cakes: row_count=5, sync_col=CakeID, last_value=None
2025-10-07 12:30:40,982 - INFO - Schema 'localhost_Desserts' created/verified successfully
2025-10-07 12:30:41,028 - INFO - Last value is None for dbo.Cakes, using hash-based deduplication
2025-10-07 12:30:41,044 - INFO - No new rows found for dbo.Cakes
2025-10-07 12:30:41,251 - INFO - [INCR SYNC] dbo.IceCream_Flavors: row_count=5, sync_col=IceCreamID, last_value=None
2025-10-07 12:30:41,292 - INFO - Schema 'localhost_Desserts' created/verified successfully
2025-10-07 12:30:41,299 - INFO - Last value is None for dbo.IceCream_Flavors, using hash-based deduplication
2025-10-07 12:30:41,310 - INFO - No new rows found for dbo.IceCream_Flavors
2025-10-07 12:30:41,493 - INFO - [INCR SYNC] sys.trace_xe_action_map: row_count=22, sync_col=None, last_value=None
2025-10-07 12:30:41,679 - INFO - [INCR SYNC] sys.trace_xe_event_map: row_count=139, sync_col=None, last_value=None
2025-10-07 12:30:41,681 - INFO - === INCREMENTAL sync completed for Desserts, 4/4 tables processed ===
2025-10-07 12:30:41,684 - INFO - server1/Desserts: processed 4 tables
2025-10-07 12:30:41,687 - INFO - DATABASE START: server1/Italian_Food
2025-10-07 12:30:41,691 - INFO - Cleaned up system table: localhost_Italian_Food.sys_trace_xe_event_map
2025-10-07 12:30:41,693 - INFO - Cleaned up system table: localhost_Italian_Food.sys_trace_xe_action_map
2025-10-07 12:30:41,701 - INFO - === Starting INCREMENTAL sync for database: Italian_Food ===
2025-10-07 12:30:42,047 - INFO - [INCR SYNC] dbo.Pasta_Dishes: row_count=5, sync_col=DishID, last_value=None
2025-10-07 12:30:42,214 - INFO - Schema 'localhost_Italian_Food' created/verified successfully
2025-10-07 12:30:42,226 - INFO - Last value is None for dbo.Pasta_Dishes, using hash-based deduplication
2025-10-07 12:30:42,236 - INFO - No new rows found for dbo.Pasta_Dishes
2025-10-07 12:30:42,450 - INFO - [INCR SYNC] dbo.Pizza_Items: row_count=5, sync_col=PizzaID, last_value=None
2025-10-07 12:30:42,491 - INFO - Schema 'localhost_Italian_Food' created/verified successfully
2025-10-07 12:30:42,498 - INFO - Last value is None for dbo.Pizza_Items, using hash-based deduplication
2025-10-07 12:30:42,506 - INFO - No new rows found for dbo.Pizza_Items
2025-10-07 12:30:42,696 - INFO - [INCR SYNC] sys.trace_xe_action_map: row_count=22, sync_col=None, last_value=None
2025-10-07 12:30:42,713 - INFO - [REQ] GET /sync_status/server1 - 127.0.0.1
2025-10-07 12:30:42,713 - INFO - [DEBUG] Checking auth for /sync_status/server1 - username=admin, role=admin, ip=127.0.0.1
2025-10-07 12:30:42,714 - INFO - [AUTH] Authenticated access: admin (admin) to /sync_status/server1
2025-10-07 12:30:42,762 - INFO - [RESP] GET /sync_status/server1 - 200
2025-10-07 12:30:42,764 - INFO - 127.0.0.1 - - [07/Oct/2025 12:30:42] "GET /sync_status/server1 HTTP/1.1" 200 -
2025-10-07 12:30:42,887 - INFO - [INCR SYNC] sys.trace_xe_event_map: row_count=139, sync_col=None, last_value=None
2025-10-07 12:30:42,887 - INFO - === INCREMENTAL sync completed for Italian_Food, 4/4 tables processed ===
2025-10-07 12:30:42,894 - INFO - server1/Italian_Food: processed 4 tables
2025-10-07 12:30:42,896 - INFO - DATABASE START: server1/Mexican_Food
2025-10-07 12:30:42,899 - INFO - Cleaned up system table: localhost_Mexican_Food.sys_trace_xe_event_map
2025-10-07 12:30:42,900 - INFO - Cleaned up system table: localhost_Mexican_Food.sys_trace_xe_action_map
2025-10-07 12:30:42,908 - INFO - === Starting INCREMENTAL sync for database: Mexican_Food ===
2025-10-07 12:30:43,241 - INFO - [INCR SYNC] dbo.Burritos: row_count=5, sync_col=BurritoID, last_value=None
2025-10-07 12:30:43,374 - INFO - Schema 'localhost_Mexican_Food' created/verified successfully
2025-10-07 12:30:43,386 - INFO - Last value is None for dbo.Burritos, using hash-based deduplication
2025-10-07 12:30:43,400 - INFO - No new rows found for dbo.Burritos
2025-10-07 12:30:43,603 - INFO - [INCR SYNC] dbo.Tacos: row_count=5, sync_col=TacoID, last_value=None
2025-10-07 12:30:43,640 - INFO - Schema 'localhost_Mexican_Food' created/verified successfully
2025-10-07 12:30:43,649 - INFO - Last value is None for dbo.Tacos, using hash-based deduplication
2025-10-07 12:30:43,662 - INFO - No new rows found for dbo.Tacos
2025-10-07 12:30:43,845 - INFO - [INCR SYNC] sys.trace_xe_action_map: row_count=22, sync_col=None, last_value=None
2025-10-07 12:30:44,036 - INFO - [INCR SYNC] sys.trace_xe_event_map: row_count=139, sync_col=None, last_value=None
2025-10-07 12:30:44,038 - INFO - === INCREMENTAL sync completed for Mexican_Food, 4/4 tables processed ===
2025-10-07 12:30:44,040 - INFO - server1/Mexican_Food: processed 4 tables
2025-10-07 12:30:44,043 - INFO - Completed server1
2025-10-07 12:30:44,043 - INFO - [SYNC-ASYNC COMPLETE] Background sync completed for server1
2025-10-07 12:30:44,777 - INFO - [REQ] GET /sync_status/server1 - 127.0.0.1
2025-10-07 12:30:44,778 - INFO - [DEBUG] Checking auth for /sync_status/server1 - username=admin, role=admin, ip=127.0.0.1
2025-10-07 12:30:44,779 - INFO - [AUTH] Authenticated access: admin (admin) to /sync_status/server1
2025-10-07 12:30:44,824 - INFO - [RESP] GET /sync_status/server1 - 200
2025-10-07 12:30:44,825 - INFO - 127.0.0.1 - - [07/Oct/2025 12:30:44] "GET /sync_status/server1 HTTP/1.1" 200 -
2025-10-07 12:30:50,036 - INFO - [REQ] GET /sync-summary - 127.0.0.1
2025-10-07 12:30:50,037 - INFO - [DEBUG] Checking auth for /sync-summary - username=admin, role=admin, ip=127.0.0.1
2025-10-07 12:30:50,037 - INFO - [AUTH] Authenticated access: admin (admin) to /sync-summary
2025-10-07 12:30:50,039 - INFO - Cache expired for all_servers
2025-10-07 12:30:50,043 - INFO - Cache expired for individual:server1
2025-10-07 12:30:50,149 - INFO - Cache expired for pgdb:test1
2025-10-07 12:30:50,214 - INFO - [RESP] GET /sync-summary - 200
2025-10-07 12:30:50,216 - INFO - 127.0.0.1 - - [07/Oct/2025 12:30:50] "GET /sync-summary HTTP/1.1" 200 -
2025-10-07 12:30:50,235 - INFO - [REQ] GET /static/actin-logo.png - 127.0.0.1
2025-10-07 12:30:50,236 - INFO - [RESP] GET /static/actin-logo.png - 304
2025-10-07 12:30:50,239 - INFO - 127.0.0.1 - - [07/Oct/2025 12:30:50] "[36mGET /static/actin-logo.png HTTP/1.1[0m" 304 -
2025-10-07 12:30:50,492 - INFO - [REQ] GET /sync-summary/quick.json - 127.0.0.1
2025-10-07 12:30:50,493 - INFO - [DEBUG] Checking auth for /sync-summary/quick.json - username=admin, role=admin, ip=127.0.0.1
2025-10-07 12:30:50,493 - INFO - [AUTH] Authenticated access: admin (admin) to /sync-summary/quick.json
2025-10-07 12:30:50,493 - INFO - Cache hit for all_servers
2025-10-07 12:30:50,494 - INFO - [RESP] GET /sync-summary/quick.json - 200
2025-10-07 12:30:50,495 - INFO - 127.0.0.1 - - [07/Oct/2025 12:30:50] "GET /sync-summary/quick.json HTTP/1.1" 200 -
2025-10-07 12:30:54,106 - INFO - [REQ] GET /sync-summary/server1 - 127.0.0.1
2025-10-07 12:30:54,109 - INFO - [DEBUG] Checking auth for /sync-summary/server1 - username=admin, role=admin, ip=127.0.0.1
2025-10-07 12:30:54,109 - INFO - [AUTH] Authenticated access: admin (admin) to /sync-summary/server1
2025-10-07 12:30:54,109 - INFO - Cache hit for individual:server1
2025-10-07 12:30:54,217 - INFO - [RESP] GET /sync-summary/server1 - 200
2025-10-07 12:30:54,218 - INFO - 127.0.0.1 - - [07/Oct/2025 12:30:54] "GET /sync-summary/server1 HTTP/1.1" 200 -
2025-10-07 12:30:54,232 - INFO - [REQ] GET /static/actin-logo.png - 127.0.0.1
2025-10-07 12:30:54,233 - INFO - [RESP] GET /static/actin-logo.png - 304
2025-10-07 12:30:54,233 - INFO - 127.0.0.1 - - [07/Oct/2025 12:30:54] "[36mGET /static/actin-logo.png HTTP/1.1[0m" 304 -
2025-10-07 12:30:57,325 - INFO - [REQ] GET / - 127.0.0.1
2025-10-07 12:30:57,326 - INFO - [DEBUG] Checking auth for / - username=admin, role=admin, ip=127.0.0.1
2025-10-07 12:30:57,328 - INFO - [AUTH] Authenticated access: admin (admin) to /
2025-10-07 12:30:57,328 - INFO - [HOME] Homepage accessed by user: admin
2025-10-07 12:30:57,329 - INFO - [INFO] Loaded 1 SQL servers for display
2025-10-07 12:30:57,330 - INFO - [RESP] GET / - 200
2025-10-07 12:30:57,331 - INFO - 127.0.0.1 - - [07/Oct/2025 12:30:57] "GET / HTTP/1.1" 200 -
2025-10-07 12:30:57,636 - INFO - [REQ] GET /static/actin-logo.png - 127.0.0.1
2025-10-07 12:30:57,638 - INFO - [RESP] GET /static/actin-logo.png - 304
2025-10-07 12:30:57,639 - INFO - 127.0.0.1 - - [07/Oct/2025 12:30:57] "[36mGET /static/actin-logo.png HTTP/1.1[0m" 304 -
2025-10-07 12:30:58,602 - INFO - [REQ] GET /sync_background/server1 - 127.0.0.1
2025-10-07 12:30:58,603 - INFO - [DEBUG] Checking auth for /sync_background/server1 - username=admin, role=admin, ip=127.0.0.1
2025-10-07 12:30:58,603 - INFO - [AUTH] Authenticated access: admin (admin) to /sync_background/server1
2025-10-07 12:30:58,604 - INFO - [SYNC-ASYNC START] Request to start background sync for: server1
2025-10-07 12:30:58,606 - INFO - [SYNC-ASYNC WORKER] Background worker started for: server1
2025-10-07 12:30:58,606 - INFO - [RESP] GET /sync_background/server1 - 202
2025-10-07 12:30:58,609 - INFO - 127.0.0.1 - - [07/Oct/2025 12:30:58] "[35m[1mGET /sync_background/server1 HTTP/1.1[0m" 202 -
2025-10-07 12:30:58,651 - INFO - [PROCESS] Background processing hybrid sync for server1
2025-10-07 12:30:58,652 - INFO - MIGRATION STARTED for server1
2025-10-07 12:30:58,690 - INFO - Sync tracking table created/verified
2025-10-07 12:30:58,697 - INFO - Connected to SQL Server: localhost
2025-10-07 12:30:58,701 - INFO - Found 5 databases on localhost
2025-10-07 12:30:58,702 - INFO - DATABASE START: server1/American_Food
2025-10-07 12:30:58,703 - INFO - Cleaned up system table: localhost_American_Food.sys_trace_xe_event_map
2025-10-07 12:30:58,703 - INFO - Cleaned up system table: localhost_American_Food.sys_trace_xe_action_map
2025-10-07 12:30:58,712 - INFO - === Starting INCREMENTAL sync for database: American_Food ===
2025-10-07 12:30:58,725 - INFO - [INCR SYNC] dbo.Burgers: row_count=5, sync_col=BurgerID, last_value=None
2025-10-07 12:30:58,751 - INFO - Schema 'localhost_American_Food' created/verified successfully
2025-10-07 12:30:58,787 - INFO - Last value is None for dbo.Burgers, using hash-based deduplication
2025-10-07 12:30:58,797 - INFO - No new rows found for dbo.Burgers
2025-10-07 12:30:58,803 - INFO - [INCR SYNC] dbo.Sandwiches: row_count=5, sync_col=SandwichID, last_value=None
2025-10-07 12:30:58,811 - INFO - Schema 'localhost_American_Food' created/verified successfully
2025-10-07 12:30:58,819 - INFO - Last value is None for dbo.Sandwiches, using hash-based deduplication
2025-10-07 12:30:58,834 - INFO - No new rows found for dbo.Sandwiches
2025-10-07 12:30:58,839 - INFO - [INCR SYNC] sys.trace_xe_action_map: row_count=22, sync_col=None, last_value=None
2025-10-07 12:30:58,845 - INFO - [INCR SYNC] sys.trace_xe_event_map: row_count=139, sync_col=None, last_value=None
2025-10-07 12:30:58,846 - INFO - === INCREMENTAL sync completed for American_Food, 4/4 tables processed ===
2025-10-07 12:30:58,850 - INFO - server1/American_Food: processed 4 tables
2025-10-07 12:30:58,854 - INFO - DATABASE START: server1/Asian_Food
2025-10-07 12:30:58,856 - INFO - Cleaned up system table: localhost_Asian_Food.sys_trace_xe_event_map
2025-10-07 12:30:58,857 - INFO - Cleaned up system table: localhost_Asian_Food.sys_trace_xe_action_map
2025-10-07 12:30:58,865 - INFO - [REQ] GET /sync_status/server1 - 127.0.0.1
2025-10-07 12:30:58,866 - INFO - [DEBUG] Checking auth for /sync_status/server1 - username=admin, role=admin, ip=127.0.0.1
2025-10-07 12:30:58,866 - INFO - === Starting INCREMENTAL sync for database: Asian_Food ===
2025-10-07 12:30:58,868 - INFO - [AUTH] Authenticated access: admin (admin) to /sync_status/server1
2025-10-07 12:30:58,879 - INFO - [INCR SYNC] dbo.Noodle_Dishes: row_count=5, sync_col=NoodleID, last_value=None
2025-10-07 12:30:58,905 - INFO - Schema 'localhost_Asian_Food' created/verified successfully
2025-10-07 12:30:58,914 - INFO - Last value is None for dbo.Noodle_Dishes, using hash-based deduplication
2025-10-07 12:30:58,914 - INFO - [RESP] GET /sync_status/server1 - 200
2025-10-07 12:30:58,916 - INFO - 127.0.0.1 - - [07/Oct/2025 12:30:58] "GET /sync_status/server1 HTTP/1.1" 200 -
2025-10-07 12:30:58,927 - INFO - No new rows found for dbo.Noodle_Dishes
2025-10-07 12:30:58,933 - INFO - [INCR SYNC] dbo.Sushi_Items: row_count=5, sync_col=SushiID, last_value=None
2025-10-07 12:30:58,939 - INFO - Schema 'localhost_Asian_Food' created/verified successfully
2025-10-07 12:30:58,946 - INFO - Last value is None for dbo.Sushi_Items, using hash-based deduplication
2025-10-07 12:30:58,961 - INFO - No new rows found for dbo.Sushi_Items
2025-10-07 12:30:58,967 - INFO - [INCR SYNC] sys.trace_xe_action_map: row_count=22, sync_col=None, last_value=None
2025-10-07 12:30:58,973 - INFO - [INCR SYNC] sys.trace_xe_event_map: row_count=139, sync_col=None, last_value=None
2025-10-07 12:30:58,974 - INFO - === INCREMENTAL sync completed for Asian_Food, 4/4 tables processed ===
2025-10-07 12:30:58,977 - INFO - server1/Asian_Food: processed 4 tables
2025-10-07 12:30:58,980 - INFO - DATABASE START: server1/Desserts
2025-10-07 12:30:58,983 - INFO - Cleaned up system table: localhost_Desserts.sys_trace_xe_event_map
2025-10-07 12:30:58,984 - INFO - Cleaned up system table: localhost_Desserts.sys_trace_xe_action_map
2025-10-07 12:30:58,996 - INFO - === Starting INCREMENTAL sync for database: Desserts ===
2025-10-07 12:30:59,009 - INFO - [INCR SYNC] dbo.Cakes: row_count=5, sync_col=CakeID, last_value=None
2025-10-07 12:30:59,037 - INFO - Schema 'localhost_Desserts' created/verified successfully
2025-10-07 12:30:59,054 - INFO - Last value is None for dbo.Cakes, using hash-based deduplication
2025-10-07 12:30:59,072 - INFO - No new rows found for dbo.Cakes
2025-10-07 12:30:59,079 - INFO - [INCR SYNC] dbo.IceCream_Flavors: row_count=5, sync_col=IceCreamID, last_value=None
2025-10-07 12:30:59,087 - INFO - Schema 'localhost_Desserts' created/verified successfully
2025-10-07 12:30:59,098 - INFO - Last value is None for dbo.IceCream_Flavors, using hash-based deduplication
2025-10-07 12:30:59,116 - INFO - No new rows found for dbo.IceCream_Flavors
2025-10-07 12:30:59,123 - INFO - [INCR SYNC] sys.trace_xe_action_map: row_count=22, sync_col=None, last_value=None
2025-10-07 12:30:59,128 - INFO - [INCR SYNC] sys.trace_xe_event_map: row_count=139, sync_col=None, last_value=None
2025-10-07 12:30:59,129 - INFO - === INCREMENTAL sync completed for Desserts, 4/4 tables processed ===
2025-10-07 12:30:59,132 - INFO - server1/Desserts: processed 4 tables
2025-10-07 12:30:59,136 - INFO - DATABASE START: server1/Italian_Food
2025-10-07 12:30:59,138 - INFO - Cleaned up system table: localhost_Italian_Food.sys_trace_xe_event_map
2025-10-07 12:30:59,139 - INFO - Cleaned up system table: localhost_Italian_Food.sys_trace_xe_action_map
2025-10-07 12:30:59,149 - INFO - === Starting INCREMENTAL sync for database: Italian_Food ===
2025-10-07 12:30:59,162 - INFO - [INCR SYNC] dbo.Pasta_Dishes: row_count=5, sync_col=DishID, last_value=None
2025-10-07 12:30:59,188 - INFO - Schema 'localhost_Italian_Food' created/verified successfully
2025-10-07 12:30:59,206 - INFO - Last value is None for dbo.Pasta_Dishes, using hash-based deduplication
2025-10-07 12:30:59,221 - INFO - No new rows found for dbo.Pasta_Dishes
2025-10-07 12:30:59,227 - INFO - [INCR SYNC] dbo.Pizza_Items: row_count=5, sync_col=PizzaID, last_value=None
2025-10-07 12:30:59,238 - INFO - Schema 'localhost_Italian_Food' created/verified successfully
2025-10-07 12:30:59,250 - INFO - Last value is None for dbo.Pizza_Items, using hash-based deduplication
2025-10-07 12:30:59,265 - INFO - No new rows found for dbo.Pizza_Items
2025-10-07 12:30:59,271 - INFO - [INCR SYNC] sys.trace_xe_action_map: row_count=22, sync_col=None, last_value=None
2025-10-07 12:30:59,276 - INFO - [INCR SYNC] sys.trace_xe_event_map: row_count=139, sync_col=None, last_value=None
2025-10-07 12:30:59,277 - INFO - === INCREMENTAL sync completed for Italian_Food, 4/4 tables processed ===
2025-10-07 12:30:59,279 - INFO - server1/Italian_Food: processed 4 tables
2025-10-07 12:30:59,281 - INFO - DATABASE START: server1/Mexican_Food
2025-10-07 12:30:59,282 - INFO - Cleaned up system table: localhost_Mexican_Food.sys_trace_xe_event_map
2025-10-07 12:30:59,284 - INFO - Cleaned up system table: localhost_Mexican_Food.sys_trace_xe_action_map
2025-10-07 12:30:59,294 - INFO - === Starting INCREMENTAL sync for database: Mexican_Food ===
2025-10-07 12:30:59,307 - INFO - [INCR SYNC] dbo.Burritos: row_count=5, sync_col=BurritoID, last_value=None
2025-10-07 12:30:59,332 - INFO - Schema 'localhost_Mexican_Food' created/verified successfully
2025-10-07 12:30:59,344 - INFO - Last value is None for dbo.Burritos, using hash-based deduplication
2025-10-07 12:30:59,360 - INFO - No new rows found for dbo.Burritos
2025-10-07 12:30:59,366 - INFO - [INCR SYNC] dbo.Tacos: row_count=5, sync_col=TacoID, last_value=None
2025-10-07 12:30:59,374 - INFO - Schema 'localhost_Mexican_Food' created/verified successfully
2025-10-07 12:30:59,384 - INFO - Last value is None for dbo.Tacos, using hash-based deduplication
2025-10-07 12:30:59,404 - INFO - No new rows found for dbo.Tacos
2025-10-07 12:30:59,410 - INFO - [INCR SYNC] sys.trace_xe_action_map: row_count=22, sync_col=None, last_value=None
2025-10-07 12:30:59,414 - INFO - [INCR SYNC] sys.trace_xe_event_map: row_count=139, sync_col=None, last_value=None
2025-10-07 12:30:59,416 - INFO - === INCREMENTAL sync completed for Mexican_Food, 4/4 tables processed ===
2025-10-07 12:30:59,417 - INFO - server1/Mexican_Food: processed 4 tables
2025-10-07 12:30:59,419 - INFO - Completed server1
2025-10-07 12:30:59,421 - INFO - [SYNC-ASYNC COMPLETE] Background sync completed for server1
2025-10-07 12:31:00,924 - INFO - [REQ] GET /sync_status/server1 - 127.0.0.1
2025-10-07 12:31:00,927 - INFO - [DEBUG] Checking auth for /sync_status/server1 - username=admin, role=admin, ip=127.0.0.1
2025-10-07 12:31:00,929 - INFO - [AUTH] Authenticated access: admin (admin) to /sync_status/server1
2025-10-07 12:31:00,973 - INFO - [RESP] GET /sync_status/server1 - 200
2025-10-07 12:31:00,973 - INFO - 127.0.0.1 - - [07/Oct/2025 12:31:00] "GET /sync_status/server1 HTTP/1.1" 200 -
2025-10-07 12:31:02,452 - INFO - [REQ] GET /logs - 127.0.0.1
2025-10-07 12:31:02,454 - INFO - [DEBUG] Checking auth for /logs - username=admin, role=admin, ip=127.0.0.1
2025-10-07 12:31:02,454 - INFO - [AUTH] Authenticated access: admin (admin) to /logs
2025-10-07 12:31:06,432 - INFO - [RESP] GET /logs - 200
2025-10-07 12:31:06,434 - INFO - 127.0.0.1 - - [07/Oct/2025 12:31:06] "GET /logs HTTP/1.1" 200 -
2025-10-07 12:31:06,450 - INFO - [REQ] GET /static/actin-logo.png - 127.0.0.1
2025-10-07 12:31:06,452 - INFO - [RESP] GET /static/actin-logo.png - 304
2025-10-07 12:31:06,453 - INFO - 127.0.0.1 - - [07/Oct/2025 12:31:06] "[36mGET /static/actin-logo.png HTTP/1.1[0m" 304 -
2025-10-07 12:31:08,095 - INFO - [REQ] GET /sync-summary - 127.0.0.1
2025-10-07 12:31:08,097 - INFO - [DEBUG] Checking auth for /sync-summary - username=admin, role=admin, ip=127.0.0.1
2025-10-07 12:31:08,098 - INFO - [AUTH] Authenticated access: admin (admin) to /sync-summary
2025-10-07 12:31:08,098 - INFO - Cache hit for all_servers
2025-10-07 12:31:08,099 - INFO - [RESP] GET /sync-summary - 200
2025-10-07 12:31:08,099 - INFO - 127.0.0.1 - - [07/Oct/2025 12:31:08] "GET /sync-summary HTTP/1.1" 200 -
2025-10-07 12:31:08,409 - INFO - [REQ] GET /sync-summary/quick.json - 127.0.0.1
2025-10-07 12:31:08,411 - INFO - [DEBUG] Checking auth for /sync-summary/quick.json - username=admin, role=admin, ip=127.0.0.1
2025-10-07 12:31:08,411 - INFO - [AUTH] Authenticated access: admin (admin) to /sync-summary/quick.json
2025-10-07 12:31:08,411 - INFO - Cache hit for all_servers
2025-10-07 12:31:08,413 - INFO - [RESP] GET /sync-summary/quick.json - 200
2025-10-07 12:31:08,414 - INFO - 127.0.0.1 - - [07/Oct/2025 12:31:08] "GET /sync-summary/quick.json HTTP/1.1" 200 -
2025-10-07 12:31:08,533 - INFO - [REQ] GET /static/actin-logo.png - 127.0.0.1
2025-10-07 12:31:08,536 - INFO - [RESP] GET /static/actin-logo.png - 304
2025-10-07 12:31:08,538 - INFO - 127.0.0.1 - - [07/Oct/2025 12:31:08] "[36mGET /static/actin-logo.png HTTP/1.1[0m" 304 -
2025-10-07 12:31:48,215 - INFO - [REQ] GET /view-schedules - 127.0.0.1
2025-10-07 12:31:48,216 - INFO - [DEBUG] Checking auth for /view-schedules - username=admin, role=admin, ip=127.0.0.1
2025-10-07 12:31:48,216 - INFO - [AUTH] Authenticated access: admin (admin) to /view-schedules
2025-10-07 12:31:48,295 - INFO - [RESP] GET /view-schedules - 200
2025-10-07 12:31:48,296 - INFO - 127.0.0.1 - - [07/Oct/2025 12:31:48] "GET /view-schedules HTTP/1.1" 200 -
2025-10-07 12:31:48,449 - INFO - [REQ] GET /static/actin-logo.png - 127.0.0.1
2025-10-07 12:31:48,451 - INFO - [RESP] GET /static/actin-logo.png - 304
2025-10-07 12:31:48,453 - INFO - 127.0.0.1 - - [07/Oct/2025 12:31:48] "[36mGET /static/actin-logo.png HTTP/1.1[0m" 304 -
2025-10-07 12:31:48,498 - INFO - [REQ] GET /api/job-statuses - 127.0.0.1
2025-10-07 12:31:48,499 - INFO - [DEBUG] Checking auth for /api/job-statuses - username=admin, role=admin, ip=127.0.0.1
2025-10-07 12:31:48,499 - INFO - [AUTH] Authenticated access: admin (admin) to /api/job-statuses
2025-10-07 12:31:48,499 - INFO - [RESP] GET /api/job-statuses - 404
2025-10-07 12:31:48,500 - INFO - 127.0.0.1 - - [07/Oct/2025 12:31:48] "[33mGET /api/job-statuses HTTP/1.1[0m" 404 -
2025-10-07 12:31:49,819 - INFO - [REQ] GET /dashboard - 127.0.0.1
2025-10-07 12:31:49,820 - INFO - [DEBUG] Checking auth for /dashboard - username=admin, role=admin, ip=127.0.0.1
2025-10-07 12:31:49,820 - INFO - [AUTH] Authenticated access: admin (admin) to /dashboard
2025-10-07 12:31:49,970 - INFO - [RESP] GET /dashboard - 200
2025-10-07 12:31:49,971 - INFO - 127.0.0.1 - - [07/Oct/2025 12:31:49] "GET /dashboard HTTP/1.1" 200 -
2025-10-07 12:31:50,052 - INFO - [REQ] GET /static/actin-logo.png - 127.0.0.1
2025-10-07 12:31:50,053 - INFO - [RESP] GET /static/actin-logo.png - 304
2025-10-07 12:31:50,055 - INFO - 127.0.0.1 - - [07/Oct/2025 12:31:50] "[36mGET /static/actin-logo.png HTTP/1.1[0m" 304 -
2025-10-07 12:31:55,151 - INFO - [REQ] GET /dashboard/data - 127.0.0.1
2025-10-07 12:31:55,151 - INFO - [DEBUG] Checking auth for /dashboard/data - username=admin, role=admin, ip=127.0.0.1
2025-10-07 12:31:55,152 - INFO - [AUTH] Authenticated access: admin (admin) to /dashboard/data
2025-10-07 12:31:55,247 - INFO - [RESP] GET /dashboard/data - 200
2025-10-07 12:31:55,247 - INFO - 127.0.0.1 - - [07/Oct/2025 12:31:55] "GET /dashboard/data HTTP/1.1" 200 -
2025-10-07 12:31:57,659 - INFO - [REQ] GET / - 127.0.0.1
2025-10-07 12:31:57,659 - INFO - [DEBUG] Checking auth for / - username=admin, role=admin, ip=127.0.0.1
2025-10-07 12:31:57,660 - INFO - [AUTH] Authenticated access: admin (admin) to /
2025-10-07 12:31:57,661 - INFO - [HOME] Homepage accessed by user: admin
2025-10-07 12:31:57,666 - INFO - [INFO] Loaded 1 SQL servers for display
2025-10-07 12:31:57,668 - INFO - [RESP] GET / - 200
2025-10-07 12:31:57,670 - INFO - 127.0.0.1 - - [07/Oct/2025 12:31:57] "GET / HTTP/1.1" 200 -
2025-10-07 12:31:57,907 - INFO - [REQ] GET /static/actin-logo.png - 127.0.0.1
2025-10-07 12:31:57,910 - INFO - [RESP] GET /static/actin-logo.png - 304
2025-10-07 12:31:57,913 - INFO - 127.0.0.1 - - [07/Oct/2025 12:31:57] "[36mGET /static/actin-logo.png HTTP/1.1[0m" 304 -
2025-10-07 12:31:59,290 - INFO - [REQ] GET /sync-summary - 127.0.0.1
2025-10-07 12:31:59,290 - INFO - [DEBUG] Checking auth for /sync-summary - username=admin, role=admin, ip=127.0.0.1
2025-10-07 12:31:59,290 - INFO - [AUTH] Authenticated access: admin (admin) to /sync-summary
2025-10-07 12:31:59,291 - INFO - Cache expired for all_servers
2025-10-07 12:31:59,293 - INFO - Cache expired for individual:server1
2025-10-07 12:31:59,550 - INFO - Cache expired for pgdb:test1
2025-10-07 12:31:59,643 - INFO - [RESP] GET /sync-summary - 200
2025-10-07 12:31:59,644 - INFO - 127.0.0.1 - - [07/Oct/2025 12:31:59] "GET /sync-summary HTTP/1.1" 200 -
2025-10-07 12:31:59,669 - INFO - [REQ] GET /static/actin-logo.png - 127.0.0.1
2025-10-07 12:31:59,671 - INFO - [RESP] GET /static/actin-logo.png - 304
2025-10-07 12:31:59,673 - INFO - 127.0.0.1 - - [07/Oct/2025 12:31:59] "[36mGET /static/actin-logo.png HTTP/1.1[0m" 304 -
2025-10-07 12:32:00,155 - INFO - [REQ] GET /sync-summary/quick.json - 127.0.0.1
2025-10-07 12:32:00,155 - INFO - [DEBUG] Checking auth for /sync-summary/quick.json - username=admin, role=admin, ip=127.0.0.1
2025-10-07 12:32:00,156 - INFO - [AUTH] Authenticated access: admin (admin) to /sync-summary/quick.json
2025-10-07 12:32:00,157 - INFO - Cache hit for all_servers
2025-10-07 12:32:00,157 - INFO - [RESP] GET /sync-summary/quick.json - 200
2025-10-07 12:32:00,159 - INFO - 127.0.0.1 - - [07/Oct/2025 12:32:00] "GET /sync-summary/quick.json HTTP/1.1" 200 -
2025-10-07 12:32:05,727 - INFO - [REQ] GET / - 127.0.0.1
2025-10-07 12:32:05,727 - INFO - [DEBUG] Checking auth for / - username=admin, role=admin, ip=127.0.0.1
2025-10-07 12:32:05,728 - INFO - [AUTH] Authenticated access: admin (admin) to /
2025-10-07 12:32:05,728 - INFO - [HOME] Homepage accessed by user: admin
2025-10-07 12:32:05,731 - INFO - [INFO] Loaded 1 SQL servers for display
2025-10-07 12:32:05,732 - INFO - [RESP] GET / - 200
2025-10-07 12:32:05,733 - INFO - 127.0.0.1 - - [07/Oct/2025 12:32:05] "GET / HTTP/1.1" 200 -
2025-10-07 12:32:06,034 - INFO - [REQ] GET /static/actin-logo.png - 127.0.0.1
2025-10-07 12:32:06,036 - INFO - [RESP] GET /static/actin-logo.png - 304
2025-10-07 12:32:06,038 - INFO - 127.0.0.1 - - [07/Oct/2025 12:32:06] "[36mGET /static/actin-logo.png HTTP/1.1[0m" 304 -
2025-10-07 12:32:09,490 - INFO - [REQ] GET /sync_background/server1 - 127.0.0.1
2025-10-07 12:32:09,491 - INFO - [DEBUG] Checking auth for /sync_background/server1 - username=admin, role=admin, ip=127.0.0.1
2025-10-07 12:32:09,491 - INFO - [AUTH] Authenticated access: admin (admin) to /sync_background/server1
2025-10-07 12:32:09,492 - INFO - [SYNC-ASYNC START] Request to start background sync for: server1
2025-10-07 12:32:09,493 - INFO - [SYNC-ASYNC WORKER] Background worker started for: server1
2025-10-07 12:32:09,494 - INFO - [RESP] GET /sync_background/server1 - 202
2025-10-07 12:32:09,496 - INFO - 127.0.0.1 - - [07/Oct/2025 12:32:09] "[35m[1mGET /sync_background/server1 HTTP/1.1[0m" 202 -
2025-10-07 12:32:09,572 - INFO - [PROCESS] Background processing hybrid sync for server1
2025-10-07 12:32:09,573 - INFO - MIGRATION STARTED for server1
2025-10-07 12:32:09,649 - INFO - Sync tracking table created/verified
2025-10-07 12:32:09,658 - INFO - Connected to SQL Server: localhost
2025-10-07 12:32:09,707 - INFO - Found 5 databases on localhost
2025-10-07 12:32:09,708 - INFO - DATABASE START: server1/American_Food
2025-10-07 12:32:09,712 - INFO - Cleaned up system table: localhost_American_Food.sys_trace_xe_event_map
2025-10-07 12:32:09,715 - INFO - Cleaned up system table: localhost_American_Food.sys_trace_xe_action_map
2025-10-07 12:32:09,727 - INFO - === Starting INCREMENTAL sync for database: American_Food ===
2025-10-07 12:32:09,756 - INFO - [REQ] GET /sync_status/server1 - 127.0.0.1
2025-10-07 12:32:09,757 - INFO - [DEBUG] Checking auth for /sync_status/server1 - username=admin, role=admin, ip=127.0.0.1
2025-10-07 12:32:09,757 - INFO - [AUTH] Authenticated access: admin (admin) to /sync_status/server1
2025-10-07 12:32:09,823 - INFO - [RESP] GET /sync_status/server1 - 200
2025-10-07 12:32:09,825 - INFO - 127.0.0.1 - - [07/Oct/2025 12:32:09] "GET /sync_status/server1 HTTP/1.1" 200 -
2025-10-07 12:32:10,091 - INFO - [INCR SYNC] dbo.Burgers: row_count=5, sync_col=BurgerID, last_value=None
2025-10-07 12:32:10,259 - INFO - Schema 'localhost_American_Food' created/verified successfully
2025-10-07 12:32:10,287 - INFO - Last value is None for dbo.Burgers, using hash-based deduplication
2025-10-07 12:32:10,295 - INFO - No new rows found for dbo.Burgers
2025-10-07 12:32:10,485 - INFO - [INCR SYNC] dbo.Sandwiches: row_count=5, sync_col=SandwichID, last_value=None
2025-10-07 12:32:10,524 - INFO - Schema 'localhost_American_Food' created/verified successfully
2025-10-07 12:32:10,534 - INFO - Last value is None for dbo.Sandwiches, using hash-based deduplication
2025-10-07 12:32:10,544 - INFO - No new rows found for dbo.Sandwiches
2025-10-07 12:32:10,726 - INFO - [INCR SYNC] sys.trace_xe_action_map: row_count=22, sync_col=None, last_value=None
2025-10-07 12:32:10,911 - INFO - [INCR SYNC] sys.trace_xe_event_map: row_count=139, sync_col=None, last_value=None
2025-10-07 12:32:10,913 - INFO - === INCREMENTAL sync completed for American_Food, 4/4 tables processed ===
2025-10-07 12:32:10,916 - INFO - server1/American_Food: processed 4 tables
2025-10-07 12:32:10,918 - INFO - DATABASE START: server1/Asian_Food
2025-10-07 12:32:10,920 - INFO - Cleaned up system table: localhost_Asian_Food.sys_trace_xe_event_map
2025-10-07 12:32:10,921 - INFO - Cleaned up system table: localhost_Asian_Food.sys_trace_xe_action_map
2025-10-07 12:32:10,931 - INFO - === Starting INCREMENTAL sync for database: Asian_Food ===
2025-10-07 12:32:11,255 - INFO - [INCR SYNC] dbo.Noodle_Dishes: row_count=5, sync_col=NoodleID, last_value=None
2025-10-07 12:32:11,392 - INFO - Schema 'localhost_Asian_Food' created/verified successfully
2025-10-07 12:32:11,403 - INFO - Last value is None for dbo.Noodle_Dishes, using hash-based deduplication
2025-10-07 12:32:11,416 - INFO - No new rows found for dbo.Noodle_Dishes
2025-10-07 12:32:11,613 - INFO - [INCR SYNC] dbo.Sushi_Items: row_count=5, sync_col=SushiID, last_value=None
2025-10-07 12:32:11,655 - INFO - Schema 'localhost_Asian_Food' created/verified successfully
2025-10-07 12:32:11,664 - INFO - Last value is None for dbo.Sushi_Items, using hash-based deduplication
2025-10-07 12:32:11,673 - INFO - No new rows found for dbo.Sushi_Items
2025-10-07 12:32:11,833 - INFO - [REQ] GET /sync_status/server1 - 127.0.0.1
2025-10-07 12:32:11,833 - INFO - [DEBUG] Checking auth for /sync_status/server1 - username=admin, role=admin, ip=127.0.0.1
2025-10-07 12:32:11,833 - INFO - [AUTH] Authenticated access: admin (admin) to /sync_status/server1
2025-10-07 12:32:11,862 - INFO - [INCR SYNC] sys.trace_xe_action_map: row_count=22, sync_col=None, last_value=None
2025-10-07 12:32:11,872 - INFO - [RESP] GET /sync_status/server1 - 200
2025-10-07 12:32:11,873 - INFO - 127.0.0.1 - - [07/Oct/2025 12:32:11] "GET /sync_status/server1 HTTP/1.1" 200 -
2025-10-07 12:32:12,046 - INFO - [INCR SYNC] sys.trace_xe_event_map: row_count=139, sync_col=None, last_value=None
2025-10-07 12:32:12,049 - INFO - === INCREMENTAL sync completed for Asian_Food, 4/4 tables processed ===
2025-10-07 12:32:12,052 - INFO - server1/Asian_Food: processed 4 tables
2025-10-07 12:32:12,055 - INFO - DATABASE START: server1/Desserts
2025-10-07 12:32:12,057 - INFO - Cleaned up system table: localhost_Desserts.sys_trace_xe_event_map
2025-10-07 12:32:12,058 - INFO - Cleaned up system table: localhost_Desserts.sys_trace_xe_action_map
2025-10-07 12:32:12,070 - INFO - === Starting INCREMENTAL sync for database: Desserts ===
2025-10-07 12:32:12,404 - INFO - [INCR SYNC] dbo.Cakes: row_count=5, sync_col=CakeID, last_value=None
2025-10-07 12:32:12,424 - INFO - [REQ] GET /sync-summary - 127.0.0.1
2025-10-07 12:32:12,424 - INFO - [DEBUG] Checking auth for /sync-summary - username=admin, role=admin, ip=127.0.0.1
2025-10-07 12:32:12,425 - INFO - [AUTH] Authenticated access: admin (admin) to /sync-summary
2025-10-07 12:32:12,426 - INFO - Cache hit for all_servers
2025-10-07 12:32:12,427 - INFO - [RESP] GET /sync-summary - 200
2025-10-07 12:32:12,429 - INFO - 127.0.0.1 - - [07/Oct/2025 12:32:12] "GET /sync-summary HTTP/1.1" 200 -
2025-10-07 12:32:12,446 - INFO - [REQ] GET /static/actin-logo.png - 127.0.0.1
2025-10-07 12:32:12,446 - INFO - [RESP] GET /static/actin-logo.png - 304
2025-10-07 12:32:12,447 - INFO - 127.0.0.1 - - [07/Oct/2025 12:32:12] "[36mGET /static/actin-logo.png HTTP/1.1[0m" 304 -
2025-10-07 12:32:12,538 - INFO - Schema 'localhost_Desserts' created/verified successfully
2025-10-07 12:32:12,551 - INFO - Last value is None for dbo.Cakes, using hash-based deduplication
2025-10-07 12:32:12,559 - INFO - No new rows found for dbo.Cakes
2025-10-07 12:32:12,673 - INFO - [REQ] GET /sync-summary/quick.json - 127.0.0.1
2025-10-07 12:32:12,674 - INFO - [DEBUG] Checking auth for /sync-summary/quick.json - username=admin, role=admin, ip=127.0.0.1
2025-10-07 12:32:12,674 - INFO - [AUTH] Authenticated access: admin (admin) to /sync-summary/quick.json
2025-10-07 12:32:12,675 - INFO - Cache hit for all_servers
2025-10-07 12:32:12,675 - INFO - [RESP] GET /sync-summary/quick.json - 200
2025-10-07 12:32:12,677 - INFO - 127.0.0.1 - - [07/Oct/2025 12:32:12] "GET /sync-summary/quick.json HTTP/1.1" 200 -
2025-10-07 12:32:12,743 - INFO - [INCR SYNC] dbo.IceCream_Flavors: row_count=5, sync_col=IceCreamID, last_value=None
2025-10-07 12:32:12,783 - INFO - Schema 'localhost_Desserts' created/verified successfully
2025-10-07 12:32:12,795 - INFO - Last value is None for dbo.IceCream_Flavors, using hash-based deduplication
2025-10-07 12:32:12,810 - INFO - No new rows found for dbo.IceCream_Flavors
2025-10-07 12:32:12,996 - INFO - [INCR SYNC] sys.trace_xe_action_map: row_count=22, sync_col=None, last_value=None
2025-10-07 12:32:13,174 - INFO - [INCR SYNC] sys.trace_xe_event_map: row_count=139, sync_col=None, last_value=None
2025-10-07 12:32:13,176 - INFO - === INCREMENTAL sync completed for Desserts, 4/4 tables processed ===
2025-10-07 12:32:13,181 - INFO - server1/Desserts: processed 4 tables
2025-10-07 12:32:13,184 - INFO - DATABASE START: server1/Italian_Food
2025-10-07 12:32:13,185 - INFO - Cleaned up system table: localhost_Italian_Food.sys_trace_xe_event_map
2025-10-07 12:32:13,186 - INFO - Cleaned up system table: localhost_Italian_Food.sys_trace_xe_action_map
2025-10-07 12:32:13,194 - INFO - === Starting INCREMENTAL sync for database: Italian_Food ===
2025-10-07 12:32:13,509 - INFO - [INCR SYNC] dbo.Pasta_Dishes: row_count=5, sync_col=DishID, last_value=None
2025-10-07 12:32:13,645 - INFO - Schema 'localhost_Italian_Food' created/verified successfully
2025-10-07 12:32:13,658 - INFO - Last value is None for dbo.Pasta_Dishes, using hash-based deduplication
2025-10-07 12:32:13,668 - INFO - No new rows found for dbo.Pasta_Dishes
2025-10-07 12:32:13,860 - INFO - [INCR SYNC] dbo.Pizza_Items: row_count=5, sync_col=PizzaID, last_value=None
2025-10-07 12:32:13,900 - INFO - Schema 'localhost_Italian_Food' created/verified successfully
2025-10-07 12:32:13,912 - INFO - Last value is None for dbo.Pizza_Items, using hash-based deduplication
2025-10-07 12:32:13,925 - INFO - No new rows found for dbo.Pizza_Items
2025-10-07 12:32:14,106 - INFO - [INCR SYNC] sys.trace_xe_action_map: row_count=22, sync_col=None, last_value=None
2025-10-07 12:32:14,287 - INFO - [INCR SYNC] sys.trace_xe_event_map: row_count=139, sync_col=None, last_value=None
2025-10-07 12:32:14,288 - INFO - === INCREMENTAL sync completed for Italian_Food, 4/4 tables processed ===
2025-10-07 12:32:14,294 - INFO - server1/Italian_Food: processed 4 tables
2025-10-07 12:32:14,296 - INFO - DATABASE START: server1/Mexican_Food
2025-10-07 12:32:14,297 - INFO - Cleaned up system table: localhost_Mexican_Food.sys_trace_xe_event_map
2025-10-07 12:32:14,298 - INFO - Cleaned up system table: localhost_Mexican_Food.sys_trace_xe_action_map
2025-10-07 12:32:14,307 - INFO - === Starting INCREMENTAL sync for database: Mexican_Food ===
2025-10-07 12:32:14,343 - INFO - [REQ] GET /view-schedules - 127.0.0.1
2025-10-07 12:32:14,344 - INFO - [DEBUG] Checking auth for /view-schedules - username=admin, role=admin, ip=127.0.0.1
2025-10-07 12:32:14,345 - INFO - [AUTH] Authenticated access: admin (admin) to /view-schedules
2025-10-07 12:32:14,399 - INFO - [RESP] GET /view-schedules - 200
2025-10-07 12:32:14,401 - INFO - 127.0.0.1 - - [07/Oct/2025 12:32:14] "GET /view-schedules HTTP/1.1" 200 -
2025-10-07 12:32:14,562 - INFO - [REQ] GET /api/job-statuses - 127.0.0.1
2025-10-07 12:32:14,563 - INFO - [DEBUG] Checking auth for /api/job-statuses - username=admin, role=admin, ip=127.0.0.1
2025-10-07 12:32:14,563 - INFO - [AUTH] Authenticated access: admin (admin) to /api/job-statuses
2025-10-07 12:32:14,565 - INFO - [RESP] GET /api/job-statuses - 404
2025-10-07 12:32:14,566 - INFO - 127.0.0.1 - - [07/Oct/2025 12:32:14] "[33mGET /api/job-statuses HTTP/1.1[0m" 404 -
2025-10-07 12:32:14,608 - INFO - [REQ] GET /static/actin-logo.png - 127.0.0.1
2025-10-07 12:32:14,611 - INFO - [RESP] GET /static/actin-logo.png - 304
2025-10-07 12:32:14,611 - INFO - [INCR SYNC] dbo.Burritos: row_count=5, sync_col=BurritoID, last_value=None
2025-10-07 12:32:14,613 - INFO - 127.0.0.1 - - [07/Oct/2025 12:32:14] "[36mGET /static/actin-logo.png HTTP/1.1[0m" 304 -
2025-10-07 12:32:14,751 - INFO - Schema 'localhost_Mexican_Food' created/verified successfully
2025-10-07 12:32:14,766 - INFO - Last value is None for dbo.Burritos, using hash-based deduplication
2025-10-07 12:32:14,780 - INFO - No new rows found for dbo.Burritos
2025-10-07 12:32:14,975 - INFO - [INCR SYNC] dbo.Tacos: row_count=5, sync_col=TacoID, last_value=None
2025-10-07 12:32:15,007 - INFO - Schema 'localhost_Mexican_Food' created/verified successfully
2025-10-07 12:32:15,014 - INFO - Last value is None for dbo.Tacos, using hash-based deduplication
2025-10-07 12:32:15,021 - INFO - No new rows found for dbo.Tacos
2025-10-07 12:32:15,208 - INFO - [INCR SYNC] sys.trace_xe_action_map: row_count=22, sync_col=None, last_value=None
2025-10-07 12:32:15,390 - INFO - [INCR SYNC] sys.trace_xe_event_map: row_count=139, sync_col=None, last_value=None
2025-10-07 12:32:15,391 - INFO - === INCREMENTAL sync completed for Mexican_Food, 4/4 tables processed ===
2025-10-07 12:32:15,395 - INFO - server1/Mexican_Food: processed 4 tables
2025-10-07 12:32:15,398 - INFO - Completed server1
2025-10-07 12:32:15,398 - INFO - [SYNC-ASYNC COMPLETE] Background sync completed for server1
2025-10-07 12:32:15,980 - INFO - [REQ] GET /dashboard - 127.0.0.1
2025-10-07 12:32:15,981 - INFO - [DEBUG] Checking auth for /dashboard - username=admin, role=admin, ip=127.0.0.1
2025-10-07 12:32:15,981 - INFO - [AUTH] Authenticated access: admin (admin) to /dashboard
2025-10-07 12:32:16,084 - INFO - [RESP] GET /dashboard - 200
2025-10-07 12:32:16,085 - INFO - 127.0.0.1 - - [07/Oct/2025 12:32:16] "GET /dashboard HTTP/1.1" 200 -
2025-10-07 12:32:16,291 - INFO - [REQ] GET /static/actin-logo.png - 127.0.0.1
2025-10-07 12:32:16,293 - INFO - [RESP] GET /static/actin-logo.png - 304
2025-10-07 12:32:16,295 - INFO - 127.0.0.1 - - [07/Oct/2025 12:32:16] "[36mGET /static/actin-logo.png HTTP/1.1[0m" 304 -
2025-10-07 12:32:21,533 - INFO - [REQ] GET /dashboard/data - 127.0.0.1
2025-10-07 12:32:21,533 - INFO - [DEBUG] Checking auth for /dashboard/data - username=admin, role=admin, ip=127.0.0.1
2025-10-07 12:32:21,534 - INFO - [AUTH] Authenticated access: admin (admin) to /dashboard/data
2025-10-07 12:32:21,633 - INFO - [RESP] GET /dashboard/data - 200
2025-10-07 12:32:21,633 - INFO - 127.0.0.1 - - [07/Oct/2025 12:32:21] "GET /dashboard/data HTTP/1.1" 200 -
2025-10-07 12:32:22,128 - INFO - [REQ] GET /logs - 127.0.0.1
2025-10-07 12:32:22,128 - INFO - [DEBUG] Checking auth for /logs - username=admin, role=admin, ip=127.0.0.1
2025-10-07 12:32:22,129 - INFO - [AUTH] Authenticated access: admin (admin) to /logs
2025-10-07 12:32:23,569 - INFO - [REQ] GET /sync-summary - 127.0.0.1
2025-10-07 12:32:23,586 - INFO - [DEBUG] Checking auth for /sync-summary - username=admin, role=admin, ip=127.0.0.1
2025-10-07 12:32:23,731 - INFO - [AUTH] Authenticated access: admin (admin) to /sync-summary
2025-10-07 12:32:23,745 - INFO - Cache hit for all_servers
2025-10-07 12:32:23,805 - INFO - [RESP] GET /sync-summary - 200
2025-10-07 12:32:23,875 - INFO - 127.0.0.1 - - [07/Oct/2025 12:32:23] "GET /sync-summary HTTP/1.1" 200 -
2025-10-07 12:32:23,940 - INFO - [REQ] GET /static/actin-logo.png - 127.0.0.1
2025-10-07 12:32:23,966 - INFO - [RESP] GET /static/actin-logo.png - 304
2025-10-07 12:32:24,000 - INFO - 127.0.0.1 - - [07/Oct/2025 12:32:24] "[36mGET /static/actin-logo.png HTTP/1.1[0m" 304 -
2025-10-07 12:32:24,417 - INFO - [REQ] GET /sync-summary/quick.json - 127.0.0.1
2025-10-07 12:32:24,424 - INFO - [DEBUG] Checking auth for /sync-summary/quick.json - username=admin, role=admin, ip=127.0.0.1
2025-10-07 12:32:24,438 - INFO - [AUTH] Authenticated access: admin (admin) to /sync-summary/quick.json
2025-10-07 12:32:24,448 - INFO - Cache hit for all_servers
2025-10-07 12:32:24,459 - INFO - [RESP] GET /sync-summary/quick.json - 200
2025-10-07 12:32:24,473 - INFO - 127.0.0.1 - - [07/Oct/2025 12:32:24] "GET /sync-summary/quick.json HTTP/1.1" 200 -
2025-10-07 12:32:25,857 - INFO - [RESP] GET /logs - 200
2025-10-07 12:32:25,859 - INFO - 127.0.0.1 - - [07/Oct/2025 12:32:25] "GET /logs HTTP/1.1" 200 -
2025-10-07 12:32:30,397 - INFO - [REQ] GET / - 127.0.0.1
2025-10-07 12:32:30,398 - INFO - [DEBUG] Checking auth for / - username=admin, role=admin, ip=127.0.0.1
2025-10-07 12:32:30,401 - INFO - [AUTH] Authenticated access: admin (admin) to /
2025-10-07 12:32:30,402 - INFO - [HOME] Homepage accessed by user: admin
2025-10-07 12:32:30,403 - INFO - [INFO] Loaded 1 SQL servers for display
2025-10-07 12:32:30,404 - INFO - [RESP] GET / - 200
2025-10-07 12:32:30,405 - INFO - 127.0.0.1 - - [07/Oct/2025 12:32:30] "GET / HTTP/1.1" 200 -
2025-10-07 12:32:30,705 - INFO - [REQ] GET /static/actin-logo.png - 127.0.0.1
2025-10-07 12:32:30,709 - INFO - [RESP] GET /static/actin-logo.png - 304
2025-10-07 12:32:30,711 - INFO - 127.0.0.1 - - [07/Oct/2025 12:32:30] "[36mGET /static/actin-logo.png HTTP/1.1[0m" 304 -
2025-10-07 12:32:32,637 - INFO - [REQ] GET /sync_background/server1 - 127.0.0.1
2025-10-07 12:32:32,638 - INFO - [DEBUG] Checking auth for /sync_background/server1 - username=admin, role=admin, ip=127.0.0.1
2025-10-07 12:32:32,639 - INFO - [AUTH] Authenticated access: admin (admin) to /sync_background/server1
2025-10-07 12:32:32,639 - INFO - [SYNC-ASYNC START] Request to start background sync for: server1
2025-10-07 12:32:32,640 - INFO - [SYNC-ASYNC WORKER] Background worker started for: server1
2025-10-07 12:32:32,640 - INFO - [RESP] GET /sync_background/server1 - 202
2025-10-07 12:32:32,646 - INFO - 127.0.0.1 - - [07/Oct/2025 12:32:32] "[35m[1mGET /sync_background/server1 HTTP/1.1[0m" 202 -
2025-10-07 12:32:32,689 - INFO - [PROCESS] Background processing hybrid sync for server1
2025-10-07 12:32:32,689 - INFO - MIGRATION STARTED for server1
2025-10-07 12:32:32,728 - INFO - Sync tracking table created/verified
2025-10-07 12:32:32,730 - INFO - Connected to SQL Server: localhost
2025-10-07 12:32:32,788 - INFO - Found 5 databases on localhost
2025-10-07 12:32:32,790 - INFO - DATABASE START: server1/American_Food
2025-10-07 12:32:32,791 - INFO - Cleaned up system table: localhost_American_Food.sys_trace_xe_event_map
2025-10-07 12:32:32,791 - INFO - Cleaned up system table: localhost_American_Food.sys_trace_xe_action_map
2025-10-07 12:32:32,797 - INFO - === Starting INCREMENTAL sync for database: American_Food ===
2025-10-07 12:32:32,885 - INFO - [REQ] GET /sync_status/server1 - 127.0.0.1
2025-10-07 12:32:32,886 - INFO - [DEBUG] Checking auth for /sync_status/server1 - username=admin, role=admin, ip=127.0.0.1
2025-10-07 12:32:32,887 - INFO - [AUTH] Authenticated access: admin (admin) to /sync_status/server1
2025-10-07 12:32:32,943 - INFO - [RESP] GET /sync_status/server1 - 200
2025-10-07 12:32:32,945 - INFO - 127.0.0.1 - - [07/Oct/2025 12:32:32] "GET /sync_status/server1 HTTP/1.1" 200 -
2025-10-07 12:32:33,146 - INFO - [INCR SYNC] dbo.Burgers: row_count=5, sync_col=BurgerID, last_value=None
2025-10-07 12:32:33,300 - INFO - Schema 'localhost_American_Food' created/verified successfully
2025-10-07 12:32:33,341 - INFO - Last value is None for dbo.Burgers, using hash-based deduplication
2025-10-07 12:32:33,352 - INFO - No new rows found for dbo.Burgers
2025-10-07 12:32:33,552 - INFO - [INCR SYNC] dbo.Sandwiches: row_count=5, sync_col=SandwichID, last_value=None
2025-10-07 12:32:33,592 - INFO - Schema 'localhost_American_Food' created/verified successfully
2025-10-07 12:32:33,603 - INFO - Last value is None for dbo.Sandwiches, using hash-based deduplication
2025-10-07 12:32:33,616 - INFO - No new rows found for dbo.Sandwiches
2025-10-07 12:32:33,802 - INFO - [INCR SYNC] sys.trace_xe_action_map: row_count=22, sync_col=None, last_value=None
2025-10-07 12:32:33,986 - INFO - [INCR SYNC] sys.trace_xe_event_map: row_count=139, sync_col=None, last_value=None
2025-10-07 12:32:33,988 - INFO - === INCREMENTAL sync completed for American_Food, 4/4 tables processed ===
2025-10-07 12:32:33,994 - INFO - server1/American_Food: processed 4 tables
2025-10-07 12:32:33,998 - INFO - DATABASE START: server1/Asian_Food
2025-10-07 12:32:34,001 - INFO - Cleaned up system table: localhost_Asian_Food.sys_trace_xe_event_map
2025-10-07 12:32:34,002 - INFO - Cleaned up system table: localhost_Asian_Food.sys_trace_xe_action_map
2025-10-07 12:32:34,010 - INFO - === Starting INCREMENTAL sync for database: Asian_Food ===
2025-10-07 12:32:34,328 - INFO - [INCR SYNC] dbo.Noodle_Dishes: row_count=5, sync_col=NoodleID, last_value=None
2025-10-07 12:32:34,474 - INFO - Schema 'localhost_Asian_Food' created/verified successfully
2025-10-07 12:32:34,488 - INFO - Last value is None for dbo.Noodle_Dishes, using hash-based deduplication
2025-10-07 12:32:34,498 - INFO - No new rows found for dbo.Noodle_Dishes
2025-10-07 12:32:34,694 - INFO - [INCR SYNC] dbo.Sushi_Items: row_count=5, sync_col=SushiID, last_value=None
2025-10-07 12:32:34,731 - INFO - Schema 'localhost_Asian_Food' created/verified successfully
2025-10-07 12:32:34,739 - INFO - Last value is None for dbo.Sushi_Items, using hash-based deduplication
2025-10-07 12:32:34,749 - INFO - No new rows found for dbo.Sushi_Items
2025-10-07 12:32:34,931 - INFO - [INCR SYNC] sys.trace_xe_action_map: row_count=22, sync_col=None, last_value=None
2025-10-07 12:32:34,956 - INFO - [REQ] GET /sync_status/server1 - 127.0.0.1
2025-10-07 12:32:34,957 - INFO - [DEBUG] Checking auth for /sync_status/server1 - username=admin, role=admin, ip=127.0.0.1
2025-10-07 12:32:34,958 - INFO - [AUTH] Authenticated access: admin (admin) to /sync_status/server1
2025-10-07 12:32:35,012 - INFO - [RESP] GET /sync_status/server1 - 200
2025-10-07 12:32:35,014 - INFO - 127.0.0.1 - - [07/Oct/2025 12:32:35] "GET /sync_status/server1 HTTP/1.1" 200 -
2025-10-07 12:32:35,117 - INFO - [INCR SYNC] sys.trace_xe_event_map: row_count=139, sync_col=None, last_value=None
2025-10-07 12:32:35,117 - INFO - === INCREMENTAL sync completed for Asian_Food, 4/4 tables processed ===
2025-10-07 12:32:35,125 - INFO - server1/Asian_Food: processed 4 tables
2025-10-07 12:32:35,129 - INFO - DATABASE START: server1/Desserts
2025-10-07 12:32:35,132 - INFO - Cleaned up system table: localhost_Desserts.sys_trace_xe_event_map
2025-10-07 12:32:35,134 - INFO - Cleaned up system table: localhost_Desserts.sys_trace_xe_action_map
2025-10-07 12:32:35,137 - INFO - === Starting INCREMENTAL sync for database: Desserts ===
2025-10-07 12:32:35,459 - INFO - [INCR SYNC] dbo.Cakes: row_count=5, sync_col=CakeID, last_value=None
2025-10-07 12:32:35,597 - INFO - Schema 'localhost_Desserts' created/verified successfully
2025-10-07 12:32:35,608 - INFO - Last value is None for dbo.Cakes, using hash-based deduplication
2025-10-07 12:32:35,617 - INFO - No new rows found for dbo.Cakes
2025-10-07 12:32:35,811 - INFO - [INCR SYNC] dbo.IceCream_Flavors: row_count=5, sync_col=IceCreamID, last_value=None
2025-10-07 12:32:35,850 - INFO - Schema 'localhost_Desserts' created/verified successfully
2025-10-07 12:32:35,862 - INFO - Last value is None for dbo.IceCream_Flavors, using hash-based deduplication
2025-10-07 12:32:35,876 - INFO - No new rows found for dbo.IceCream_Flavors
2025-10-07 12:32:36,063 - INFO - [INCR SYNC] sys.trace_xe_action_map: row_count=22, sync_col=None, last_value=None
2025-10-07 12:32:36,251 - INFO - [INCR SYNC] sys.trace_xe_event_map: row_count=139, sync_col=None, last_value=None
2025-10-07 12:32:36,252 - INFO - === INCREMENTAL sync completed for Desserts, 4/4 tables processed ===
2025-10-07 12:32:36,258 - INFO - server1/Desserts: processed 4 tables
2025-10-07 12:32:36,261 - INFO - DATABASE START: server1/Italian_Food
2025-10-07 12:32:36,263 - INFO - Cleaned up system table: localhost_Italian_Food.sys_trace_xe_event_map
2025-10-07 12:32:36,265 - INFO - Cleaned up system table: localhost_Italian_Food.sys_trace_xe_action_map
2025-10-07 12:32:36,269 - INFO - === Starting INCREMENTAL sync for database: Italian_Food ===
2025-10-07 12:32:36,585 - INFO - [INCR SYNC] dbo.Pasta_Dishes: row_count=5, sync_col=DishID, last_value=None
2025-10-07 12:32:36,724 - INFO - Schema 'localhost_Italian_Food' created/verified successfully
2025-10-07 12:32:36,736 - INFO - Last value is None for dbo.Pasta_Dishes, using hash-based deduplication
2025-10-07 12:32:36,747 - INFO - No new rows found for dbo.Pasta_Dishes
2025-10-07 12:32:36,941 - INFO - [INCR SYNC] dbo.Pizza_Items: row_count=5, sync_col=PizzaID, last_value=None
2025-10-07 12:32:36,982 - INFO - Schema 'localhost_Italian_Food' created/verified successfully
2025-10-07 12:32:36,991 - INFO - Last value is None for dbo.Pizza_Items, using hash-based deduplication
2025-10-07 12:32:37,003 - INFO - No new rows found for dbo.Pizza_Items
2025-10-07 12:32:37,192 - INFO - [INCR SYNC] sys.trace_xe_action_map: row_count=22, sync_col=None, last_value=None
2025-10-07 12:32:37,337 - INFO - [REQ] GET /sync-summary - 127.0.0.1
2025-10-07 12:32:37,338 - INFO - [DEBUG] Checking auth for /sync-summary - username=admin, role=admin, ip=127.0.0.1
2025-10-07 12:32:37,340 - INFO - [AUTH] Authenticated access: admin (admin) to /sync-summary
2025-10-07 12:32:37,341 - INFO - Cache hit for all_servers
2025-10-07 12:32:37,342 - INFO - [RESP] GET /sync-summary - 200
2025-10-07 12:32:37,344 - INFO - 127.0.0.1 - - [07/Oct/2025 12:32:37] "GET /sync-summary HTTP/1.1" 200 -
2025-10-07 12:32:37,381 - INFO - [INCR SYNC] sys.trace_xe_event_map: row_count=139, sync_col=None, last_value=None
2025-10-07 12:32:37,382 - INFO - === INCREMENTAL sync completed for Italian_Food, 4/4 tables processed ===
2025-10-07 12:32:37,383 - INFO - server1/Italian_Food: processed 4 tables
2025-10-07 12:32:37,385 - INFO - DATABASE START: server1/Mexican_Food
2025-10-07 12:32:37,386 - INFO - Cleaned up system table: localhost_Mexican_Food.sys_trace_xe_event_map
2025-10-07 12:32:37,387 - INFO - Cleaned up system table: localhost_Mexican_Food.sys_trace_xe_action_map
2025-10-07 12:32:37,389 - INFO - === Starting INCREMENTAL sync for database: Mexican_Food ===
2025-10-07 12:32:37,400 - INFO - [REQ] GET /sync_status/server1 - 127.0.0.1
2025-10-07 12:32:37,401 - INFO - [DEBUG] Checking auth for /sync_status/server1 - username=admin, role=admin, ip=127.0.0.1
2025-10-07 12:32:37,402 - INFO - [AUTH] Authenticated access: admin (admin) to /sync_status/server1
2025-10-07 12:32:37,452 - INFO - [RESP] GET /sync_status/server1 - 200
2025-10-07 12:32:37,453 - INFO - 127.0.0.1 - - [07/Oct/2025 12:32:37] "GET /sync_status/server1 HTTP/1.1" 200 -
2025-10-07 12:32:37,604 - INFO - [REQ] GET /sync-summary/quick.json - 127.0.0.1
2025-10-07 12:32:37,605 - INFO - [DEBUG] Checking auth for /sync-summary/quick.json - username=admin, role=admin, ip=127.0.0.1
2025-10-07 12:32:37,605 - INFO - [AUTH] Authenticated access: admin (admin) to /sync-summary/quick.json
2025-10-07 12:32:37,606 - INFO - Cache hit for all_servers
2025-10-07 12:32:37,607 - INFO - [RESP] GET /sync-summary/quick.json - 200
2025-10-07 12:32:37,608 - INFO - 127.0.0.1 - - [07/Oct/2025 12:32:37] "GET /sync-summary/quick.json HTTP/1.1" 200 -
2025-10-07 12:32:37,684 - INFO - [REQ] GET /static/actin-logo.png - 127.0.0.1
2025-10-07 12:32:37,685 - INFO - [RESP] GET /static/actin-logo.png - 304
2025-10-07 12:32:37,687 - INFO - 127.0.0.1 - - [07/Oct/2025 12:32:37] "[36mGET /static/actin-logo.png HTTP/1.1[0m" 304 -
2025-10-07 12:32:37,703 - INFO - [INCR SYNC] dbo.Burritos: row_count=5, sync_col=BurritoID, last_value=None
2025-10-07 12:32:37,837 - INFO - Schema 'localhost_Mexican_Food' created/verified successfully
2025-10-07 12:32:37,850 - INFO - Last value is None for dbo.Burritos, using hash-based deduplication
2025-10-07 12:32:37,863 - INFO - No new rows found for dbo.Burritos
2025-10-07 12:32:38,062 - INFO - [INCR SYNC] dbo.Tacos: row_count=5, sync_col=TacoID, last_value=None
2025-10-07 12:32:38,093 - INFO - Schema 'localhost_Mexican_Food' created/verified successfully
2025-10-07 12:32:38,102 - INFO - Last value is None for dbo.Tacos, using hash-based deduplication
2025-10-07 12:32:38,112 - INFO - No new rows found for dbo.Tacos
2025-10-07 12:32:38,300 - INFO - [INCR SYNC] sys.trace_xe_action_map: row_count=22, sync_col=None, last_value=None
2025-10-07 12:32:38,479 - INFO - [INCR SYNC] sys.trace_xe_event_map: row_count=139, sync_col=None, last_value=None
2025-10-07 12:32:38,481 - INFO - === INCREMENTAL sync completed for Mexican_Food, 4/4 tables processed ===
2025-10-07 12:32:38,484 - INFO - server1/Mexican_Food: processed 4 tables
2025-10-07 12:32:38,488 - INFO - Completed server1
2025-10-07 12:32:38,489 - INFO - [SYNC-ASYNC COMPLETE] Background sync completed for server1
2025-10-07 12:32:40,132 - INFO - [REQ] GET /view-schedules - 127.0.0.1
2025-10-07 12:32:40,134 - INFO - [DEBUG] Checking auth for /view-schedules - username=admin, role=admin, ip=127.0.0.1
2025-10-07 12:32:40,134 - INFO - [AUTH] Authenticated access: admin (admin) to /view-schedules
2025-10-07 12:32:40,170 - INFO - [RESP] GET /view-schedules - 200
2025-10-07 12:32:40,171 - INFO - 127.0.0.1 - - [07/Oct/2025 12:32:40] "GET /view-schedules HTTP/1.1" 200 -
2025-10-07 12:32:40,445 - INFO - [REQ] GET /api/job-statuses - 127.0.0.1
2025-10-07 12:32:40,447 - INFO - [DEBUG] Checking auth for /api/job-statuses - username=admin, role=admin, ip=127.0.0.1
2025-10-07 12:32:40,448 - INFO - [AUTH] Authenticated access: admin (admin) to /api/job-statuses
2025-10-07 12:32:40,449 - INFO - [RESP] GET /api/job-statuses - 404
2025-10-07 12:32:40,451 - INFO - 127.0.0.1 - - [07/Oct/2025 12:32:40] "[33mGET /api/job-statuses HTTP/1.1[0m" 404 -
2025-10-07 12:32:40,614 - INFO - [REQ] GET /static/actin-logo.png - 127.0.0.1
2025-10-07 12:32:40,616 - INFO - [RESP] GET /static/actin-logo.png - 304
2025-10-07 12:32:40,617 - INFO - 127.0.0.1 - - [07/Oct/2025 12:32:40] "[36mGET /static/actin-logo.png HTTP/1.1[0m" 304 -
2025-10-07 12:32:41,505 - INFO - [REQ] GET /dashboard - 127.0.0.1
2025-10-07 12:32:41,506 - INFO - [DEBUG] Checking auth for /dashboard - username=admin, role=admin, ip=127.0.0.1
2025-10-07 12:32:41,508 - INFO - [AUTH] Authenticated access: admin (admin) to /dashboard
2025-10-07 12:32:41,641 - INFO - [RESP] GET /dashboard - 200
2025-10-07 12:32:41,642 - INFO - 127.0.0.1 - - [07/Oct/2025 12:32:41] "GET /dashboard HTTP/1.1" 200 -
2025-10-07 12:32:41,737 - INFO - [REQ] GET /static/actin-logo.png - 127.0.0.1
2025-10-07 12:32:41,738 - INFO - [RESP] GET /static/actin-logo.png - 304
2025-10-07 12:32:41,739 - INFO - 127.0.0.1 - - [07/Oct/2025 12:32:41] "[36mGET /static/actin-logo.png HTTP/1.1[0m" 304 -
2025-10-07 12:32:46,800 - INFO - [REQ] GET /dashboard/data - 127.0.0.1
2025-10-07 12:32:46,801 - INFO - [DEBUG] Checking auth for /dashboard/data - username=admin, role=admin, ip=127.0.0.1
2025-10-07 12:32:46,802 - INFO - [AUTH] Authenticated access: admin (admin) to /dashboard/data
2025-10-07 12:32:46,886 - INFO - [RESP] GET /dashboard/data - 200
2025-10-07 12:32:46,887 - INFO - 127.0.0.1 - - [07/Oct/2025 12:32:46] "GET /dashboard/data HTTP/1.1" 200 -
2025-10-07 12:32:47,387 - INFO - [REQ] GET /sync-summary - 127.0.0.1
2025-10-07 12:32:47,389 - INFO - [DEBUG] Checking auth for /sync-summary - username=admin, role=admin, ip=127.0.0.1
2025-10-07 12:32:47,389 - INFO - [AUTH] Authenticated access: admin (admin) to /sync-summary
2025-10-07 12:32:47,390 - INFO - Cache hit for all_servers
2025-10-07 12:32:47,392 - INFO - [RESP] GET /sync-summary - 200
2025-10-07 12:32:47,393 - INFO - 127.0.0.1 - - [07/Oct/2025 12:32:47] "GET /sync-summary HTTP/1.1" 200 -
2025-10-07 12:32:47,411 - INFO - [REQ] GET /static/actin-logo.png - 127.0.0.1
2025-10-07 12:32:47,411 - INFO - [RESP] GET /static/actin-logo.png - 304
2025-10-07 12:32:47,413 - INFO - 127.0.0.1 - - [07/Oct/2025 12:32:47] "[36mGET /static/actin-logo.png HTTP/1.1[0m" 304 -
2025-10-07 12:32:47,653 - INFO - [REQ] GET /sync-summary/quick.json - 127.0.0.1
2025-10-07 12:32:47,654 - INFO - [DEBUG] Checking auth for /sync-summary/quick.json - username=admin, role=admin, ip=127.0.0.1
2025-10-07 12:32:47,654 - INFO - [AUTH] Authenticated access: admin (admin) to /sync-summary/quick.json
2025-10-07 12:32:47,656 - INFO - Cache hit for all_servers
2025-10-07 12:32:47,657 - INFO - [RESP] GET /sync-summary/quick.json - 200
2025-10-07 12:32:47,659 - INFO - 127.0.0.1 - - [07/Oct/2025 12:32:47] "GET /sync-summary/quick.json HTTP/1.1" 200 -
2025-10-07 12:32:49,801 - INFO - [REQ] GET /sync-summary - 127.0.0.1
2025-10-07 12:32:49,804 - INFO - [DEBUG] Checking auth for /sync-summary - username=admin, role=admin, ip=127.0.0.1
2025-10-07 12:32:49,805 - INFO - [AUTH] Authenticated access: admin (admin) to /sync-summary
2025-10-07 12:32:49,806 - INFO - Cache hit for all_servers
2025-10-07 12:32:49,807 - INFO - [RESP] GET /sync-summary - 200
2025-10-07 12:32:49,809 - INFO - 127.0.0.1 - - [07/Oct/2025 12:32:49] "GET /sync-summary HTTP/1.1" 200 -
2025-10-07 12:32:49,824 - INFO - [REQ] GET /static/actin-logo.png - 127.0.0.1
2025-10-07 12:32:49,825 - INFO - [RESP] GET /static/actin-logo.png - 304
2025-10-07 12:32:49,828 - INFO - 127.0.0.1 - - [07/Oct/2025 12:32:49] "[36mGET /static/actin-logo.png HTTP/1.1[0m" 304 -
2025-10-07 12:32:50,053 - INFO - [REQ] GET /sync-summary/quick.json - 127.0.0.1
2025-10-07 12:32:50,054 - INFO - [DEBUG] Checking auth for /sync-summary/quick.json - username=admin, role=admin, ip=127.0.0.1
2025-10-07 12:32:50,056 - INFO - [AUTH] Authenticated access: admin (admin) to /sync-summary/quick.json
2025-10-07 12:32:50,056 - INFO - Cache hit for all_servers
2025-10-07 12:32:50,056 - INFO - [RESP] GET /sync-summary/quick.json - 200
2025-10-07 12:32:50,058 - INFO - 127.0.0.1 - - [07/Oct/2025 12:32:50] "GET /sync-summary/quick.json HTTP/1.1" 200 -
2025-10-07 12:32:51,777 - INFO - [REQ] GET /sync-summary/server1 - 127.0.0.1
2025-10-07 12:32:51,778 - INFO - [DEBUG] Checking auth for /sync-summary/server1 - username=admin, role=admin, ip=127.0.0.1
2025-10-07 12:32:51,779 - INFO - [AUTH] Authenticated access: admin (admin) to /sync-summary/server1
2025-10-07 12:32:51,779 - INFO - Cache hit for individual:server1
2025-10-07 12:32:51,972 - INFO - [RESP] GET /sync-summary/server1 - 200
2025-10-07 12:32:51,973 - INFO - 127.0.0.1 - - [07/Oct/2025 12:32:51] "GET /sync-summary/server1 HTTP/1.1" 200 -
2025-10-07 12:32:51,991 - INFO - [REQ] GET /static/actin-logo.png - 127.0.0.1
2025-10-07 12:32:51,992 - INFO - [RESP] GET /static/actin-logo.png - 304
2025-10-07 12:32:51,992 - INFO - 127.0.0.1 - - [07/Oct/2025 12:32:51] "[36mGET /static/actin-logo.png HTTP/1.1[0m" 304 -
2025-10-07 12:32:54,120 - INFO - [REQ] GET /dashboard/data - 127.0.0.1
2025-10-07 12:32:54,120 - INFO - [DEBUG] Checking auth for /dashboard/data - username=admin, role=admin, ip=127.0.0.1
2025-10-07 12:32:54,120 - INFO - [AUTH] Authenticated access: admin (admin) to /dashboard/data
2025-10-07 12:32:54,192 - INFO - [RESP] GET /dashboard/data - 200
2025-10-07 12:32:54,192 - INFO - 127.0.0.1 - - [07/Oct/2025 12:32:54] "GET /dashboard/data HTTP/1.1" 200 -
2025-10-07 12:32:57,101 - INFO - [REQ] GET /dashboard/data - 127.0.0.1
2025-10-07 12:32:57,102 - INFO - [DEBUG] Checking auth for /dashboard/data - username=admin, role=admin, ip=127.0.0.1
2025-10-07 12:32:57,103 - INFO - [AUTH] Authenticated access: admin (admin) to /dashboard/data
2025-10-07 12:32:57,208 - INFO - [RESP] GET /dashboard/data - 200
2025-10-07 12:32:57,209 - INFO - 127.0.0.1 - - [07/Oct/2025 12:32:57] "GET /dashboard/data HTTP/1.1" 200 -
2025-10-07 12:32:57,542 - INFO - [REQ] GET / - 127.0.0.1
2025-10-07 12:32:57,543 - INFO - [DEBUG] Checking auth for / - username=admin, role=admin, ip=127.0.0.1
2025-10-07 12:32:57,543 - INFO - [AUTH] Authenticated access: admin (admin) to /
2025-10-07 12:32:57,544 - INFO - [HOME] Homepage accessed by user: admin
2025-10-07 12:32:57,546 - INFO - [INFO] Loaded 1 SQL servers for display
2025-10-07 12:32:57,547 - INFO - [RESP] GET / - 200
2025-10-07 12:32:57,549 - INFO - 127.0.0.1 - - [07/Oct/2025 12:32:57] "GET / HTTP/1.1" 200 -
2025-10-07 12:32:57,849 - INFO - [REQ] GET /static/actin-logo.png - 127.0.0.1
2025-10-07 12:32:57,851 - INFO - [RESP] GET /static/actin-logo.png - 304
2025-10-07 12:32:57,854 - INFO - 127.0.0.1 - - [07/Oct/2025 12:32:57] "[36mGET /static/actin-logo.png HTTP/1.1[0m" 304 -
2025-10-07 12:32:59,314 - INFO - [REQ] GET /sync-summary - 127.0.0.1
2025-10-07 12:32:59,315 - INFO - [DEBUG] Checking auth for /sync-summary - username=admin, role=admin, ip=127.0.0.1
2025-10-07 12:32:59,316 - INFO - [AUTH] Authenticated access: admin (admin) to /sync-summary
2025-10-07 12:32:59,316 - INFO - Cache hit for all_servers
2025-10-07 12:32:59,318 - INFO - [RESP] GET /sync-summary - 200
2025-10-07 12:32:59,319 - INFO - 127.0.0.1 - - [07/Oct/2025 12:32:59] "GET /sync-summary HTTP/1.1" 200 -
2025-10-07 12:32:59,544 - INFO - [REQ] GET /sync-summary/quick.json - 127.0.0.1
2025-10-07 12:32:59,545 - INFO - [DEBUG] Checking auth for /sync-summary/quick.json - username=admin, role=admin, ip=127.0.0.1
2025-10-07 12:32:59,546 - INFO - [AUTH] Authenticated access: admin (admin) to /sync-summary/quick.json
2025-10-07 12:32:59,546 - INFO - Cache hit for all_servers
2025-10-07 12:32:59,548 - INFO - [RESP] GET /sync-summary/quick.json - 200
2025-10-07 12:32:59,549 - INFO - 127.0.0.1 - - [07/Oct/2025 12:32:59] "GET /sync-summary/quick.json HTTP/1.1" 200 -
2025-10-07 12:32:59,552 - INFO - [REQ] GET /static/actin-logo.png - 127.0.0.1
2025-10-07 12:32:59,553 - INFO - [RESP] GET /static/actin-logo.png - 304
2025-10-07 12:32:59,553 - INFO - 127.0.0.1 - - [07/Oct/2025 12:32:59] "[36mGET /static/actin-logo.png HTTP/1.1[0m" 304 -
2025-10-07 12:33:00,419 - INFO - [REQ] GET /sync-summary/server1 - 127.0.0.1
2025-10-07 12:33:00,420 - INFO - [DEBUG] Checking auth for /sync-summary/server1 - username=admin, role=admin, ip=127.0.0.1
2025-10-07 12:33:00,421 - INFO - [AUTH] Authenticated access: admin (admin) to /sync-summary/server1
2025-10-07 12:33:00,421 - INFO - Cache expired for individual:server1
2025-10-07 12:33:00,525 - INFO - Cache expired for pgdb:test1
2025-10-07 12:33:00,689 - INFO - [RESP] GET /sync-summary/server1 - 200
2025-10-07 12:33:00,690 - INFO - 127.0.0.1 - - [07/Oct/2025 12:33:00] "GET /sync-summary/server1 HTTP/1.1" 200 -
2025-10-07 12:33:00,725 - INFO - [REQ] GET /static/actin-logo.png - 127.0.0.1
2025-10-07 12:33:00,727 - INFO - [RESP] GET /static/actin-logo.png - 304
2025-10-07 12:33:00,728 - INFO - 127.0.0.1 - - [07/Oct/2025 12:33:00] "[36mGET /static/actin-logo.png HTTP/1.1[0m" 304 -
2025-10-07 12:33:07,062 - INFO - [REQ] GET /sync-summary/server1 - 127.0.0.1
2025-10-07 12:33:07,063 - INFO - [DEBUG] Checking auth for /sync-summary/server1 - username=admin, role=admin, ip=127.0.0.1
2025-10-07 12:33:07,064 - INFO - [AUTH] Authenticated access: admin (admin) to /sync-summary/server1
2025-10-07 12:33:07,065 - INFO - Cache hit for individual:server1
2025-10-07 12:33:07,288 - INFO - [RESP] GET /sync-summary/server1 - 200
2025-10-07 12:33:07,290 - INFO - 127.0.0.1 - - [07/Oct/2025 12:33:07] "GET /sync-summary/server1 HTTP/1.1" 200 -
2025-10-07 12:33:07,306 - INFO - [REQ] GET /static/actin-logo.png - 127.0.0.1
2025-10-07 12:33:07,307 - INFO - [RESP] GET /static/actin-logo.png - 304
2025-10-07 12:33:07,308 - INFO - 127.0.0.1 - - [07/Oct/2025 12:33:07] "[36mGET /static/actin-logo.png HTTP/1.1[0m" 304 -
2025-10-07 12:33:27,197 - INFO - [REQ] GET / - 127.0.0.1
2025-10-07 12:33:27,198 - INFO - [DEBUG] Checking auth for / - username=admin, role=admin, ip=127.0.0.1
2025-10-07 12:33:27,198 - INFO - [AUTH] Authenticated access: admin (admin) to /
2025-10-07 12:33:27,198 - INFO - [HOME] Homepage accessed by user: admin
2025-10-07 12:33:27,200 - INFO - [INFO] Loaded 1 SQL servers for display
2025-10-07 12:33:27,201 - INFO - [RESP] GET / - 200
2025-10-07 12:33:27,201 - INFO - 127.0.0.1 - - [07/Oct/2025 12:33:27] "GET / HTTP/1.1" 200 -
2025-10-07 12:33:27,503 - INFO - [REQ] GET /static/actin-logo.png - 127.0.0.1
2025-10-07 12:33:27,506 - INFO - [RESP] GET /static/actin-logo.png - 304
2025-10-07 12:33:27,508 - INFO - 127.0.0.1 - - [07/Oct/2025 12:33:27] "[36mGET /static/actin-logo.png HTTP/1.1[0m" 304 -
2025-10-07 12:34:07,902 - INFO - [REQ] GET /server/server1 - 127.0.0.1
2025-10-07 12:34:07,905 - INFO - [DEBUG] Checking auth for /server/server1 - username=admin, role=admin, ip=127.0.0.1
2025-10-07 12:34:07,907 - INFO - [AUTH] Authenticated access: admin (admin) to /server/server1
2025-10-07 12:34:08,024 - INFO - [RESP] GET /server/server1 - 200
2025-10-07 12:34:08,025 - INFO - 127.0.0.1 - - [07/Oct/2025 12:34:08] "GET /server/server1 HTTP/1.1" 200 -
2025-10-07 12:34:08,134 - INFO - [REQ] GET /static/actin-logo.png - 127.0.0.1
2025-10-07 12:34:08,138 - INFO - [RESP] GET /static/actin-logo.png - 304
2025-10-07 12:34:08,140 - INFO - 127.0.0.1 - - [07/Oct/2025 12:34:08] "[36mGET /static/actin-logo.png HTTP/1.1[0m" 304 -
2025-10-07 12:34:11,780 - INFO - [REQ] GET /sync-summary - 127.0.0.1
2025-10-07 12:34:11,781 - INFO - [DEBUG] Checking auth for /sync-summary - username=admin, role=admin, ip=127.0.0.1
2025-10-07 12:34:11,781 - INFO - [AUTH] Authenticated access: admin (admin) to /sync-summary
2025-10-07 12:34:11,782 - INFO - Cache expired for all_servers
2025-10-07 12:34:11,784 - INFO - Cache expired for individual:server1
2025-10-07 12:34:11,989 - INFO - Cache expired for pgdb:test1
2025-10-07 12:34:12,045 - INFO - [RESP] GET /sync-summary - 200
2025-10-07 12:34:12,046 - INFO - 127.0.0.1 - - [07/Oct/2025 12:34:12] "GET /sync-summary HTTP/1.1" 200 -
2025-10-07 12:34:12,096 - INFO - [REQ] GET /static/actin-logo.png - 127.0.0.1
2025-10-07 12:34:12,097 - INFO - [RESP] GET /static/actin-logo.png - 304
2025-10-07 12:34:12,099 - INFO - 127.0.0.1 - - [07/Oct/2025 12:34:12] "[36mGET /static/actin-logo.png HTTP/1.1[0m" 304 -
2025-10-07 12:34:12,516 - INFO - [REQ] GET /sync-summary/quick.json - 127.0.0.1
2025-10-07 12:34:12,517 - INFO - [DEBUG] Checking auth for /sync-summary/quick.json - username=admin, role=admin, ip=127.0.0.1
2025-10-07 12:34:12,517 - INFO - [AUTH] Authenticated access: admin (admin) to /sync-summary/quick.json
2025-10-07 12:34:12,518 - INFO - Cache hit for all_servers
2025-10-07 12:34:12,519 - INFO - [RESP] GET /sync-summary/quick.json - 200
2025-10-07 12:34:12,520 - INFO - 127.0.0.1 - - [07/Oct/2025 12:34:12] "GET /sync-summary/quick.json HTTP/1.1" 200 -
